/*
Navicat MySQL Data Transfer

Source Server         : 111
Source Server Version : 80028
Source Host           : localhost:3306
Source Database       : authbase

Target Server Type    : MYSQL
Target Server Version : 80028
File Encoding         : 65001

Date: 2023-11-06 18:32:03
*/

SET FOREIGN_KEY_CHECKS=0;

-- ----------------------------
-- Table structure for appparams
-- ----------------------------
DROP TABLE IF EXISTS `appparams`;
CREATE TABLE `appparams` (
  `id` int NOT NULL AUTO_INCREMENT,
  `params` varchar(500) NOT NULL,
  `result` varchar(255) NOT NULL,
  `app_id` int NOT NULL,
  PRIMARY KEY (`id`),
  KEY `app_id` (`app_id`),
  CONSTRAINT `appparams_ibfk_1` FOREIGN KEY (`app_id`) REFERENCES `model_application` (`id`)
) ENGINE=InnoDB AUTO_INCREMENT=37 DEFAULT CHARSET=utf8mb4 COLLATE=utf8mb4_0900_ai_ci;

-- ----------------------------
-- Records of appparams
-- ----------------------------
INSERT INTO `appparams` VALUES ('30', '{\'input_size\': \'12\', \'output_size\': \'1\', \'hidden_size\': \'100\', \'num_layers\': \'3\', \'learning_rate\': \'0.01\', \'batch_size\': \'32\', \'epochs\': \'100\'}', 'hpfOZ', '1');
INSERT INTO `appparams` VALUES ('31', '{\'input_size\': \'12\', \'output_size\': \'1\', \'hidden_size\': \'100\', \'num_layers\': \'3\', \'learning_rate\': \'0.01\', \'batch_size\': \'32\', \'epochs\': \'100\'}', 'xttok', '1');
INSERT INTO `appparams` VALUES ('32', '{\'input_size\': \'12\', \'output_size\': \'1\', \'hidden_size\': \'10\', \'num_layers\': \'3\', \'learning_rate\': \'0.01\', \'batch_size\': \'32\', \'epochs\': \'100\'}', '5rwIO', '1');
INSERT INTO `appparams` VALUES ('33', '{\'input_size\': \'12\', \'output_size\': \'1\', \'hidden_size\': \'10\', \'num_layers\': \'3\', \'learning_rate\': \'0.01\', \'batch_size\': \'32\', \'epochs\': \'100\'}', '54khb', '1');
INSERT INTO `appparams` VALUES ('34', '{\'input_size\': \'12\', \'output_size\': \'1\', \'hidden_size\': \'10\', \'num_layers\': \'3\', \'learning_rate\': \'0.01\', \'batch_size\': \'32\', \'epochs\': \'100\'}', '2yfm9', '1');
INSERT INTO `appparams` VALUES ('35', '{\'input_size\': \'12\', \'output_size\': \'1\', \'hidden_size\': \'10\', \'num_layers\': \'3\', \'learning_rate\': \'0.01\', \'batch_size\': \'32\', \'epochs\': \'10\'}', 'nuubZ', '1');
INSERT INTO `appparams` VALUES ('36', '{\'input_size\': \'12\', \'output_size\': \'1\', \'hidden_size\': \'10\', \'num_layers\': \'3\', \'learning_rate\': \'0.01\', \'batch_size\': \'32\', \'epochs\': \'10\'}', 'zwm7t', '1');

-- ----------------------------
-- Table structure for csv_file
-- ----------------------------
DROP TABLE IF EXISTS `csv_file`;
CREATE TABLE `csv_file` (
  `id` int NOT NULL AUTO_INCREMENT,
  `file_name` varchar(255) NOT NULL,
  `file_path` varchar(255) NOT NULL,
  `upload_time` datetime DEFAULT NULL,
  PRIMARY KEY (`id`)
) ENGINE=InnoDB AUTO_INCREMENT=3 DEFAULT CHARSET=utf8mb4 COLLATE=utf8mb4_0900_ai_ci;

-- ----------------------------
-- Records of csv_file
-- ----------------------------
INSERT INTO `csv_file` VALUES ('1', 'score.csv', '111', '2023-10-26 16:41:18');
INSERT INTO `csv_file` VALUES ('2', 'data.csv', '222', '2023-10-26 16:41:34');

-- ----------------------------
-- Table structure for in_out
-- ----------------------------
DROP TABLE IF EXISTS `in_out`;
CREATE TABLE `in_out` (
  `id` int NOT NULL AUTO_INCREMENT,
  `name` varchar(255) NOT NULL,
  `file_path` varchar(255) NOT NULL,
  `input` varchar(255) NOT NULL,
  `output` varchar(255) NOT NULL,
  `model_id` int NOT NULL,
  PRIMARY KEY (`id`),
  KEY `model_id` (`model_id`),
  CONSTRAINT `in_out_ibfk_1` FOREIGN KEY (`model_id`) REFERENCES `csv_file` (`id`)
) ENGINE=InnoDB AUTO_INCREMENT=5 DEFAULT CHARSET=utf8mb4 COLLATE=utf8mb4_0900_ai_ci;

-- ----------------------------
-- Records of in_out
-- ----------------------------
INSERT INTO `in_out` VALUES ('1', 'test1', '111', '1,2', '1', '1');
INSERT INTO `in_out` VALUES ('2', 'test2', '222', '3,4', '5', '1');
INSERT INTO `in_out` VALUES ('3', 'test3', '444', '1,2,3,4', '5', '2');
INSERT INTO `in_out` VALUES ('4', 'test4', '555', '2,3,4', '5', '2');

-- ----------------------------
-- Table structure for model_application
-- ----------------------------
DROP TABLE IF EXISTS `model_application`;
CREATE TABLE `model_application` (
  `id` int NOT NULL AUTO_INCREMENT,
  `model_name` varchar(100) NOT NULL,
  `model_description` text NOT NULL,
  `dataset` varchar(100) NOT NULL,
  `params` varchar(500) NOT NULL,
  `network_id` int NOT NULL,
  PRIMARY KEY (`id`),
  KEY `network_id` (`network_id`),
  CONSTRAINT `model_application_ibfk_1` FOREIGN KEY (`network_id`) REFERENCES `network` (`id`)
) ENGINE=InnoDB AUTO_INCREMENT=50 DEFAULT CHARSET=utf8mb4 COLLATE=utf8mb4_0900_ai_ci;

-- ----------------------------
-- Records of model_application
-- ----------------------------
INSERT INTO `model_application` VALUES ('1', 'nb', '11111111', 'data.csv', '{\'input_size\': \'12\', \'output_size\': \'1\', \'hidden_size\': \'10\', \'num_layers\': \'3\', \'learning_rate\': \'0.01\', \'batch_size\': \'32\', \'epochs\': \'10\'}', '1');
INSERT INTO `model_application` VALUES ('2', '信号分解', '1152345', 'signal.csv', '{\'alpha\':\'2000\', \'tau\':\'0\',\'K\':\'3\',\'DC\':\'0\',\'init\':\'1\',\'tol\': 1e-7}', '21');
INSERT INTO `model_application` VALUES ('37', 'CNN', 'chenhai', 'test2', '{\'input_size\': \'22\', \'output_size\': \'44\', \'hidden_size\': \'1\', \'num_layers\': \'3\'}', '2');
INSERT INTO `model_application` VALUES ('45', 'CNN', 'chenhai', 'test2', '{\'input_size\': \'1\', \'output_size\': \'1\', \'hidden_size\': \'10\', \'num_layers\': \'1\'}', '2');
INSERT INTO `model_application` VALUES ('46', 'CNN', 'chenhai', 'test2', '{\'input_size\': \'2\', \'output_size\': \'4\', \'hidden_size\': \'1\', \'num_layers\': \'3\'}', '2');
INSERT INTO `model_application` VALUES ('49', 'CNN', 'chenhai', 'test2', '{\'input_size\': \'10\', \'output_size\': \'10\', \'hidden_size\': \'10\', \'num_layers\': \'10\'}', '2');

-- ----------------------------
-- Table structure for netcat
-- ----------------------------
DROP TABLE IF EXISTS `netcat`;
CREATE TABLE `netcat` (
  `id` int NOT NULL AUTO_INCREMENT,
  `name` varchar(100) NOT NULL,
  PRIMARY KEY (`id`)
) ENGINE=InnoDB AUTO_INCREMENT=7 DEFAULT CHARSET=utf8mb4 COLLATE=utf8mb4_0900_ai_ci;

-- ----------------------------
-- Records of netcat
-- ----------------------------
INSERT INTO `netcat` VALUES ('1', '信号处理');
INSERT INTO `netcat` VALUES ('2', '聚类');
INSERT INTO `netcat` VALUES ('3', '分类');
INSERT INTO `netcat` VALUES ('4', '回归');
INSERT INTO `netcat` VALUES ('5', '优化');
INSERT INTO `netcat` VALUES ('6', '异常点');

-- ----------------------------
-- Table structure for network
-- ----------------------------
DROP TABLE IF EXISTS `network`;
CREATE TABLE `network` (
  `id` int NOT NULL AUTO_INCREMENT,
  `name` varchar(100) NOT NULL,
  `path` varchar(255) NOT NULL,
  `network_params` varchar(500) NOT NULL,
  `category_id` int NOT NULL,
  `is_deep` int DEFAULT NULL,
  PRIMARY KEY (`id`),
  KEY `category_id` (`category_id`),
  CONSTRAINT `network_ibfk_1` FOREIGN KEY (`category_id`) REFERENCES `netcat` (`id`)
) ENGINE=InnoDB AUTO_INCREMENT=30 DEFAULT CHARSET=utf8mb4 COLLATE=utf8mb4_0900_ai_ci;

-- ----------------------------
-- Records of network
-- ----------------------------
INSERT INTO `network` VALUES ('1', 'mlp', 'model_and_data/models\\mlp.py', '{\'input_size\': \'输入大小\', \'output_size\': \'输出大小\', \'hidden_size\': \'隐藏层大小\', \'num_layers\': \'隐藏层层数\', \'learning_rate\': \'学习率大小\', \'batch_size\': \'批大小\', \'epochs\': \'多少轮\'}', '4', '1');
INSERT INTO `network` VALUES ('2', 'mlp', 'model_and_data/models\\mlp.py', '{\'input_size\': \'输入大小\', \'output_size\': \'输出大小\', \'hidden_size\': \'隐藏层大小\', \'num_layers\': \'隐藏层层数\'}', '4', '1');
INSERT INTO `network` VALUES ('21', 'vmds', 'model_and_data/models\\vmds.py', '{\'alpha\': \'数据保真度约束的平衡参数\', \'K\': \'要分解模态的数量\', \'tau\': \'噪声容量\', \'DC\': \'合成的信号\', \'init\': \'初始化值\', \'tol\': \'收敛准则的容忍度\'}', '1', '0');
INSERT INTO `network` VALUES ('22', 'mlp11', 'model_and_data/models\\化工安全案例问答系统架构.doc', '{\'input_size\': \'输入大小\', \'batch_size\': \'批\', \'epoch\': \'伦茨\'}', '1', '0');
INSERT INTO `network` VALUES ('28', '1', 'D:/Users/601backedge/app/model_and_data/models\\output1.json', '{\'1\': \'2\'}', '1', '0');
INSERT INTO `network` VALUES ('29', '1', 'D:/Users/601backedge/app/model_and_data/models\\output1.json', '{\'111\': \'111\'}', '1', '0');

-- ----------------------------
-- Table structure for sample_set
-- ----------------------------
DROP TABLE IF EXISTS `sample_set`;
CREATE TABLE `sample_set` (
  `id` int NOT NULL AUTO_INCREMENT,
  `name` varchar(255) CHARACTER SET utf8 COLLATE utf8_general_ci NOT NULL,
  `description` text CHARACTER SET utf8 COLLATE utf8_general_ci,
  `data` text CHARACTER SET utf8 COLLATE utf8_general_ci NOT NULL,
  `create_time` datetime DEFAULT CURRENT_TIMESTAMP,
  `update_time` datetime DEFAULT CURRENT_TIMESTAMP ON UPDATE CURRENT_TIMESTAMP,
  `create_user` bigint DEFAULT NULL,
  `update_user` bigint DEFAULT NULL,
  `status` int NOT NULL DEFAULT '0',
  PRIMARY KEY (`id`) USING BTREE
) ENGINE=InnoDB AUTO_INCREMENT=46 DEFAULT CHARSET=utf8mb3 ROW_FORMAT=DYNAMIC;

-- ----------------------------
-- Records of sample_set
-- ----------------------------
INSERT INTO `sample_set` VALUES ('21', 'new Name[I@65f6d855', 'new description[I@65f6d855', 'value\r\n9.5\r\n9.2\r\n9.6\r\n9.8\r\n9.4\r\n9.6\r\n9.7\r\n9.6\r\n9.8\r\n9.9\r\n9.6\r\n9.8\r\n9.7\r\n9.9\r\n9.6\r\n9.8\r\n9.6\r\n10.1\r\n9.8\r\n9.7\r\n10.1\r\n9.8\r\n9.7\r\n9.7\r\n9.7\r\n9.9\r\n9.7\r\n10\r\n9.9\r\n10\r\n9.5\r\n9.8\r\n9.6\r\n9.8\r\n9.7\r\n9.9\r\n9.8\r\n10\r\n9.5\r\n9.8\r\n9.5\r\n9.7\r\n9.5\r\n9.7\r\n9.7\r\n9.3\r\n9.5\r\n9.8\r\n9.7\r\n9.7\r\n9.9\r\n9.5\r\n9.8\r\n9.3\r\n9.9\r\n9.7\r\n9.7\r\n9.5\r\n9.2\r\n9.6\r\n9.3\r\n9.3\r\n9.7\r\n9.9\r\n9.4\r\n9.6\r\n9.9\r\n9.8\r\n9.8\r\n9.8\r\n9.9\r\n9.8\r\n9.9\r\n9.8\r\n9.9\r\n9.8\r\n10\r\n9.9\r\n10\r\n9.7\r\n9.8\r\n9.8\r\n9.9\r\n9.9\r\n9.7\r\n9.6\r\n10.1\r\n9.7\r\n9.8\r\n9.9\r\n9.8\r\n9.6\r\n9.8\r\n10.1\r\n10.1\r\n9.8\r\n9.8\r\n9.8\r\n9.8\r\n9.6\r\n9.6\r\n9.2\r\n9.5\r\n9.5\r\n9.5\r\n9.6\r\n9.8\r\n9.7\r\n9.7\r\n9.5\r\n9.4\r\n9.4\r\n9.8\r\n9.6\r\n9.9\r\n9.6\r\n9.6\r\n9.4\r\n9.3\r\n8.5\r\n9.9\r\n9.8\r\n9.5\r\n9.6\r\n9.7\r\n9.7\r\n9.9\r\n9.8\r\n9.7\r\n9.8\r\n10\r\n9.9\r\n9.8\r\n9.9\r\n10\r\n9.7\r\n9.7\r\n9.6\r\n9.9\r\n9.7\r\n9.9\r\n9.6\r\n9.7\r\n9.6\r\n9.5\r\n9\r\n8.4\r\n10.6\r\n10.9\r\n10\r\n10.3\r\n10.2\r\n9.6\r\n9.6\r\n10.2\r\n9.8\r\n10\r\n9.7\r\n10.2\r\n9.6\r\n9.7\r\n9.8\r\n10\r\n9.7\r\n10.5\r\n10.3\r\n10.1\r\n9.9\r\n9.8\r\n9.8\r\n9.8\r\n9.9\r\n10.7\r\n10.4\r\n10.5\r\n10\r\n10.7\r\n9.7\r\n9.8\r\n9.8\r\n11\r\n11\r\n10.8\r\n10.8\r\n9.7\r\n9.7\r\n10.2\r\n9.7\r\n10\r\n9.8\r\n10\r\n9.8\r\n10.8\r\n9.4\r\n10.4\r\n9.8\r\n9.8\r\n10.2\r\n10\r\n9.7\r\n10\r\n9.7\r\n10.5\r\n9.9\r\n9.9\r\n9.7\r\n9.7\r\n10.9\r\n10.8\r\n10.2\r\n10.4\r\n9.8\r\n10.1\r\n10\r\n10.2\r\n10\r\n10.4\r\n9.9\r\n9.8\r\n9.9\r\n10.3\r\n10\r\n10.1\r\n10.1\r\n10.3\r\n9.6\r\n10\r\n10\r\n9.7\r\n9.8\r\n9.8\r\n9.8\r\n10\r\n9.6\r\n10\r\n9.7\r\n9.9\r\n9.8\r\n9.7\r\n9.7\r\n9.7\r\n10\r\n10\r\n9.8\r\n10\r\n9.8\r\n9.9\r\n9.8\r\n9.5\r\n9.7\r\n9.8\r\n9.6\r\n9.9\r\n9.7\r\n10\r\n9.8\r\n9.8\r\n10\r\n9.8\r\n10.1\r\n9.9\r\n10.1\r\n10.2\r\n9.9\r\n11.5\r\n10.8\r\n11.5\r\n10.6\r\n10.2\r\n10.4\r\n10.5\r\n10.2\r\n10.1\r\n10.4\r\n10.2\r\n10\r\n10.4\r\n9.2\r\n9.8\r\n9.8\r\n10.3\r\n10.1\r\n10.9\r\n11\r\n11\r\n10\r\n10.6\r\n10.1\r\n10.1\r\n9.9\r\n11\r\n11\r\n11\r\n10.7\r\n9.3\r\n10.1\r\n10.3\r\n10.1\r\n11\r\n10.8\r\n10.6\r\n10.4\r\n9.9\r\n10\r\n10\r\n10.2\r\n11\r\n10.8\r\n10.6\r\n9.9\r\n10.6\r\n9.9\r\n9.9\r\n10.8\r\n10.8\r\n10.1\r\n10.1\r\n9.7\r\n10.1\r\n9.7\r\n9.7\r\n9.7\r\n9.7\r\n10.1\r\n9.7\r\n10.1\r\n10.8\r\n10.1\r\n10.8\r\n10.8\r\n10\r\n10\r\n10\r\n10\r\n10\r\n10\r\n10\r\n9.6\r\n10\r\n9.6\r\n10.4\r\n9.6\r\n10.4\r\n9.8\r\n10.4\r\n9.8\r\n9.8\r\n10.3\r\n10.3\r\n10.3\r\n10.3\r\n9.9\r\n10.3\r\n9.9\r\n10\r\n9.9\r\n10\r\n10\r\n10\r\n10\r\n10.1\r\n10\r\n10.1\r\n10.1\r\n10\r\n10\r\n10\r\n10\r\n9.9\r\n10\r\n9.9\r\n9.7\r\n9.9\r\n9.7\r\n9.9\r\n9.7\r\n9.9\r\n10.1\r\n9.9\r\n10.1\r\n10.1\r\n9.9\r\n9.9\r\n10\r\n10\r\n10\r\n10\r\n10\r\n9.8\r\n10\r\n9.8\r\n9.8\r\n9.8\r\n9.8\r\n10\r\n9.8\r\n10\r\n10\r\n10.2\r\n10.2\r\n10.2\r\n10.2\r\n10.2\r\n10.2\r\n10.2\r\n10\r\n10.2\r\n10\r\n10\r\n10\r\n10\r\n10.1\r\n10\r\n10.1\r\n10.1\r\n9.8\r\n9.8\r\n10\r\n10\r\n9.8\r\n10\r\n9.8\r\n9.8\r\n9.8\r\n9.8\r\n10.1\r\n9.8\r\n10.1\r\n10.2\r\n10.1\r\n10.2\r\n10.2\r\n10.2\r\n10.2\r\n10\r\n10\r\n9.8\r\n10\r\n9.8\r\n9.5\r\n9.8\r\n9.5\r\n9.6\r\n9.5\r\n9.6\r\n9.6\r\n9.6\r\n9.6\r\n9.6\r\n9.7\r\n9.7\r\n9.7\r\n9.7\r\n9.5\r\n9.7\r\n9.5\r\n9.7\r\n9.5\r\n9.7\r\n9.8\r\n9.7\r\n9.8\r\n9.7\r\n9.8\r\n9.7\r\n9.7\r\n9.5\r\n9.5\r\n9.9\r\n9.9\r\n9.9\r\n9.9\r\n9.9\r\n10\r\n9.9\r\n10\r\n10.1\r\n10\r\n10.1\r\n9.9\r\n10.1\r\n9.9\r\n9.9\r\n10\r\n10\r\n9.9\r\n9.9\r\n9.9\r\n9.9\r\n9.9\r\n10\r\n9.9\r\n10\r\n10.2\r\n10\r\n10.2\r\n9.8\r\n10.2\r\n9.8\r\n9.8\r\n9.6\r\n9.6\r\n9.7\r\n9.7\r\n9.6\r\n9.7\r\n9.6\r\n9.8\r\n9.6\r\n9.8\r\n9.6\r\n9.8\r\n9.6\r\n10\r\n9.6\r\n10\r\n10\r\n9.7\r\n9.7\r\n9.9\r\n9.9\r\n9.6\r\n9.9\r\n9.6\r\n9.6\r\n9.6\r\n9.6\r\n9.9\r\n9.6\r\n9.9\r\n9.8\r\n9.9\r\n9.8\r\n9.7\r\n9.8\r\n9.7\r\n9.7\r\n9.8\r\n9.8\r\n9.9\r\n9.8\r\n9.9\r\n10.2\r\n9.9\r\n10.2\r\n10.2\r\n10.2\r\n10.2\r\n9.9\r\n10.2\r\n9.9\r\n9.9\r\n10\r\n10\r\n10\r\n10\r\n10.1\r\n10\r\n10.1\r\n9.8\r\n10.1\r\n9.8\r\n9.9\r\n9.8\r\n9.9\r\n9.9\r\n9.9\r\n9.9\r\n9.9\r\n9.3\r\n9.3\r\n9.9\r\n9.9\r\n9.7\r\n9.9\r\n9.7\r\n9.9\r\n9.7\r\n9.9\r\n9.3\r\n9.9\r\n9.3\r\n9.4\r\n9.3\r\n9.4\r\n9.4\r\n9.7\r\n9.7\r\n9.2\r\n9.2\r\n9.7\r\n9.2\r\n9.7\r\n9.2\r\n9.7\r\n9.2\r\n9.9\r\n9.2\r\n9.9\r\n9.6\r\n9.9\r\n9.6\r\n9.6\r\n9\r\n9\r\n9.3\r\n9.3\r\n9.7\r\n9.3\r\n9.7\r\n9.6\r\n9.7\r\n9.6\r\n9.4\r\n9.6\r\n9.4\r\n9.4\r\n9.4\r\n9.4\r\n9.4\r\n9\r\n9\r\n10.2\r\n10.2\r\n9.3\r\n10.2\r\n9.3\r\n9.1\r\n9.3\r\n9.1\r\n9\r\n9.1\r\n9\r\n9.7\r\n9\r\n9.7\r\n9.7\r\n9.4\r\n9.4\r\n9.5\r\n9.5\r\n9.4\r\n9.5\r\n9.4\r\n9.3\r\n9.4\r\n9.3\r\n9.5\r\n9.3\r\n9.5\r\n9.8\r\n9.5\r\n9.8\r\n9.8\r\n10\r\n10\r\n9.4\r\n9.4\r\n9.4\r\n9.4\r\n9.4\r\n9.3\r\n9.4\r\n9.3\r\n9.6\r\n9.3\r\n9.6\r\n9.3\r\n9.6\r\n9.3\r\n9.3\r\n9.4\r\n9.4\r\n9\r\n9\r\n9.2\r\n9\r\n9.2\r\n9\r\n9.2\r\n9\r\n10.2\r\n9\r\n10.2\r\n9.7\r\n10.2\r\n9.7\r\n9.7\r\n9.4\r\n9.4\r\n9.9\r\n9.9\r\n9.9\r\n9.9\r\n9.9\r\n9.9\r\n9.9\r\n9.9\r\n9.6\r\n9.9\r\n9.6\r\n9.9\r\n9.6\r\n9.9\r\n9.9\r\n9.2\r\n9.2\r\n9.2\r\n9.2\r\n9.2\r\n9.2\r\n9.2\r\n9\r\n9.2\r\n9\r\n9\r\n9\r\n9\r\n9.4\r\n9\r\n9.4\r\n9.4\r\n9.4\r\n9.4\r\n9\r\n9\r\n9\r\n9\r\n9\r\n9\r\n9\r\n9\r\n9.7\r\n9\r\n9.7\r\n9\r\n9.7\r\n9\r\n9\r\n10.1\r\n10.1\r\n9.2\r\n9.2\r\n10.6\r\n9.2\r\n10.6\r\n9.3\r\n10.6\r\n9.3\r\n9\r\n9.3\r\n9\r\n9.5\r\n9.5\r\n9.5\r\n9.5\r\n9.5\r\n9.5\r\n10.1\r\n10.1\r\n10.4\r\n10.1\r\n10.4\r\n10.2\r\n10.4\r\n10.2\r\n11\r\n10.2\r\n11\r\n9.9\r\n11\r\n9.9\r\n9.9\r\n9\r\n9\r\n10.4\r\n10.4\r\n10.4\r\n10.4\r\n10.4\r\n11\r\n10.4\r\n11\r\n9.9\r\n11\r\n9.9\r\n10.4\r\n9.9\r\n10.4\r\n10.4\r\n10.5\r\n10.5\r\n9\r\n9\r\n10.4\r\n9\r\n10.4\r\n9.8\r\n10.4\r\n9.8\r\n11\r\n9.8\r\n11\r\n9.1\r\n11\r\n9.1\r\n9.1\r\n10.4\r\n10.4\r\n10.4\r\n10.4\r\n11\r\n10.4\r\n11\r\n10.9\r\n11\r\n10.9\r\n10.1\r\n10.9\r\n10.1\r\n10.3\r\n10.1\r\n10.3\r\n10.3\r\n10.6\r\n10.6\r\n10.5\r\n10.5\r\n10\r\n10.5\r\n10\r\n9.6\r\n10\r\n9.6\r\n9.9\r\n9.6\r\n9.9\r\n10.4\r\n9.9\r\n10.4\r\n10.4\r\n11\r\n11\r\n10.8\r\n10.8\r\n10.8\r\n10.8\r\n10.8\r\n10.6\r\n10.8\r\n10.6\r\n10.6\r\n10.6\r\n10.6\r\n10.6\r\n10.6\r\n10.6\r\n10.6\r\n10.5\r\n10.5\r\n9\r\n9\r\n9.8\r\n9\r\n9.8\r\n10\r\n9.8\r\n10\r\n9.8\r\n10\r\n9.8\r\n10.3\r\n9.8\r\n10.3\r\n10.3\r\n10.7\r\n10.7\r\n10.4\r\n10.4\r\n10\r\n10.4\r\n10\r\n9.4\r\n10\r\n9.4\r\n9.7\r\n9.4\r\n9.7\r\n9.3\r\n9.7\r\n9.3\r\n9.3\r\n10.7\r\n10.7\r\n11\r\n11\r\n10.8\r\n11\r\n10.8\r\n10.7\r\n10.8\r\n10.7\r\n9.7\r\n10.7\r\n9.7\r\n10.2\r\n9.7\r\n10.2\r\n10.2\r\n10.2\r\n10.2\r\n9.8\r\n9.8\r\n10.4\r\n9.8\r\n10.4\r\n10.4\r\n10.4\r\n10.4\r\n9.4\r\n10.4\r\n9.4\r\n10\r\n9.4\r\n10\r\n10\r\n9.4\r\n9.4\r\n9.4\r\n9.4\r\n9\r\n9.4\r\n9\r\n10.9\r\n9\r\n10.9\r\n10.4\r\n10.9\r\n10.4\r\n9\r\n10.4\r\n9\r\n9\r\n11\r\n11\r\n9.8\r\n9.8\r\n10.2\r\n9.8\r\n10.2\r\n10.7\r\n10.2\r\n10.7\r\n10.1\r\n10.7\r\n10.1\r\n9.2\r\n10.1\r\n9.2\r\n9.2\r\n9.8\r\n9.8\r\n10.4\r\n10.4\r\n9.7\r\n10.4\r\n9.7\r\n9\r\n9.7\r\n9\r\n11\r\n9\r\n11\r\n11\r\n11\r\n11\r\n11\r\n11\r\n11\r\n10.7\r\n10.7\r\n11\r\n10.7\r\n11\r\n11\r\n11\r\n11\r\n11\r\n11\r\n11\r\n10.8\r\n11\r\n10.8\r\n10.8\r\n11\r\n11\r\n10.8\r\n10.8\r\n9.8\r\n10.8\r\n9.8\r\n10.5\r\n9.8\r\n10.5\r\n10\r\n10.5\r\n10\r\n10.2\r\n10\r\n10.2\r\n10.2\r\n9.9\r\n9.9\r\n9\r\n9\r\n10.2\r\n9\r\n10.2\r\n10\r\n10.2\r\n10\r\n10.9\r\n10\r\n10.9\r\n10.4\r\n10.9\r\n10.4\r\n10.4\r\n10.2\r\n10.2\r\n9.9\r', '2023-09-13 21:06:18', '2023-09-13 21:06:18', '1', '1', '0');
INSERT INTO `sample_set` VALUES ('22', 'new Name[I@6a37628b', 'new description[I@6a37628b', 'collect_time\r\n2020-04-30 17:00:00\r\n2020-05-01 07:00:00\r\n2020-05-01 17:00:00\r\n2020-05-02 07:00:00\r\n2020-05-02 17:00:00\r\n2020-05-03 07:00:00\r\n2020-05-03 17:00:00\r\n2020-05-04 07:00:00\r\n2020-05-04 17:00:00\r\n2020-05-05 07:00:00\r\n2020-05-05 17:00:00\r\n2020-05-06 07:00:00\r\n2020-05-06 17:00:00\r\n2020-05-07 07:00:00\r\n2020-05-07 17:00:00\r\n2020-05-08 07:00:00\r\n2020-05-08 17:00:00\r\n2020-05-09 07:00:00\r\n2020-05-09 17:00:00\r\n2020-05-10 07:00:00\r\n2020-05-10 17:00:00\r\n2020-05-11 07:00:00\r\n2020-05-11 17:00:00\r\n2020-05-12 07:00:00\r\n2020-05-12 17:00:00\r\n2020-05-13 07:00:00\r\n2020-05-13 17:00:00\r\n2020-05-14 07:00:00\r\n2020-05-14 17:00:00\r\n2020-05-15 07:00:00\r\n2020-05-15 17:00:00\r\n2020-05-16 07:00:00\r\n2020-05-16 17:00:00\r\n2020-05-17 07:00:00\r\n2020-05-17 17:00:00\r\n2020-05-18 07:00:00\r\n2020-05-18 17:00:00\r\n2020-05-19 07:00:00\r\n2020-05-19 17:00:00\r\n2020-05-20 07:00:00\r\n2020-05-20 17:00:00\r\n2020-05-21 07:00:00\r\n2020-05-21 17:00:00\r\n2020-05-22 07:00:00\r\n2020-05-22 07:00:00\r\n2020-05-23 17:00:00\r\n2020-05-24 07:00:00\r\n2020-05-24 17:00:00\r\n2020-05-25 07:00:00\r\n2020-05-25 17:00:00\r\n2020-05-26 07:00:00\r\n2020-05-26 17:00:00\r\n2020-05-27 07:00:00\r\n2020-05-27 17:00:00\r\n2020-05-28 07:00:00\r\n2020-05-28 17:00:00\r\n2020-05-29 07:00:00\r\n2020-05-29 17:00:00\r\n2020-05-30 07:00:00\r\n2020-05-30 17:00:00\r\n2020-05-31 07:00:00\r\n2020-05-31 17:00:00\r\n2020-06-01 07:00:00\r\n2020-06-01 17:00:00\r\n2020-06-02 07:00:00\r\n2020-06-02 17:00:00\r\n2020-06-03 07:00:00\r\n2020-06-03 17:00:00\r\n2020-06-04 07:00:00\r\n2020-06-04 17:00:00\r\n2020-06-05 07:00:00\r\n2020-06-05 17:00:00\r\n2020-06-06 07:00:00\r\n2020-06-06 17:00:00\r\n2020-06-07 07:00:00\r\n2020-06-07 17:00:00\r\n2020-06-08 07:00:00\r\n2020-06-08 17:00:00\r\n2020-06-09 07:00:00\r\n2020-06-09 17:00:00\r\n2020-06-10 07:00:00\r\n2020-06-10 17:00:00\r\n2020-06-11 07:00:00\r\n2020-06-11 17:00:00\r\n2020-06-12 07:00:00\r\n2020-06-12 17:00:00\r\n2020-06-13 07:00:00\r\n2020-06-13 17:00:00\r\n2020-06-14 07:00:00\r\n2020-06-14 17:00:00\r\n2020-06-15 07:00:00\r\n2020-06-15 17:00:00\r\n2020-06-16 07:00:00\r\n2020-06-16 17:00:00\r\n2020-06-17 07:00:00\r\n2020-06-17 17:00:00\r\n2020-06-18 07:00:00\r\n2020-06-18 17:00:00\r\n2020-06-19 07:00:00\r\n2020-06-19 17:00:00\r\n2020-06-20 07:00:00\r\n2020-06-20 17:00:00\r\n2020-06-21 07:00:00\r\n2020-06-21 17:00:00\r\n2020-06-22 07:00:00\r\n2020-06-22 17:00:00\r\n2020-06-23 07:00:00\r\n2020-06-23 17:00:00\r\n2020-06-24 07:00:00\r\n2020-06-24 17:00:00\r\n2020-06-25 07:00:00\r\n2020-06-25 17:00:00\r\n2020-06-26 07:00:00\r\n2020-06-26 17:00:00\r\n2020-06-27 07:00:00\r\n2020-06-27 17:00:00\r\n2020-06-28 07:00:00\r\n2020-06-28 17:00:00\r\n2020-06-29 07:00:00\r\n2020-06-29 21:00:00\r\n2020-06-30 07:00:00\r\n2020-06-30 17:00:00\r\n2020-07-01 07:00:00\r\n2020-07-01 17:00:00\r\n2020-07-02 07:00:00\r\n2020-07-02 17:00:00\r\n2020-07-03 07:00:00\r\n2020-07-03 17:00:00\r\n2020-07-04 07:00:00\r\n2020-07-04 17:00:00\r\n2020-07-05 07:00:00\r\n2020-07-05 17:00:00\r\n2020-07-06 07:00:00\r\n2020-07-06 17:00:00\r\n2020-07-07 07:00:00\r\n2020-07-07 17:00:00\r\n2020-07-08 07:00:00\r\n2020-07-08 17:00:00\r\n2020-07-09 07:00:00\r\n2020-07-09 17:00:00\r\n2020-07-10 07:00:00\r\n2020-07-10 17:00:00\r\n2020-07-11 07:00:00\r\n2020-07-11 17:00:00\r\n2020-07-12 07:00:00\r\n2020-07-12 17:00:00\r\n2020-07-13 07:00:00\r\n2020-07-13 17:00:00\r\n2020-07-14 07:00:00\r\n2020-07-14 17:00:00\r\n2020-07-15 07:00:00\r\n2020-07-15 17:00:00\r\n2020-07-16 07:00:00\r\n2020-07-16 17:00:00\r\n2020-07-17 07:00:00\r\n2020-07-17 17:00:00\r\n2020-07-18 07:00:00\r\n2020-07-18 17:00:00\r\n2020-07-19 07:00:00\r\n2020-07-19 17:00:00\r\n2020-07-20 07:00:00\r\n2020-07-20 17:00:00\r\n2020-07-21 07:00:00\r\n2020-07-21 17:00:00\r\n2020-07-22 07:00:00\r\n2020-07-22 17:00:00\r\n2020-07-23 07:00:00\r\n2020-07-23 17:00:00\r\n2020-07-24 07:00:00\r\n2020-07-24 17:00:00\r\n2020-07-25 07:00:00\r\n2020-07-25 17:00:00\r\n2020-07-26 07:00:00\r\n2020-07-26 17:00:00\r\n2020-07-27 07:00:00\r\n2020-07-27 17:00:00\r\n2020-07-28 07:00:00\r\n2020-07-28 17:00:00\r\n2020-07-29 07:00:00\r\n2020-07-29 17:00:00\r\n2020-07-30 07:00:00\r\n2020-07-30 17:00:00\r\n2020-07-31 07:00:00\r\n2020-07-31 17:00:00\r\n2020-08-01 07:00:00\r\n2020-08-01 17:00:00\r\n2020-08-02 07:00:00\r\n2020-08-02 17:00:00\r\n2020-08-03 07:00:00\r\n2020-08-03 17:00:00\r\n2020-08-04 07:00:00\r\n2020-08-04 17:00:00\r\n2020-08-05 07:00:00\r\n2020-08-05 17:00:00\r\n2020-08-06 07:00:00\r\n2020-08-06 17:00:00\r\n2020-08-07 07:00:00\r\n2020-08-07 17:00:00\r\n2020-08-08 07:00:00\r\n2020-08-08 17:00:00\r\n2020-08-09 07:00:00\r\n2020-08-09 17:00:00\r\n2020-08-10 07:00:00\r\n2020-08-10 17:00:00\r\n2020-08-11 07:00:00\r\n2020-08-11 17:00:00\r\n2020-08-12 07:00:00\r\n2020-08-12 17:00:00\r\n2020-08-13 07:00:00\r\n2020-08-13 17:00:00\r\n2020-08-14 07:00:00\r\n2020-08-14 17:00:00\r\n2020-08-15 07:00:00\r\n2020-08-15 17:00:00\r\n2020-08-16 07:00:00\r\n2020-08-16 17:00:00\r\n2020-08-17 07:00:00\r\n2020-08-17 17:00:00\r\n2020-08-18 07:00:00\r\n2020-08-18 17:00:00\r\n2020-08-19 07:00:00\r\n2020-08-19 17:00:00\r\n2020-08-20 07:00:00\r\n2020-08-20 17:00:00\r\n2020-08-21 07:00:00\r\n2020-08-21 17:00:00\r\n2020-08-22 07:00:00\r\n2020-08-22 17:00:00\r\n2020-08-23 07:00:00\r\n2020-08-23 17:00:00\r\n2020-08-24 07:00:00\r\n2020-08-24 17:00:00\r\n2020-08-25 07:00:00\r\n2020-08-25 17:00:00\r\n2020-08-26 07:00:00\r\n2020-08-26 17:00:00\r\n2020-08-27 07:00:00\r\n2020-08-27 17:00:00\r\n2020-08-28 07:00:00\r\n2020-08-28 17:00:00\r\n2020-08-29 07:00:00\r\n2020-08-29 17:00:00\r\n2020-08-30 07:00:00\r\n2020-08-30 17:00:00\r\n2020-08-31 07:00:00\r\n2020-08-31 17:00:00\r\n2020-09-01 07:00:00\r\n2020-09-01 17:00:00\r\n2020-09-02 07:00:00\r\n2020-09-02 17:00:00\r\n2020-09-03 07:00:00\r\n2020-09-03 17:00:00\r\n2020-09-04 07:00:00\r\n2020-09-04 17:00:00\r\n2020-09-05 07:00:00\r\n2020-09-05 17:00:00\r\n2020-09-06 07:00:00\r\n2020-09-06 17:00:00\r\n2020-09-07 07:00:00\r\n2020-09-07 17:00:00\r\n2020-09-08 07:00:00\r\n2020-09-08 17:00:00\r\n2020-09-09 07:00:00\r\n2020-09-09 17:00:00\r\n2020-09-10 07:00:00\r\n2020-09-10 17:00:00\r\n2020-09-11 07:00:00\r\n2020-09-11 17:00:00\r\n2020-09-12 07:00:00\r\n2020-09-12 17:00:00\r\n2020-09-13 07:00:00\r\n2020-09-13 17:00:00\r\n2020-09-14 07:00:00\r\n2020-09-14 17:00:00\r\n2020-09-15 07:00:00\r\n2020-09-15 17:00:00\r\n2020-09-16 07:00:00\r\n2020-09-16 17:00:00\r\n2020-09-17 07:00:00\r\n2020-09-17 17:00:00\r\n2020-09-18 07:00:00\r\n2020-09-18 17:00:00\r\n2020-09-19 07:00:00\r\n2020-09-19 17:00:00\r\n2020-09-20 07:00:00\r\n2020-09-20 17:00:00\r\n2020-09-21 07:00:00\r\n2020-09-21 17:00:00\r\n2020-09-22 07:00:00\r\n2020-09-22 17:00:00\r\n2020-09-23 07:00:00\r\n2020-09-23 17:00:00\r\n2020-09-24 07:00:00\r\n2020-09-24 17:00:00\r\n2020-09-25 07:00:00\r\n2020-09-25 17:00:00\r\n2020-09-26 07:00:00\r\n2020-09-26 17:00:00\r\n2020-09-27 07:00:00\r\n2020-09-27 17:00:00\r\n2020-09-28 07:00:00\r\n2020-09-28 17:00:00\r\n2020-09-29 07:00:00\r\n2020-09-29 17:00:00\r\n2020-09-30 07:00:00\r\n2020-09-30 17:00:00\r\n2020-10-01 07:00:00\r\n2020-10-01 17:00:00\r\n2020-10-02 07:00:00\r\n2020-10-05 07:00:00\r\n2020-10-02 07:00:00\r\n2020-10-05 07:00:00\r\n2020-10-05 07:00:00\r\n2020-10-07 07:00:00\r\n2020-10-07 07:00:00\r\n2020-10-09 07:00:00\r\n2020-10-09 07:00:00\r\n2020-10-12 07:00:00\r\n2020-10-09 07:00:00\r\n2020-10-12 07:00:00\r\n2020-10-14 07:00:00\r\n2020-10-12 07:00:00\r\n2020-10-14 07:00:00\r\n2020-10-16 07:00:00\r\n2020-10-14 07:00:00\r\n2020-10-16 07:00:00\r\n2020-10-19 07:00:00\r\n2020-10-16 07:00:00\r\n2020-10-19 07:00:00\r\n2020-10-19 07:00:00\r\n2020-10-21 07:00:00\r\n2020-10-21 07:00:00\r\n2020-10-23 07:00:00\r\n2020-10-23 07:00:00\r\n2020-10-26 07:00:00\r\n2020-10-23 07:00:00\r\n2020-10-26 07:00:00\r\n2020-10-28 07:00:00\r\n2020-10-26 07:00:00\r\n2020-10-28 07:00:00\r\n2020-10-30 07:00:00\r\n2020-10-28 07:00:00\r\n2020-10-30 07:00:00\r\n2020-11-02 07:00:00\r\n2020-10-30 07:00:00\r\n2020-11-02 07:00:00\r\n2020-11-02 07:00:00\r\n2020-11-04 07:00:00\r\n2020-11-04 07:00:00\r\n2020-11-06 07:00:00\r\n2020-11-06 07:00:00\r\n2020-11-09 07:00:00\r\n2020-11-06 07:00:00\r\n2020-11-09 07:00:00\r\n2020-11-11 07:00:00\r\n2020-11-09 07:00:00\r\n2020-11-11 07:00:00\r\n2020-11-13 07:00:00\r\n2020-11-11 07:00:00\r\n2020-11-13 07:00:00\r\n2020-11-16 07:00:00\r\n2020-11-13 07:00:00\r\n2020-11-16 07:00:00\r\n2020-11-16 07:00:00\r\n2020-11-18 07:00:00\r\n2020-11-18 07:00:00\r\n2020-11-20 07:00:00\r\n2020-11-20 07:00:00\r\n2020-11-23 07:00:00\r\n2020-11-20 07:00:00\r\n2020-11-23 07:00:00\r\n2020-11-25 07:00:00\r\n2020-11-23 07:00:00\r\n2020-11-25 07:00:00\r\n2020-11-27 07:00:00\r\n2020-11-25 07:00:00\r\n2020-11-27 07:00:00\r\n2020-11-30 07:00:00\r\n2020-11-27 07:00:00\r\n2020-11-30 07:00:00\r\n2020-11-30 07:00:00\r\n2020-12-02 07:00:00\r\n2020-12-02 07:00:00\r\n2020-12-04 07:00:00\r\n2020-12-04 07:00:00\r\n2020-12-07 07:00:00\r\n2020-12-04 07:00:00\r\n2020-12-07 07:00:00\r\n2020-12-09 07:00:00\r\n2020-12-07 07:00:00\r\n2020-12-09 07:00:00\r\n2020-12-11 07:00:00\r\n2020-12-09 07:00:00\r\n2020-12-11 07:00:00\r\n2020-12-14 07:00:00\r\n2020-12-11 07:00:00\r\n2020-12-14 07:00:00\r\n2020-12-14 07:00:00\r\n2020-12-16 07:00:00\r\n2020-12-16 07:00:00\r\n2020-12-18 07:00:00\r\n2020-12-18 07:00:00\r\n2020-12-21 07:00:00\r\n2020-12-18 07:00:00\r\n2020-12-21 07:00:00\r\n2020-12-23 07:00:00\r\n2020-12-21 07:00:00\r\n2020-12-23 07:00:00\r\n2020-12-25 07:00:00\r\n2020-12-23 07:00:00\r\n2020-12-25 07:00:00\r\n2020-12-28 07:00:00\r\n2020-12-25 07:00:00\r\n2020-12-28 07:00:00\r\n2020-12-28 07:00:00\r\n2020-12-30 07:00:00\r\n2020-12-30 07:00:00\r\n2021-01-01 07:00:00\r\n2021-01-01 07:00:00\r\n2021-01-04 07:00:00\r\n2021-01-01 07:00:00\r\n2021-01-04 07:00:00\r\n2021-01-06 07:00:00\r\n2021-01-04 07:00:00\r\n2021-01-06 07:00:00\r\n2021-01-08 07:00:00\r\n2021-01-06 07:00:00\r\n2021-01-08 07:00:00\r\n2021-01-11 07:00:00\r\n2021-01-08 07:00:00\r\n2021-01-11 07:00:00\r\n2021-01-11 07:00:00\r\n2021-01-13 07:00:00\r\n2021-01-13 07:00:00\r\n2021-01-15 07:00:00\r\n2021-01-15 07:00:00\r\n2021-01-18 07:00:00\r\n2021-01-15 07:00:00\r\n2021-01-18 07:00:00\r\n2021-01-20 07:00:00\r\n2021-01-18 07:00:00\r\n2021-01-20 07:00:00\r\n2021-01-22 07:00:00\r\n2021-01-20 07:00:00\r\n2021-01-22 07:00:00\r\n2021-01-25 07:00:00\r\n2021-01-22 07:00:00\r\n2021-01-25 07:00:00\r\n2021-01-25 07:00:00\r\n2021-01-27 07:00:00\r\n2021-01-27 07:00:00\r\n2021-01-29 07:00:00\r\n2021-01-29 07:00:00\r\n2021-02-01 07:00:00\r\n2021-01-29 07:00:00\r\n2021-02-01 07:00:00\r\n2021-02-03 07:00:00\r\n2021-02-01 07:00:00\r\n2021-02-03 07:00:00\r\n2021-02-05 07:00:00\r\n2021-02-03 07:00:00\r\n2021-02-05 07:00:00\r\n2021-02-08 07:00:00\r\n2021-02-05 07:00:00\r\n2021-02-08 07:00:00\r\n2021-02-08 07:00:00\r\n2021-02-10 07:00:00\r\n2021-02-10 07:00:00\r\n2021-02-12 07:00:00\r\n2021-02-12 07:00:00\r\n2021-02-15 07:00:00\r\n2021-02-12 07:00:00\r\n2021-02-15 07:00:00\r\n2021-02-17 07:00:00\r\n2021-02-15 07:00:00\r\n2021-02-17 07:00:00\r\n2021-02-19 07:00:00\r\n2021-02-17 07:00:00\r\n2021-02-19 07:00:00\r\n2021-02-22 07:00:00\r\n2021-02-19 07:00:00\r\n2021-02-22 07:00:00\r\n2021-02-22 07:00:00\r\n2021-02-24 07:00:00\r\n2021-02-24 07:00:00\r\n2021-02-26 07:00:00\r\n2021-02-26 07:00:00\r\n2021-03-01 07:00:00\r\n2021-02-26 07:00:00\r\n2021-03-01 07:00:00\r\n2021-03-03 07:00:00\r\n2021-03-01 07:00:00\r\n2021-03-03 07:00:00\r\n2021-03-05 07:00:00\r\n2021-03-03 07:00:00\r\n2021-03-05 07:00:00\r\n2021-03-08 07:00:00\r\n2021-03-05 07:00:00\r\n2021-03-08 07:00:00\r\n2021-03-08 07:00:00\r\n2021-03-10 07:00:00\r\n2021-03-10 07:00:00\r\n2021-03-12 07:00:00\r\n2021-03-12 07:00:00\r\n2021-03-15 07:00:00\r\n2021-03-12 07:00:00\r\n2021-03-15 07:00:00\r\n2021-03-17 07:00:00\r\n2021-03-15 07:00:00\r\n2021-03-17 07:00:00\r\n2021-03-19 07:00:00\r\n2021-03-17 07:00:00\r\n2021-03-19 07:00:00\r\n2021-03-22 07:00:00\r\n2021-03-19 07:00:00\r\n2021-03-22 07:00:00\r\n2021-03-22 07:00:00\r\n2021-03-24 07:00:00\r\n2021-03-24 07:00:00\r\n2021-03-26 07:00:00\r\n2021-03-26 07:00:00\r\n2021-03-29 07:00:00\r\n2021-03-26 07:00:00\r\n2021-03-29 07:00:00\r\n2021-03-31 07:00:00\r\n2021-03-29 07:00:00\r\n2021-03-31 07:00:00\r\n2021-04-02 07:00:00\r\n2021-03-31 07:00:00\r\n2021-04-02 07:00:00\r\n2021-04-04 07:00:00\r\n2021-04-02 07:00:00\r\n2021-04-04 07:00:00\r\n2021-04-07 07:00:00\r\n2021-04-04 07:00:00\r\n2021-04-07 07:00:00\r\n2021-04-07 07:00:00\r\n2021-04-09 07:00:00\r\n2021-04-09 07:00:00\r\n2021-04-12 07:00:00\r\n2021-04-09 07:00:00\r\n2021-04-12 07:00:00\r\n2021-04-14 07:00:00\r\n2021-04-12 07:00:00\r\n2021-04-14 07:00:00\r\n2021-04-16 07:00:00\r\n2021-04-14 07:00:00\r\n2021-04-16 07:00:00\r\n2021-04-19 07:00:00\r\n2021-04-16 07:00:00\r\n2021-04-19 07:00:00\r\n2021-04-19 07:00:00\r\n2021-04-21 07:00:00\r\n2021-04-21 07:00:00\r\n2021-04-23 07:00:00\r\n2021-04-23 07:00:00\r\n2021-04-26 07:00:00\r\n2021-04-23 07:00:00\r\n2021-04-26 07:00:00\r\n2021-04-28 07:00:00\r\n2021-04-26 07:00:00\r\n2021-04-28 07:00:00\r\n2021-04-30 07:00:00\r\n2021-04-28 07:00:00\r\n2021-04-30 07:00:00\r\n2021-05-03 07:00:00\r\n2021-04-30 07:00:00\r\n2021-05-03 07:00:00\r\n2021-05-03 07:00:00\r\n2021-05-05 07:00:00\r\n2021-05-05 07:00:00\r\n2021-05-07 07:00:00\r\n2021-05-07 07:00:00\r\n2021-05-10 07:00:00\r\n2021-05-07 07:00:00\r\n2021-05-10 07:00:00\r\n2021-05-12 07:00:00\r\n2021-05-10 07:00:00\r\n2021-05-12 07:00:00\r\n2021-05-14 07:00:00\r\n2021-05-12 07:00:00\r\n2021-05-14 07:00:00\r\n2021-05-17 07:00:00\r\n2021-05-14 07:00:00\r\n2021-05-17 07:00:00\r\n2021-05-17 07:00:00\r\n2021-05-19 07:00:00\r\n2021-05-19 07:00:00\r\n2021-05-21 07:00:00\r\n2021-05-21 07:00:00\r\n2021-05-24 07:00:00\r\n2021-05-21 07:00:00\r\n2021-05-24 07:00:00\r\n2021-05-26 07:00:00\r\n2021-05-24 07:00:00\r\n2021-05-26 07:00:00\r\n2021-05-28 07:00:00\r\n2021-05-26 07:00:00\r\n2021-05-28 07:00:00\r\n2021-05-31 07:00:00\r\n2021-05-28 07:00:00\r\n2021-05-31 07:00:00\r\n2021-05-31 07:00:00\r\n2021-06-02 07:00:00\r\n2021-06-02 07:00:00\r\n2021-06-04 07:00:00\r\n2021-06-04 07:00:00\r\n2021-06-07 07:00:00\r\n2021-06-04 07:00:00\r\n2021-06-07 07:00:00\r\n2021-06-09 07:00:00\r\n2021-06-07 07:00:00\r\n2021-06-09 07:00:00\r\n2021-06-11 07:00:00\r\n2021-06-09 07:00:00\r\n2021-06-11 07:00:00\r\n2021-06-14 07:00:00\r\n2021-06-11 07:00:00\r\n2021-06-14 07:00:00\r\n2021-06-14 07:00:00\r\n2021-06-16 07:00:00\r\n2021-06-16 07:00:00\r\n2021-06-18 07:00:00\r\n2021-06-18 07:00:00\r\n2021-06-21 07:00:00\r\n2021-06-18 07:00:00\r\n2021-06-21 07:00:00\r\n2021-06-23 07:00:00\r\n2021-06-21 07:00:00\r\n2021-06-23 07:00:00\r\n2021-06-25 07:00:00\r\n2021-06-23 07:00:00\r\n2021-06-25 07:00:00\r\n2021-06-28 07:00:00\r\n2021-06-25 07:00:00\r\n2021-06-28 07:00:00\r\n2021-06-28 07:00:00\r\n2021-06-30 07:00:00\r\n2021-06-30 07:00:00\r\n2021-07-02 07:00:00\r\n2021-07-02 07:00:00\r\n2021-07-05 07:00:00\r\n2021-07-02 07:00:00\r\n2021-07-05 07:00:00\r\n2021-07-07 07:00:00\r\n2021-07-05 07:00:00\r\n2021-07-07 07:00:00\r\n2021-07-09 07:00:00\r\n2021-07-07 07:00:00\r\n2021-07-09 07:00:00\r\n2021-07-12 07:00:00\r\n2021-07-09 07:00:00\r\n2021-07-12 07:00:00\r\n2021-07-12 07:00:00\r\n2021-07-14 07:00:00\r\n2021-07-14 07:00:00\r\n2021-07-16 07:00:00\r\n2021-07-16 07:00:00\r\n2021-07-19 07:00:00\r\n2021-07-16 07:00:00\r\n2021-07-19 07:00:00\r\n2021-07-21 07:00:00\r\n2021-07-19 07:00:00\r\n2021-07-21 07:00:00\r\n2021-07-23 07:00:00\r\n2021-07-21 07:00:00\r\n2021-07-23 07:00:00\r\n2021-07-26 07:00:00\r\n2021-07-23 07:00:00\r\n2021-07-26 07:00:00\r\n2021-07-26 07:00:00\r\n2021-07-28 07:00:00\r\n2021-07-28 07:00:00\r\n2021-07-30 07:00:00\r\n2021-07-30 07:00:00\r\n2021-08-02 07:00:00\r\n2021-07-30 07:00:00\r\n2021-08-02 07:00:00\r\n2021-08-04 07:00:00\r\n2021-08-02 07:00:00\r\n2021-08-04 07:00:00\r\n2021-08-06 07:00:00\r\n2021-08-04 07:00:00\r\n2021-08-06 07:00:00\r\n2021-08-09 07:00:00\r\n2021-08-06 07:00:00\r\n2021-08-09 07:00:00\r\n2021-08-09 07:00:00\r\n2021-08-11 07:00:00\r\n2021-08-11 07:00:00\r\n2021-08-13 07:00:00\r\n2021-08-13 07:00:00\r\n2021-08-16 07:00:00\r\n2021-08-13 07:00:00\r\n2021-08-16 07:00:00\r\n2021-08-18 07:00:00\r\n2021-08-16 07:00:00\r\n2021-08-18 07:00:00\r\n2021-08-20 07:00:00\r\n2021-08-18 07:00:00\r\n2021-08-20 07:00:00\r\n2021-08-23 07:00:00\r\n2021-08-20 07:00:00\r\n2021-08-23 07:00:00\r\n2021-08-23 07:00:00\r\n2021-08-25 07:00:00\r\n2021-08-25 07:00:00\r\n2021-08-27 07:00:00\r\n2021-08-27 07:00:00\r\n2021-08-30 07:00:00\r\n2021-08-27 07:00:00\r\n2021-08-30 07:00:00\r\n2021-09-01 07:00:00\r\n2021-08-30 07:00:00\r\n2021-09-01 07:00:00\r\n2021-09-03 07:00:00\r\n2021-09-01 07:00:00\r\n2021-09-03 07:00:00\r\n2021-09-06 07:00:00\r\n2021-09-03 07:00:00\r\n2021-09-06 07:00:00\r\n2021-09-06 07:00:00\r\n2021-09-08 07:00:00\r\n2021-09-08 07:00:00\r\n2021-09-10 07:00:00\r\n2021-09-10 07:00:00\r\n2021-09-13 07:00:00\r\n2021-09-10 07:00:00\r\n2021-09-13 07:00:00\r\n2021-09-15 07:00:00\r\n2021-09-13 07:00:00\r\n2021-09-15 07:00:00\r\n2021-09-17 07:00:00\r\n2021-09-15 07:00:00\r\n2021-09-17 07:00:00\r\n2021-09-20 07:00:00\r\n2021-09-17 07:00:00\r\n2021-09-20 07:00:00\r\n2021-09-20 07:00:00\r\n2021-09-22 07:00:00\r\n2021-09-22 07:00:00\r\n2021-09-24 07:00:00\r\n2021-09-24 07:00:00\r\n2021-09-27 07:00:00\r\n2021-09-24 07:00:00\r\n2021-09-27 07:00:00\r\n2021-09-29 07:00:00\r\n2021-09-27 07:00:00\r\n2021-09-29 07:00:00\r\n2021-10-01 07:00:00\r\n2021-09-29 07:00:00\r\n2021-10-01 07:00:00\r\n2021-10-02 07:00:00\r\n2021-10-02 07:00:00\r\n2021-10-06 07:00:00\r\n2021-10-02 07:00:00\r\n2021-10-06 07:00:00\r\n2021-10-06 07:00:00\r\n2021-10-08 07:00:00\r\n2021-10-08 07:00:00\r\n2021-10-11 07:00:00\r\n2021-10-08 07:00:00\r\n2021-10-11 07:00:00\r\n2021-10-13 07:00:00\r\n2021-10-11 07:00:00\r\n2021-10-13 07:00:00\r\n2021-10-15 07:00:00\r\n2021-10-13 07:00:00\r\n2021-10-15 07:00:00\r\n2021-10-18 07:00:00\r\n2021-10-15 07:00:00\r\n2021-10-18 07:00:00\r\n2021-10-18 07:00:00\r\n2021-10-20 07:00:00\r\n2021-10-20 07:00:00\r\n2021-10-22 07:00:00\r\n2021-10-22 07:00:00\r\n2021-10-25 07:00:00\r\n2021-10-22 07:00:00\r\n2021-10-25 07:00:00\r\n2021-10-27 07:00:00\r\n2021-10-25 07:00:00\r\n2021-10-27 07:00:00\r\n2021-10-29 07:00:00\r\n2021-10-27 07:00:00\r\n2021-10-29 07:00:00\r\n2021-11-01 07:00:00\r\n2021-10-29 07:00:00\r\n2021-11-01 07:00:00\r\n2021-11-01 07:00:00\r\n2021-11-03 07:00:00\r\n2021-11-03 07:00:00\r\n2021-11-05 07:00:00\r\n2021-11-05 07:00:00\r\n2021-11-08 07:00:00\r\n2021-11-05 07:00:00\r\n2021-11-08 07:00:00\r\n2021-11-10 07:00:00\r\n2021-11-08 07:00:00\r\n2021-11-10 07:00:00\r\n2021-11-12 07:00:00\r\n2021-11-10 07:00:00\r\n2021-11-12 07:00:00\r\n2021-11-15 07:00:00\r\n2021-11-12 07:00:00\r\n2021-11-15 07:00:00\r\n2021-11-15 07:00:00\r\n2021-11-17 07:00:00\r\n2021-11-17 07:00:00\r\n2021-11-19 07:00:00\r\n2021-11-19 07:00:00\r\n2021-11-22 07:00:00\r\n2021-11-19 07:00:00\r\n2021-11-22 07:00:00\r\n2021-11-24 07:00:00\r\n2021-11-22 07:00:00\r\n2021-11-24 07:00:00\r\n2021-11-26 07:00:00\r\n2021-11-24 07:00:00\r\n2021-11-26 07:00:00\r\n2021-11-29 07:00:00\r\n2021-11-26 07:00:00\r\n2021-11-29 07:00:00\r\n2021-11-29 07:00:00\r\n2021-12-01 07:00:00\r\n2021-12-01 07:00:00\r\n2021-12-03 07:00:00\r\n2021-12-03 07:00:00\r\n2021-12-06 07:00:00\r\n2021-12-03 07:00:00\r\n2021-12-06 07:00:00\r\n2021-12-08 07:00:00\r\n2021-12-06 07:00:00\r\n2021-12-08 07:00:00\r\n2021-12-10 07:00:00\r\n2021-12-08 07:00:00\r\n2021-12-10 07:00:00\r\n2021-12-13 07:00:00\r\n2021-12-10 07:00:00\r\n2021-12-13 07:00:00\r\n2021-12-13 07:00:00\r\n2021-12-15 07:00:00\r\n2021-12-15 07:00:00\r\n2021-12-17 07:00:00\r\n2021-12-17 07:00:00\r\n2021-12-20 07:00:00\r\n2021-12-17 07:00:00\r\n2021-12-20 07:00:00\r\n2021-12-22 07:00:00\r\n2021-12-20 07:00:00\r\n2021-12-22 07:00:00\r\n2021-12-24 07:00:00\r\n2021-12-22 07:00:00\r\n2021-12-24 07:00:00\r\n2021-12-27 07:00:00\r\n2021-12-24 07:00:00\r\n2021-12-27 07:00:00\r\n2021-12-27 07:00:00\r\n2021-12-29 07:00:00\r\n2021-12-29 07:00:00\r\n2021-12-31 07:00:00\r\n2021-12-31 07:00:00\r\n2022-01-03 07:00:00\r\n2021-12-31 07:00:00\r\n2022-01-03 07:00:00\r\n2022-01-05 07:00:00\r\n2022-01-03 07:00:00\r\n2022-01-05 07:00:00\r\n2022-01-07 07:00:00\r\n2022-01-05 07:00:00\r\n2022-01-07 07:00:00\r\n2022-01-10 07:00:00\r\n2022-01-07 07:00:00\r\n2022-01-10 07:00:00\r\n2022-01-10 07:00:00\r\n2022-01-12 07:00:00\r\n2022-01-12 07:00:00\r\n2022-01-14 07:00:00\r\n2022-01-14 07:00:00\r\n2022-01-17 07:00:00\r\n2022-01-14 07:00:00\r\n2022-01-17 07:00:00\r\n2022-01-19 07:00:00\r\n2022-01-17 07:00:00\r\n2022-01-19 07:00:00\r\n2022-01-21 07:00:00\r\n2022-01-19 07:00:00\r\n2022-01-21 07:00:00\r\n2022-01-24 07:00:00\r\n2022-01-21 07:00:00\r\n2022-01-24 07:00:00\r\n2022-01-24 07:00:00\r\n2022-01-26 07:00:00\r\n2022-01-26 07:00:00\r\n2022-01-28 07:00:00\r\n2022-01-28 07:00:00\r\n2022-01-31 07:00:00\r\n2022-01-28 07:00:00\r\n2022-01-31 07:00:00\r\n2022-02-02 07:00:00\r\n2022-01-31 07:00:00\r\n2022-02-02 07:00:00\r\n2022-02-04 07:00:00\r\n2022-02-02 07:00:00\r\n2022-02-04 07:00:00\r\n2022-02-07 07:00:00\r\n2022-02-04 07:00:00\r\n2022-02-07 07:00:00\r\n2022-02-07 07:00:00\r\n2022-02-09 07:00:00\r\n2022-02-09 07:00:00\r\n2022-02-11 07:00:00\r\n2022-02-11 07:00:00\r\n2022-02-14 07:00:00\r\n2022-02-11 07:00:00\r\n2022-02-14 07:00:00\r\n2022-02-16 07:00:00\r\n2022-02-14 07:00:00\r\n2022-02-16 07:00:00\r\n2022-02-18 07:00:00\r\n2022-02-16 07:00:00\r\n2022-02-18 07:00:00\r\n2022-02-21 07:00:00\r\n2022-02-18 07:00:00\r\n2022-02-21 07:00:00\r\n2022-02-21 07:00:00\r\n2022-02-23 07:00:00\r\n2022-02-23 07:00:00\r\n2022-02-25 07:00:00\r\n2022-02-25 07:00:00\r\n2022-02-28 07:00:00\r\n2022-02-25 07:00:00\r\n2022-02-28 07:00:00\r\n2022-03-02 07:00:00\r\n2022-02-28 07:00:00\r\n2022-03-02 07:00:00\r\n2022-03-04 07:00:00\r\n2022-03-02 07:00:00\r\n2022-03-04 07:00:00\r\n2022-03-07 07:00:00\r\n2022-03-04 07:00:00\r\n2022-03-07 07:00:00\r\n2022-03-07 07:00:00\r\n2022-03-09 07:00:00\r\n2022-03-09 07:00:00\r\n2022-03-11 07:00:00\r\n2022-03-11 07:00:00\r\n2022-03-14 07:00:00\r\n2022-03-11 07:00:00\r\n2022-03-14 07:00:00\r\n2022-03-16 07:00:00\r\n2022-03-14 07:00:00\r\n2022-03-16 07:00:00\r\n2022-03-18 07:00:00\r\n2022-03-16 07:00:00\r\n2022-03-18 07:00:00\r\n2022-03-21 07:00:00\r\n2022-03-18 07:00:00\r\n2022-03-21 07:00:00\r\n2022-03-21 07:00:00\r\n2022-03-23 07:00:00\r\n2022-03-23 07:00:00\r\n2022-03-25 07:00:00\r\n2022-03-25 07:00:00\r\n2022-03-28 07:00:00\r\n2022-03-25 07:00:00\r\n2022-03-28 07:00:00\r\n2022-03-30 07:00:00\r\n2022-03-28 07:00:00\r\n2022-03-30 07:00:00\r\n2022-04-01 07:00:00\r\n2022-03-30 07:00:00\r\n2022-04-01 07:00:00\r\n2022-04-04 07:00:00\r\n2022-04-01 07:00:00\r\n2022-04-04 07:00:00\r\n2022-04-04 07:00:00\r\n2022-04-06 07:00:00\r\n2022-04-06 07:00:00\r\n2022-04-08 07:00:00\r\n2022-04-08 07:00:00\r\n2022-04-11 07:00:00\r\n2022-04-08 07:00:00\r\n2022-04-11 07:00:00\r\n2022-04-13 07:00:00\r\n2022-04-11 07:00:00\r\n2022-04-13 07:00:00\r\n2022-04-15 07:00:00\r\n2022-04-13 07:00:00\r\n2022-04-15 07:00:00\r\n2022-04-18 07:00:00\r\n2022-04-15 07:00:00\r\n2022-04-18 07:00:00\r\n2022-04-18 07:00:00\r\n2022-04-20 07:00:00\r\n2022-04-20 07:00:00\r\n2022-04-22 07:00:00\r\n2022-04-22 07:00:00\r\n2022-04-25 07:00:00\r\n2022-04-22 07:00:00\r\n2022-04-25 07:00:00\r\n2022-04-27 07:00:00\r\n2022-04-25 07:00:00\r\n2022-04-27 07:00:00\r\n2022-04-29 07:00:00\r\n2022-04-27 07:00:00\r\n2022-04-29 07:00:00\r\n2022-05-02 07:00:00\r\n2022-04-29 07:00:00\r\n2022-05-02 07:00:00\r\n2022-05-02 07:00:00\r\n2022-05-04 07:00:00\r\n2022-05-04 07:00:00\r\n2022-05-06 07:00:00\r\n2022-05-06 07:00:00\r\n2022-05-09 07:00:00\r\n2022-05-06 07:00:00\r\n2022-05-09 07:00:00\r\n2022-05-11 07:00:00\r\n2022-05-09 07:00:00\r\n2022-05-11 07:00:00\r\n2022-05-13 07:00:00\r\n2022-05-11 07:00:00\r\n2022-05-13 07:00:00\r\n2022-05-16 07:00:00\r\n2022-05-13 07:00:00\r\n2022-05-16 07:00:00\r\n2022-05-16 07:00:00\r\n2022-05-18 07:00:00\r\n2022-05-18 07:00:00\r\n2022-05-20 07:00:00\r', '2023-09-13 21:07:54', '2023-09-13 21:07:54', '1', '1', '0');
INSERT INTO `sample_set` VALUES ('23', 'new Name[I@628091a0', 'new description[I@628091a0', 'collect_time\r\n2020-04-30 17:00:00\r\n2020-05-01 07:00:00\r\n2020-05-01 17:00:00\r\n2020-05-02 07:00:00\r\n2020-05-02 17:00:00\r\n2020-05-03 07:00:00\r\n2020-05-03 17:00:00\r\n2020-05-04 07:00:00\r\n2020-05-04 17:00:00\r\n2020-05-05 07:00:00\r\n2020-05-05 17:00:00\r\n2020-05-06 07:00:00\r\n2020-05-06 17:00:00\r\n2020-05-07 07:00:00\r\n2020-05-07 17:00:00\r\n2020-05-08 07:00:00\r\n2020-05-08 17:00:00\r\n2020-05-09 07:00:00\r\n2020-05-09 17:00:00\r\n2020-05-10 07:00:00\r\n2020-05-10 17:00:00\r\n2020-05-11 07:00:00\r\n2020-05-11 17:00:00\r\n2020-05-12 07:00:00\r\n2020-05-12 17:00:00\r\n2020-05-13 07:00:00\r\n2020-05-13 17:00:00\r\n2020-05-14 07:00:00\r\n2020-05-14 17:00:00\r\n2020-05-15 07:00:00\r\n2020-05-15 17:00:00\r\n2020-05-16 07:00:00\r\n2020-05-16 17:00:00\r\n2020-05-17 07:00:00\r\n2020-05-17 17:00:00\r\n2020-05-18 07:00:00\r\n2020-05-18 17:00:00\r\n2020-05-19 07:00:00\r\n2020-05-19 17:00:00\r\n2020-05-20 07:00:00\r\n2020-05-20 17:00:00\r\n2020-05-21 07:00:00\r\n2020-05-21 17:00:00\r\n2020-05-22 07:00:00\r\n2020-05-22 07:00:00\r\n2020-05-23 17:00:00\r\n2020-05-24 07:00:00\r\n2020-05-24 17:00:00\r\n2020-05-25 07:00:00\r\n2020-05-25 17:00:00\r\n2020-05-26 07:00:00\r\n2020-05-26 17:00:00\r\n2020-05-27 07:00:00\r\n2020-05-27 17:00:00\r\n2020-05-28 07:00:00\r\n2020-05-28 17:00:00\r\n2020-05-29 07:00:00\r\n2020-05-29 17:00:00\r\n2020-05-30 07:00:00\r\n2020-05-30 17:00:00\r\n2020-05-31 07:00:00\r\n2020-05-31 17:00:00\r\n2020-06-01 07:00:00\r\n2020-06-01 17:00:00\r\n2020-06-02 07:00:00\r\n2020-06-02 17:00:00\r\n2020-06-03 07:00:00\r\n2020-06-03 17:00:00\r\n2020-06-04 07:00:00\r\n2020-06-04 17:00:00\r\n2020-06-05 07:00:00\r\n2020-06-05 17:00:00\r\n2020-06-06 07:00:00\r\n2020-06-06 17:00:00\r\n2020-06-07 07:00:00\r\n2020-06-07 17:00:00\r\n2020-06-08 07:00:00\r\n2020-06-08 17:00:00\r\n2020-06-09 07:00:00\r\n2020-06-09 17:00:00\r\n2020-06-10 07:00:00\r\n2020-06-10 17:00:00\r\n2020-06-11 07:00:00\r\n2020-06-11 17:00:00\r\n2020-06-12 07:00:00\r\n2020-06-12 17:00:00\r\n2020-06-13 07:00:00\r\n2020-06-13 17:00:00\r\n2020-06-14 07:00:00\r\n2020-06-14 17:00:00\r\n2020-06-15 07:00:00\r\n2020-06-15 17:00:00\r\n2020-06-16 07:00:00\r\n2020-06-16 17:00:00\r\n2020-06-17 07:00:00\r\n2020-06-17 17:00:00\r\n2020-06-18 07:00:00\r\n2020-06-18 17:00:00\r\n2020-06-19 07:00:00\r\n2020-06-19 17:00:00\r\n2020-06-20 07:00:00\r\n2020-06-20 17:00:00\r\n2020-06-21 07:00:00\r\n2020-06-21 17:00:00\r\n2020-06-22 07:00:00\r\n2020-06-22 17:00:00\r\n2020-06-23 07:00:00\r\n2020-06-23 17:00:00\r\n2020-06-24 07:00:00\r\n2020-06-24 17:00:00\r\n2020-06-25 07:00:00\r\n2020-06-25 17:00:00\r\n2020-06-26 07:00:00\r\n2020-06-26 17:00:00\r\n2020-06-27 07:00:00\r\n2020-06-27 17:00:00\r\n2020-06-28 07:00:00\r\n2020-06-28 17:00:00\r\n2020-06-29 07:00:00\r\n2020-06-29 21:00:00\r\n2020-06-30 07:00:00\r\n2020-06-30 17:00:00\r\n2020-07-01 07:00:00\r\n2020-07-01 17:00:00\r\n2020-07-02 07:00:00\r\n2020-07-02 17:00:00\r\n2020-07-03 07:00:00\r\n2020-07-03 17:00:00\r\n2020-07-04 07:00:00\r\n2020-07-04 17:00:00\r\n2020-07-05 07:00:00\r\n2020-07-05 17:00:00\r\n2020-07-06 07:00:00\r\n2020-07-06 17:00:00\r\n2020-07-07 07:00:00\r\n2020-07-07 17:00:00\r\n2020-07-08 07:00:00\r\n2020-07-08 17:00:00\r\n2020-07-09 07:00:00\r\n2020-07-09 17:00:00\r\n2020-07-10 07:00:00\r\n2020-07-10 17:00:00\r\n2020-07-11 07:00:00\r\n2020-07-11 17:00:00\r\n2020-07-12 07:00:00\r\n2020-07-12 17:00:00\r\n2020-07-13 07:00:00\r\n2020-07-13 17:00:00\r\n2020-07-14 07:00:00\r\n2020-07-14 17:00:00\r\n2020-07-15 07:00:00\r\n2020-07-15 17:00:00\r\n2020-07-16 07:00:00\r\n2020-07-16 17:00:00\r\n2020-07-17 07:00:00\r\n2020-07-17 17:00:00\r\n2020-07-18 07:00:00\r\n2020-07-18 17:00:00\r\n2020-07-19 07:00:00\r\n2020-07-19 17:00:00\r\n2020-07-20 07:00:00\r\n2020-07-20 17:00:00\r\n2020-07-21 07:00:00\r\n2020-07-21 17:00:00\r\n2020-07-22 07:00:00\r\n2020-07-22 17:00:00\r\n2020-07-23 07:00:00\r\n2020-07-23 17:00:00\r\n2020-07-24 07:00:00\r\n2020-07-24 17:00:00\r\n2020-07-25 07:00:00\r\n2020-07-25 17:00:00\r\n2020-07-26 07:00:00\r\n2020-07-26 17:00:00\r\n2020-07-27 07:00:00\r\n2020-07-27 17:00:00\r\n2020-07-28 07:00:00\r\n2020-07-28 17:00:00\r\n2020-07-29 07:00:00\r\n2020-07-29 17:00:00\r\n2020-07-30 07:00:00\r\n2020-07-30 17:00:00\r\n2020-07-31 07:00:00\r\n2020-07-31 17:00:00\r\n2020-08-01 07:00:00\r\n2020-08-01 17:00:00\r\n2020-08-02 07:00:00\r\n2020-08-02 17:00:00\r\n2020-08-03 07:00:00\r\n2020-08-03 17:00:00\r\n2020-08-04 07:00:00\r\n2020-08-04 17:00:00\r\n2020-08-05 07:00:00\r\n2020-08-05 17:00:00\r\n2020-08-06 07:00:00\r\n2020-08-06 17:00:00\r\n2020-08-07 07:00:00\r\n2020-08-07 17:00:00\r\n2020-08-08 07:00:00\r\n2020-08-08 17:00:00\r\n2020-08-09 07:00:00\r\n2020-08-09 17:00:00\r\n2020-08-10 07:00:00\r\n2020-08-10 17:00:00\r\n2020-08-11 07:00:00\r\n2020-08-11 17:00:00\r\n2020-08-12 07:00:00\r\n2020-08-12 17:00:00\r\n2020-08-13 07:00:00\r\n2020-08-13 17:00:00\r\n2020-08-14 07:00:00\r\n2020-08-14 17:00:00\r\n2020-08-15 07:00:00\r\n2020-08-15 17:00:00\r\n2020-08-16 07:00:00\r\n2020-08-16 17:00:00\r\n2020-08-17 07:00:00\r\n2020-08-17 17:00:00\r\n2020-08-18 07:00:00\r\n2020-08-18 17:00:00\r\n2020-08-19 07:00:00\r\n2020-08-19 17:00:00\r\n2020-08-20 07:00:00\r\n2020-08-20 17:00:00\r\n2020-08-21 07:00:00\r\n2020-08-21 17:00:00\r\n2020-08-22 07:00:00\r\n2020-08-22 17:00:00\r\n2020-08-23 07:00:00\r\n2020-08-23 17:00:00\r\n2020-08-24 07:00:00\r\n2020-08-24 17:00:00\r\n2020-08-25 07:00:00\r\n2020-08-25 17:00:00\r\n2020-08-26 07:00:00\r\n2020-08-26 17:00:00\r\n2020-08-27 07:00:00\r\n2020-08-27 17:00:00\r\n2020-08-28 07:00:00\r\n2020-08-28 17:00:00\r\n2020-08-29 07:00:00\r\n2020-08-29 17:00:00\r\n2020-08-30 07:00:00\r\n2020-08-30 17:00:00\r\n2020-08-31 07:00:00\r\n2020-08-31 17:00:00\r\n2020-09-01 07:00:00\r\n2020-09-01 17:00:00\r\n2020-09-02 07:00:00\r\n2020-09-02 17:00:00\r\n2020-09-03 07:00:00\r\n2020-09-03 17:00:00\r\n2020-09-04 07:00:00\r\n2020-09-04 17:00:00\r\n2020-09-05 07:00:00\r\n2020-09-05 17:00:00\r\n2020-09-06 07:00:00\r\n2020-09-06 17:00:00\r\n2020-09-07 07:00:00\r\n2020-09-07 17:00:00\r\n2020-09-08 07:00:00\r\n2020-09-08 17:00:00\r\n2020-09-09 07:00:00\r\n2020-09-09 17:00:00\r\n2020-09-10 07:00:00\r\n2020-09-10 17:00:00\r\n2020-09-11 07:00:00\r\n2020-09-11 17:00:00\r\n2020-09-12 07:00:00\r\n2020-09-12 17:00:00\r\n2020-09-13 07:00:00\r\n2020-09-13 17:00:00\r\n2020-09-14 07:00:00\r\n2020-09-14 17:00:00\r\n2020-09-15 07:00:00\r\n2020-09-15 17:00:00\r\n2020-09-16 07:00:00\r\n2020-09-16 17:00:00\r\n2020-09-17 07:00:00\r\n2020-09-17 17:00:00\r\n2020-09-18 07:00:00\r\n2020-09-18 17:00:00\r\n2020-09-19 07:00:00\r\n2020-09-19 17:00:00\r\n2020-09-20 07:00:00\r\n2020-09-20 17:00:00\r\n2020-09-21 07:00:00\r\n2020-09-21 17:00:00\r\n2020-09-22 07:00:00\r\n2020-09-22 17:00:00\r\n2020-09-23 07:00:00\r\n2020-09-23 17:00:00\r\n2020-09-24 07:00:00\r\n2020-09-24 17:00:00\r\n2020-09-25 07:00:00\r\n2020-09-25 17:00:00\r\n2020-09-26 07:00:00\r\n2020-09-26 17:00:00\r\n2020-09-27 07:00:00\r\n2020-09-27 17:00:00\r\n2020-09-28 07:00:00\r\n2020-09-28 17:00:00\r\n2020-09-29 07:00:00\r\n2020-09-29 17:00:00\r\n2020-09-30 07:00:00\r\n2020-09-30 17:00:00\r\n2020-10-01 07:00:00\r\n2020-10-01 17:00:00\r\n2020-10-02 07:00:00\r\n2020-10-05 07:00:00\r\n2020-10-02 07:00:00\r\n2020-10-05 07:00:00\r\n2020-10-05 07:00:00\r\n2020-10-07 07:00:00\r\n2020-10-07 07:00:00\r\n2020-10-09 07:00:00\r\n2020-10-09 07:00:00\r\n2020-10-12 07:00:00\r\n2020-10-09 07:00:00\r\n2020-10-12 07:00:00\r\n2020-10-14 07:00:00\r\n2020-10-12 07:00:00\r\n2020-10-14 07:00:00\r\n2020-10-16 07:00:00\r\n2020-10-14 07:00:00\r\n2020-10-16 07:00:00\r\n2020-10-19 07:00:00\r\n2020-10-16 07:00:00\r\n2020-10-19 07:00:00\r\n2020-10-19 07:00:00\r\n2020-10-21 07:00:00\r\n2020-10-21 07:00:00\r\n2020-10-23 07:00:00\r\n2020-10-23 07:00:00\r\n2020-10-26 07:00:00\r\n2020-10-23 07:00:00\r\n2020-10-26 07:00:00\r\n2020-10-28 07:00:00\r\n2020-10-26 07:00:00\r\n2020-10-28 07:00:00\r\n2020-10-30 07:00:00\r\n2020-10-28 07:00:00\r\n2020-10-30 07:00:00\r\n2020-11-02 07:00:00\r\n2020-10-30 07:00:00\r\n2020-11-02 07:00:00\r\n2020-11-02 07:00:00\r\n2020-11-04 07:00:00\r\n2020-11-04 07:00:00\r\n2020-11-06 07:00:00\r\n2020-11-06 07:00:00\r\n2020-11-09 07:00:00\r\n2020-11-06 07:00:00\r\n2020-11-09 07:00:00\r\n2020-11-11 07:00:00\r\n2020-11-09 07:00:00\r\n2020-11-11 07:00:00\r\n2020-11-13 07:00:00\r\n2020-11-11 07:00:00\r\n2020-11-13 07:00:00\r\n2020-11-16 07:00:00\r\n2020-11-13 07:00:00\r\n2020-11-16 07:00:00\r\n2020-11-16 07:00:00\r\n2020-11-18 07:00:00\r\n2020-11-18 07:00:00\r\n2020-11-20 07:00:00\r\n2020-11-20 07:00:00\r\n2020-11-23 07:00:00\r\n2020-11-20 07:00:00\r\n2020-11-23 07:00:00\r\n2020-11-25 07:00:00\r\n2020-11-23 07:00:00\r\n2020-11-25 07:00:00\r\n2020-11-27 07:00:00\r\n2020-11-25 07:00:00\r\n2020-11-27 07:00:00\r\n2020-11-30 07:00:00\r\n2020-11-27 07:00:00\r\n2020-11-30 07:00:00\r\n2020-11-30 07:00:00\r\n2020-12-02 07:00:00\r\n2020-12-02 07:00:00\r\n2020-12-04 07:00:00\r\n2020-12-04 07:00:00\r\n2020-12-07 07:00:00\r\n2020-12-04 07:00:00\r\n2020-12-07 07:00:00\r\n2020-12-09 07:00:00\r\n2020-12-07 07:00:00\r\n2020-12-09 07:00:00\r\n2020-12-11 07:00:00\r\n2020-12-09 07:00:00\r\n2020-12-11 07:00:00\r\n2020-12-14 07:00:00\r\n2020-12-11 07:00:00\r\n2020-12-14 07:00:00\r\n2020-12-14 07:00:00\r\n2020-12-16 07:00:00\r\n2020-12-16 07:00:00\r\n2020-12-18 07:00:00\r\n2020-12-18 07:00:00\r\n2020-12-21 07:00:00\r\n2020-12-18 07:00:00\r\n2020-12-21 07:00:00\r\n2020-12-23 07:00:00\r\n2020-12-21 07:00:00\r\n2020-12-23 07:00:00\r\n2020-12-25 07:00:00\r\n2020-12-23 07:00:00\r\n2020-12-25 07:00:00\r\n2020-12-28 07:00:00\r\n2020-12-25 07:00:00\r\n2020-12-28 07:00:00\r\n2020-12-28 07:00:00\r\n2020-12-30 07:00:00\r\n2020-12-30 07:00:00\r\n2021-01-01 07:00:00\r\n2021-01-01 07:00:00\r\n2021-01-04 07:00:00\r\n2021-01-01 07:00:00\r\n2021-01-04 07:00:00\r\n2021-01-06 07:00:00\r\n2021-01-04 07:00:00\r\n2021-01-06 07:00:00\r\n2021-01-08 07:00:00\r\n2021-01-06 07:00:00\r\n2021-01-08 07:00:00\r\n2021-01-11 07:00:00\r\n2021-01-08 07:00:00\r\n2021-01-11 07:00:00\r\n2021-01-11 07:00:00\r\n2021-01-13 07:00:00\r\n2021-01-13 07:00:00\r\n2021-01-15 07:00:00\r\n2021-01-15 07:00:00\r\n2021-01-18 07:00:00\r\n2021-01-15 07:00:00\r\n2021-01-18 07:00:00\r\n2021-01-20 07:00:00\r\n2021-01-18 07:00:00\r\n2021-01-20 07:00:00\r\n2021-01-22 07:00:00\r\n2021-01-20 07:00:00\r\n2021-01-22 07:00:00\r\n2021-01-25 07:00:00\r\n2021-01-22 07:00:00\r\n2021-01-25 07:00:00\r\n2021-01-25 07:00:00\r\n2021-01-27 07:00:00\r\n2021-01-27 07:00:00\r\n2021-01-29 07:00:00\r\n2021-01-29 07:00:00\r\n2021-02-01 07:00:00\r\n2021-01-29 07:00:00\r\n2021-02-01 07:00:00\r\n2021-02-03 07:00:00\r\n2021-02-01 07:00:00\r\n2021-02-03 07:00:00\r\n2021-02-05 07:00:00\r\n2021-02-03 07:00:00\r\n2021-02-05 07:00:00\r\n2021-02-08 07:00:00\r\n2021-02-05 07:00:00\r\n2021-02-08 07:00:00\r\n2021-02-08 07:00:00\r\n2021-02-10 07:00:00\r\n2021-02-10 07:00:00\r\n2021-02-12 07:00:00\r\n2021-02-12 07:00:00\r\n2021-02-15 07:00:00\r\n2021-02-12 07:00:00\r\n2021-02-15 07:00:00\r\n2021-02-17 07:00:00\r\n2021-02-15 07:00:00\r\n2021-02-17 07:00:00\r\n2021-02-19 07:00:00\r\n2021-02-17 07:00:00\r\n2021-02-19 07:00:00\r\n2021-02-22 07:00:00\r\n2021-02-19 07:00:00\r\n2021-02-22 07:00:00\r\n2021-02-22 07:00:00\r\n2021-02-24 07:00:00\r\n2021-02-24 07:00:00\r\n2021-02-26 07:00:00\r\n2021-02-26 07:00:00\r\n2021-03-01 07:00:00\r\n2021-02-26 07:00:00\r\n2021-03-01 07:00:00\r\n2021-03-03 07:00:00\r\n2021-03-01 07:00:00\r\n2021-03-03 07:00:00\r\n2021-03-05 07:00:00\r\n2021-03-03 07:00:00\r\n2021-03-05 07:00:00\r\n2021-03-08 07:00:00\r\n2021-03-05 07:00:00\r\n2021-03-08 07:00:00\r\n2021-03-08 07:00:00\r\n2021-03-10 07:00:00\r\n2021-03-10 07:00:00\r\n2021-03-12 07:00:00\r\n2021-03-12 07:00:00\r\n2021-03-15 07:00:00\r\n2021-03-12 07:00:00\r\n2021-03-15 07:00:00\r\n2021-03-17 07:00:00\r\n2021-03-15 07:00:00\r\n2021-03-17 07:00:00\r\n2021-03-19 07:00:00\r\n2021-03-17 07:00:00\r\n2021-03-19 07:00:00\r\n2021-03-22 07:00:00\r\n2021-03-19 07:00:00\r\n2021-03-22 07:00:00\r\n2021-03-22 07:00:00\r\n2021-03-24 07:00:00\r\n2021-03-24 07:00:00\r\n2021-03-26 07:00:00\r\n2021-03-26 07:00:00\r\n2021-03-29 07:00:00\r\n2021-03-26 07:00:00\r\n2021-03-29 07:00:00\r\n2021-03-31 07:00:00\r\n2021-03-29 07:00:00\r\n2021-03-31 07:00:00\r\n2021-04-02 07:00:00\r\n2021-03-31 07:00:00\r\n2021-04-02 07:00:00\r\n2021-04-04 07:00:00\r\n2021-04-02 07:00:00\r\n2021-04-04 07:00:00\r\n2021-04-07 07:00:00\r\n2021-04-04 07:00:00\r\n2021-04-07 07:00:00\r\n2021-04-07 07:00:00\r\n2021-04-09 07:00:00\r\n2021-04-09 07:00:00\r\n2021-04-12 07:00:00\r\n2021-04-09 07:00:00\r\n2021-04-12 07:00:00\r\n2021-04-14 07:00:00\r\n2021-04-12 07:00:00\r\n2021-04-14 07:00:00\r\n2021-04-16 07:00:00\r\n2021-04-14 07:00:00\r\n2021-04-16 07:00:00\r\n2021-04-19 07:00:00\r\n2021-04-16 07:00:00\r\n2021-04-19 07:00:00\r\n2021-04-19 07:00:00\r\n2021-04-21 07:00:00\r\n2021-04-21 07:00:00\r\n2021-04-23 07:00:00\r\n2021-04-23 07:00:00\r\n2021-04-26 07:00:00\r\n2021-04-23 07:00:00\r\n2021-04-26 07:00:00\r\n2021-04-28 07:00:00\r\n2021-04-26 07:00:00\r\n2021-04-28 07:00:00\r\n2021-04-30 07:00:00\r\n2021-04-28 07:00:00\r\n2021-04-30 07:00:00\r\n2021-05-03 07:00:00\r\n2021-04-30 07:00:00\r\n2021-05-03 07:00:00\r\n2021-05-03 07:00:00\r\n2021-05-05 07:00:00\r\n2021-05-05 07:00:00\r\n2021-05-07 07:00:00\r\n2021-05-07 07:00:00\r\n2021-05-10 07:00:00\r\n2021-05-07 07:00:00\r\n2021-05-10 07:00:00\r\n2021-05-12 07:00:00\r\n2021-05-10 07:00:00\r\n2021-05-12 07:00:00\r\n2021-05-14 07:00:00\r\n2021-05-12 07:00:00\r\n2021-05-14 07:00:00\r\n2021-05-17 07:00:00\r\n2021-05-14 07:00:00\r\n2021-05-17 07:00:00\r\n2021-05-17 07:00:00\r\n2021-05-19 07:00:00\r\n2021-05-19 07:00:00\r\n2021-05-21 07:00:00\r\n2021-05-21 07:00:00\r\n2021-05-24 07:00:00\r\n2021-05-21 07:00:00\r\n2021-05-24 07:00:00\r\n2021-05-26 07:00:00\r\n2021-05-24 07:00:00\r\n2021-05-26 07:00:00\r\n2021-05-28 07:00:00\r\n2021-05-26 07:00:00\r\n2021-05-28 07:00:00\r\n2021-05-31 07:00:00\r\n2021-05-28 07:00:00\r\n2021-05-31 07:00:00\r\n2021-05-31 07:00:00\r\n2021-06-02 07:00:00\r\n2021-06-02 07:00:00\r\n2021-06-04 07:00:00\r\n2021-06-04 07:00:00\r\n2021-06-07 07:00:00\r\n2021-06-04 07:00:00\r\n2021-06-07 07:00:00\r\n2021-06-09 07:00:00\r\n2021-06-07 07:00:00\r\n2021-06-09 07:00:00\r\n2021-06-11 07:00:00\r\n2021-06-09 07:00:00\r\n2021-06-11 07:00:00\r\n2021-06-14 07:00:00\r\n2021-06-11 07:00:00\r\n2021-06-14 07:00:00\r\n2021-06-14 07:00:00\r\n2021-06-16 07:00:00\r\n2021-06-16 07:00:00\r\n2021-06-18 07:00:00\r\n2021-06-18 07:00:00\r\n2021-06-21 07:00:00\r\n2021-06-18 07:00:00\r\n2021-06-21 07:00:00\r\n2021-06-23 07:00:00\r\n2021-06-21 07:00:00\r\n2021-06-23 07:00:00\r\n2021-06-25 07:00:00\r\n2021-06-23 07:00:00\r\n2021-06-25 07:00:00\r\n2021-06-28 07:00:00\r\n2021-06-25 07:00:00\r\n2021-06-28 07:00:00\r\n2021-06-28 07:00:00\r\n2021-06-30 07:00:00\r\n2021-06-30 07:00:00\r\n2021-07-02 07:00:00\r\n2021-07-02 07:00:00\r\n2021-07-05 07:00:00\r\n2021-07-02 07:00:00\r\n2021-07-05 07:00:00\r\n2021-07-07 07:00:00\r\n2021-07-05 07:00:00\r\n2021-07-07 07:00:00\r\n2021-07-09 07:00:00\r\n2021-07-07 07:00:00\r\n2021-07-09 07:00:00\r\n2021-07-12 07:00:00\r\n2021-07-09 07:00:00\r\n2021-07-12 07:00:00\r\n2021-07-12 07:00:00\r\n2021-07-14 07:00:00\r\n2021-07-14 07:00:00\r\n2021-07-16 07:00:00\r\n2021-07-16 07:00:00\r\n2021-07-19 07:00:00\r\n2021-07-16 07:00:00\r\n2021-07-19 07:00:00\r\n2021-07-21 07:00:00\r\n2021-07-19 07:00:00\r\n2021-07-21 07:00:00\r\n2021-07-23 07:00:00\r\n2021-07-21 07:00:00\r\n2021-07-23 07:00:00\r\n2021-07-26 07:00:00\r\n2021-07-23 07:00:00\r\n2021-07-26 07:00:00\r\n2021-07-26 07:00:00\r\n2021-07-28 07:00:00\r\n2021-07-28 07:00:00\r\n2021-07-30 07:00:00\r\n2021-07-30 07:00:00\r\n2021-08-02 07:00:00\r\n2021-07-30 07:00:00\r\n2021-08-02 07:00:00\r\n2021-08-04 07:00:00\r\n2021-08-02 07:00:00\r\n2021-08-04 07:00:00\r\n2021-08-06 07:00:00\r\n2021-08-04 07:00:00\r\n2021-08-06 07:00:00\r\n2021-08-09 07:00:00\r\n2021-08-06 07:00:00\r\n2021-08-09 07:00:00\r\n2021-08-09 07:00:00\r\n2021-08-11 07:00:00\r\n2021-08-11 07:00:00\r\n2021-08-13 07:00:00\r\n2021-08-13 07:00:00\r\n2021-08-16 07:00:00\r\n2021-08-13 07:00:00\r\n2021-08-16 07:00:00\r\n2021-08-18 07:00:00\r\n2021-08-16 07:00:00\r\n2021-08-18 07:00:00\r\n2021-08-20 07:00:00\r\n2021-08-18 07:00:00\r\n2021-08-20 07:00:00\r\n2021-08-23 07:00:00\r\n2021-08-20 07:00:00\r\n2021-08-23 07:00:00\r\n2021-08-23 07:00:00\r\n2021-08-25 07:00:00\r\n2021-08-25 07:00:00\r\n2021-08-27 07:00:00\r\n2021-08-27 07:00:00\r\n2021-08-30 07:00:00\r\n2021-08-27 07:00:00\r\n2021-08-30 07:00:00\r\n2021-09-01 07:00:00\r\n2021-08-30 07:00:00\r\n2021-09-01 07:00:00\r\n2021-09-03 07:00:00\r\n2021-09-01 07:00:00\r\n2021-09-03 07:00:00\r\n2021-09-06 07:00:00\r\n2021-09-03 07:00:00\r\n2021-09-06 07:00:00\r\n2021-09-06 07:00:00\r\n2021-09-08 07:00:00\r\n2021-09-08 07:00:00\r\n2021-09-10 07:00:00\r\n2021-09-10 07:00:00\r\n2021-09-13 07:00:00\r\n2021-09-10 07:00:00\r\n2021-09-13 07:00:00\r\n2021-09-15 07:00:00\r\n2021-09-13 07:00:00\r\n2021-09-15 07:00:00\r\n2021-09-17 07:00:00\r\n2021-09-15 07:00:00\r\n2021-09-17 07:00:00\r\n2021-09-20 07:00:00\r\n2021-09-17 07:00:00\r\n2021-09-20 07:00:00\r\n2021-09-20 07:00:00\r\n2021-09-22 07:00:00\r\n2021-09-22 07:00:00\r\n2021-09-24 07:00:00\r\n2021-09-24 07:00:00\r\n2021-09-27 07:00:00\r\n2021-09-24 07:00:00\r\n2021-09-27 07:00:00\r\n2021-09-29 07:00:00\r\n2021-09-27 07:00:00\r\n2021-09-29 07:00:00\r\n2021-10-01 07:00:00\r\n2021-09-29 07:00:00\r\n2021-10-01 07:00:00\r\n2021-10-02 07:00:00\r\n2021-10-02 07:00:00\r\n2021-10-06 07:00:00\r\n2021-10-02 07:00:00\r\n2021-10-06 07:00:00\r\n2021-10-06 07:00:00\r\n2021-10-08 07:00:00\r\n2021-10-08 07:00:00\r\n2021-10-11 07:00:00\r\n2021-10-08 07:00:00\r\n2021-10-11 07:00:00\r\n2021-10-13 07:00:00\r\n2021-10-11 07:00:00\r\n2021-10-13 07:00:00\r\n2021-10-15 07:00:00\r\n2021-10-13 07:00:00\r\n2021-10-15 07:00:00\r\n2021-10-18 07:00:00\r\n2021-10-15 07:00:00\r\n2021-10-18 07:00:00\r\n2021-10-18 07:00:00\r\n2021-10-20 07:00:00\r\n2021-10-20 07:00:00\r\n2021-10-22 07:00:00\r\n2021-10-22 07:00:00\r\n2021-10-25 07:00:00\r\n2021-10-22 07:00:00\r\n2021-10-25 07:00:00\r\n2021-10-27 07:00:00\r\n2021-10-25 07:00:00\r\n2021-10-27 07:00:00\r\n2021-10-29 07:00:00\r\n2021-10-27 07:00:00\r\n2021-10-29 07:00:00\r\n2021-11-01 07:00:00\r\n2021-10-29 07:00:00\r\n2021-11-01 07:00:00\r\n2021-11-01 07:00:00\r\n2021-11-03 07:00:00\r\n2021-11-03 07:00:00\r\n2021-11-05 07:00:00\r\n2021-11-05 07:00:00\r\n2021-11-08 07:00:00\r\n2021-11-05 07:00:00\r\n2021-11-08 07:00:00\r\n2021-11-10 07:00:00\r\n2021-11-08 07:00:00\r\n2021-11-10 07:00:00\r\n2021-11-12 07:00:00\r\n2021-11-10 07:00:00\r\n2021-11-12 07:00:00\r\n2021-11-15 07:00:00\r\n2021-11-12 07:00:00\r\n2021-11-15 07:00:00\r\n2021-11-15 07:00:00\r\n2021-11-17 07:00:00\r\n2021-11-17 07:00:00\r\n2021-11-19 07:00:00\r\n2021-11-19 07:00:00\r\n2021-11-22 07:00:00\r\n2021-11-19 07:00:00\r\n2021-11-22 07:00:00\r\n2021-11-24 07:00:00\r\n2021-11-22 07:00:00\r\n2021-11-24 07:00:00\r\n2021-11-26 07:00:00\r\n2021-11-24 07:00:00\r\n2021-11-26 07:00:00\r\n2021-11-29 07:00:00\r\n2021-11-26 07:00:00\r\n2021-11-29 07:00:00\r\n2021-11-29 07:00:00\r\n2021-12-01 07:00:00\r\n2021-12-01 07:00:00\r\n2021-12-03 07:00:00\r\n2021-12-03 07:00:00\r\n2021-12-06 07:00:00\r\n2021-12-03 07:00:00\r\n2021-12-06 07:00:00\r\n2021-12-08 07:00:00\r\n2021-12-06 07:00:00\r\n2021-12-08 07:00:00\r\n2021-12-10 07:00:00\r\n2021-12-08 07:00:00\r\n2021-12-10 07:00:00\r\n2021-12-13 07:00:00\r\n2021-12-10 07:00:00\r\n2021-12-13 07:00:00\r\n2021-12-13 07:00:00\r\n2021-12-15 07:00:00\r\n2021-12-15 07:00:00\r\n2021-12-17 07:00:00\r\n2021-12-17 07:00:00\r\n2021-12-20 07:00:00\r\n2021-12-17 07:00:00\r\n2021-12-20 07:00:00\r\n2021-12-22 07:00:00\r\n2021-12-20 07:00:00\r\n2021-12-22 07:00:00\r\n2021-12-24 07:00:00\r\n2021-12-22 07:00:00\r\n2021-12-24 07:00:00\r\n2021-12-27 07:00:00\r\n2021-12-24 07:00:00\r\n2021-12-27 07:00:00\r\n2021-12-27 07:00:00\r\n2021-12-29 07:00:00\r\n2021-12-29 07:00:00\r\n2021-12-31 07:00:00\r\n2021-12-31 07:00:00\r\n2022-01-03 07:00:00\r\n2021-12-31 07:00:00\r\n2022-01-03 07:00:00\r\n2022-01-05 07:00:00\r\n2022-01-03 07:00:00\r\n2022-01-05 07:00:00\r\n2022-01-07 07:00:00\r\n2022-01-05 07:00:00\r\n2022-01-07 07:00:00\r\n2022-01-10 07:00:00\r\n2022-01-07 07:00:00\r\n2022-01-10 07:00:00\r\n2022-01-10 07:00:00\r\n2022-01-12 07:00:00\r\n2022-01-12 07:00:00\r\n2022-01-14 07:00:00\r\n2022-01-14 07:00:00\r\n2022-01-17 07:00:00\r\n2022-01-14 07:00:00\r\n2022-01-17 07:00:00\r\n2022-01-19 07:00:00\r\n2022-01-17 07:00:00\r\n2022-01-19 07:00:00\r\n2022-01-21 07:00:00\r\n2022-01-19 07:00:00\r\n2022-01-21 07:00:00\r\n2022-01-24 07:00:00\r\n2022-01-21 07:00:00\r\n2022-01-24 07:00:00\r\n2022-01-24 07:00:00\r\n2022-01-26 07:00:00\r\n2022-01-26 07:00:00\r\n2022-01-28 07:00:00\r\n2022-01-28 07:00:00\r\n2022-01-31 07:00:00\r\n2022-01-28 07:00:00\r\n2022-01-31 07:00:00\r\n2022-02-02 07:00:00\r\n2022-01-31 07:00:00\r\n2022-02-02 07:00:00\r\n2022-02-04 07:00:00\r\n2022-02-02 07:00:00\r\n2022-02-04 07:00:00\r\n2022-02-07 07:00:00\r\n2022-02-04 07:00:00\r\n2022-02-07 07:00:00\r\n2022-02-07 07:00:00\r\n2022-02-09 07:00:00\r\n2022-02-09 07:00:00\r\n2022-02-11 07:00:00\r\n2022-02-11 07:00:00\r\n2022-02-14 07:00:00\r\n2022-02-11 07:00:00\r\n2022-02-14 07:00:00\r\n2022-02-16 07:00:00\r\n2022-02-14 07:00:00\r\n2022-02-16 07:00:00\r\n2022-02-18 07:00:00\r\n2022-02-16 07:00:00\r\n2022-02-18 07:00:00\r\n2022-02-21 07:00:00\r\n2022-02-18 07:00:00\r\n2022-02-21 07:00:00\r\n2022-02-21 07:00:00\r\n2022-02-23 07:00:00\r\n2022-02-23 07:00:00\r\n2022-02-25 07:00:00\r\n2022-02-25 07:00:00\r\n2022-02-28 07:00:00\r\n2022-02-25 07:00:00\r\n2022-02-28 07:00:00\r\n2022-03-02 07:00:00\r\n2022-02-28 07:00:00\r\n2022-03-02 07:00:00\r\n2022-03-04 07:00:00\r\n2022-03-02 07:00:00\r\n2022-03-04 07:00:00\r\n2022-03-07 07:00:00\r\n2022-03-04 07:00:00\r\n2022-03-07 07:00:00\r\n2022-03-07 07:00:00\r\n2022-03-09 07:00:00\r\n2022-03-09 07:00:00\r\n2022-03-11 07:00:00\r\n2022-03-11 07:00:00\r\n2022-03-14 07:00:00\r\n2022-03-11 07:00:00\r\n2022-03-14 07:00:00\r\n2022-03-16 07:00:00\r\n2022-03-14 07:00:00\r\n2022-03-16 07:00:00\r\n2022-03-18 07:00:00\r\n2022-03-16 07:00:00\r\n2022-03-18 07:00:00\r\n2022-03-21 07:00:00\r\n2022-03-18 07:00:00\r\n2022-03-21 07:00:00\r\n2022-03-21 07:00:00\r\n2022-03-23 07:00:00\r\n2022-03-23 07:00:00\r\n2022-03-25 07:00:00\r\n2022-03-25 07:00:00\r\n2022-03-28 07:00:00\r\n2022-03-25 07:00:00\r\n2022-03-28 07:00:00\r\n2022-03-30 07:00:00\r\n2022-03-28 07:00:00\r\n2022-03-30 07:00:00\r\n2022-04-01 07:00:00\r\n2022-03-30 07:00:00\r\n2022-04-01 07:00:00\r\n2022-04-04 07:00:00\r\n2022-04-01 07:00:00\r\n2022-04-04 07:00:00\r\n2022-04-04 07:00:00\r\n2022-04-06 07:00:00\r\n2022-04-06 07:00:00\r\n2022-04-08 07:00:00\r\n2022-04-08 07:00:00\r\n2022-04-11 07:00:00\r\n2022-04-08 07:00:00\r\n2022-04-11 07:00:00\r\n2022-04-13 07:00:00\r\n2022-04-11 07:00:00\r\n2022-04-13 07:00:00\r\n2022-04-15 07:00:00\r\n2022-04-13 07:00:00\r\n2022-04-15 07:00:00\r\n2022-04-18 07:00:00\r\n2022-04-15 07:00:00\r\n2022-04-18 07:00:00\r\n2022-04-18 07:00:00\r\n2022-04-20 07:00:00\r\n2022-04-20 07:00:00\r\n2022-04-22 07:00:00\r\n2022-04-22 07:00:00\r\n2022-04-25 07:00:00\r\n2022-04-22 07:00:00\r\n2022-04-25 07:00:00\r\n2022-04-27 07:00:00\r\n2022-04-25 07:00:00\r\n2022-04-27 07:00:00\r\n2022-04-29 07:00:00\r\n2022-04-27 07:00:00\r\n2022-04-29 07:00:00\r\n2022-05-02 07:00:00\r\n2022-04-29 07:00:00\r\n2022-05-02 07:00:00\r\n2022-05-02 07:00:00\r\n2022-05-04 07:00:00\r\n2022-05-04 07:00:00\r\n2022-05-06 07:00:00\r\n2022-05-06 07:00:00\r\n2022-05-09 07:00:00\r\n2022-05-06 07:00:00\r\n2022-05-09 07:00:00\r\n2022-05-11 07:00:00\r\n2022-05-09 07:00:00\r\n2022-05-11 07:00:00\r\n2022-05-13 07:00:00\r\n2022-05-11 07:00:00\r\n2022-05-13 07:00:00\r\n2022-05-16 07:00:00\r\n2022-05-13 07:00:00\r\n2022-05-16 07:00:00\r\n2022-05-16 07:00:00\r\n2022-05-18 07:00:00\r\n2022-05-18 07:00:00\r\n2022-05-20 07:00:00\r', '2023-09-13 21:09:00', '2023-09-13 21:09:00', '1', '1', '0');
INSERT INTO `sample_set` VALUES ('24', 'new Name[I@23abeae', 'new description[I@23abeae', 'tag,collect_time\r\nFCC.1LUSHUI.PH,2020-04-30 17:00:00\r\nFCC.1LUSHUI.PH,2020-05-01 07:00:00\r\nFCC.1LUSHUI.PH,2020-05-01 17:00:00\r\nFCC.1LUSHUI.PH,2020-05-02 07:00:00\r\nFCC.1LUSHUI.PH,2020-05-02 17:00:00\r\nFCC.1LUSHUI.PH,2020-05-03 07:00:00\r\nFCC.1LUSHUI.PH,2020-05-03 17:00:00\r\nFCC.1LUSHUI.PH,2020-05-04 07:00:00\r\nFCC.1LUSHUI.PH,2020-05-04 17:00:00\r\nFCC.1LUSHUI.PH,2020-05-05 07:00:00\r\nFCC.1LUSHUI.PH,2020-05-05 17:00:00\r\nFCC.1LUSHUI.PH,2020-05-06 07:00:00\r\nFCC.1LUSHUI.PH,2020-05-06 17:00:00\r\nFCC.1LUSHUI.PH,2020-05-07 07:00:00\r\nFCC.1LUSHUI.PH,2020-05-07 17:00:00\r\nFCC.1LUSHUI.PH,2020-05-08 07:00:00\r\nFCC.1LUSHUI.PH,2020-05-08 17:00:00\r\nFCC.1LUSHUI.PH,2020-05-09 07:00:00\r\nFCC.1LUSHUI.PH,2020-05-09 17:00:00\r\nFCC.1LUSHUI.PH,2020-05-10 07:00:00\r\nFCC.1LUSHUI.PH,2020-05-10 17:00:00\r\nFCC.1LUSHUI.PH,2020-05-11 07:00:00\r\nFCC.1LUSHUI.PH,2020-05-11 17:00:00\r\nFCC.1LUSHUI.PH,2020-05-12 07:00:00\r\nFCC.1LUSHUI.PH,2020-05-12 17:00:00\r\nFCC.1LUSHUI.PH,2020-05-13 07:00:00\r\nFCC.1LUSHUI.PH,2020-05-13 17:00:00\r\nFCC.1LUSHUI.PH,2020-05-14 07:00:00\r\nFCC.1LUSHUI.PH,2020-05-14 17:00:00\r\nFCC.1LUSHUI.PH,2020-05-15 07:00:00\r\nFCC.1LUSHUI.PH,2020-05-15 17:00:00\r\nFCC.1LUSHUI.PH,2020-05-16 07:00:00\r\nFCC.1LUSHUI.PH,2020-05-16 17:00:00\r\nFCC.1LUSHUI.PH,2020-05-17 07:00:00\r\nFCC.1LUSHUI.PH,2020-05-17 17:00:00\r\nFCC.1LUSHUI.PH,2020-05-18 07:00:00\r\nFCC.1LUSHUI.PH,2020-05-18 17:00:00\r\nFCC.1LUSHUI.PH,2020-05-19 07:00:00\r\nFCC.1LUSHUI.PH,2020-05-19 17:00:00\r\nFCC.1LUSHUI.PH,2020-05-20 07:00:00\r\nFCC.1LUSHUI.PH,2020-05-20 17:00:00\r\nFCC.1LUSHUI.PH,2020-05-21 07:00:00\r\nFCC.1LUSHUI.PH,2020-05-21 17:00:00\r\nFCC.1LUSHUI.PH,2020-05-22 07:00:00\r\nFCC.1LUSHUI.PH,2020-05-22 07:00:00\r\nFCC.1LUSHUI.PH,2020-05-23 17:00:00\r\nFCC.1LUSHUI.PH,2020-05-24 07:00:00\r\nFCC.1LUSHUI.PH,2020-05-24 17:00:00\r\nFCC.1LUSHUI.PH,2020-05-25 07:00:00\r\nFCC.1LUSHUI.PH,2020-05-25 17:00:00\r\nFCC.1LUSHUI.PH,2020-05-26 07:00:00\r\nFCC.1LUSHUI.PH,2020-05-26 17:00:00\r\nFCC.1LUSHUI.PH,2020-05-27 07:00:00\r\nFCC.1LUSHUI.PH,2020-05-27 17:00:00\r\nFCC.1LUSHUI.PH,2020-05-28 07:00:00\r\nFCC.1LUSHUI.PH,2020-05-28 17:00:00\r\nFCC.1LUSHUI.PH,2020-05-29 07:00:00\r\nFCC.1LUSHUI.PH,2020-05-29 17:00:00\r\nFCC.1LUSHUI.PH,2020-05-30 07:00:00\r\nFCC.1LUSHUI.PH,2020-05-30 17:00:00\r\nFCC.1LUSHUI.PH,2020-05-31 07:00:00\r\nFCC.1LUSHUI.PH,2020-05-31 17:00:00\r\nFCC.1LUSHUI.PH,2020-06-01 07:00:00\r\nFCC.1LUSHUI.PH,2020-06-01 17:00:00\r\nFCC.1LUSHUI.PH,2020-06-02 07:00:00\r\nFCC.1LUSHUI.PH,2020-06-02 17:00:00\r\nFCC.1LUSHUI.PH,2020-06-03 07:00:00\r\nFCC.1LUSHUI.PH,2020-06-03 17:00:00\r\nFCC.1LUSHUI.PH,2020-06-04 07:00:00\r\nFCC.1LUSHUI.PH,2020-06-04 17:00:00\r\nFCC.1LUSHUI.PH,2020-06-05 07:00:00\r\nFCC.1LUSHUI.PH,2020-06-05 17:00:00\r\nFCC.1LUSHUI.PH,2020-06-06 07:00:00\r\nFCC.1LUSHUI.PH,2020-06-06 17:00:00\r\nFCC.1LUSHUI.PH,2020-06-07 07:00:00\r\nFCC.1LUSHUI.PH,2020-06-07 17:00:00\r\nFCC.1LUSHUI.PH,2020-06-08 07:00:00\r\nFCC.1LUSHUI.PH,2020-06-08 17:00:00\r\nFCC.1LUSHUI.PH,2020-06-09 07:00:00\r\nFCC.1LUSHUI.PH,2020-06-09 17:00:00\r\nFCC.1LUSHUI.PH,2020-06-10 07:00:00\r\nFCC.1LUSHUI.PH,2020-06-10 17:00:00\r\nFCC.1LUSHUI.PH,2020-06-11 07:00:00\r\nFCC.1LUSHUI.PH,2020-06-11 17:00:00\r\nFCC.1LUSHUI.PH,2020-06-12 07:00:00\r\nFCC.1LUSHUI.PH,2020-06-12 17:00:00\r\nFCC.1LUSHUI.PH,2020-06-13 07:00:00\r\nFCC.1LUSHUI.PH,2020-06-13 17:00:00\r\nFCC.1LUSHUI.PH,2020-06-14 07:00:00\r\nFCC.1LUSHUI.PH,2020-06-14 17:00:00\r\nFCC.1LUSHUI.PH,2020-06-15 07:00:00\r\nFCC.1LUSHUI.PH,2020-06-15 17:00:00\r\nFCC.1LUSHUI.PH,2020-06-16 07:00:00\r\nFCC.1LUSHUI.PH,2020-06-16 17:00:00\r\nFCC.1LUSHUI.PH,2020-06-17 07:00:00\r\nFCC.1LUSHUI.PH,2020-06-17 17:00:00\r\nFCC.1LUSHUI.PH,2020-06-18 07:00:00\r\nFCC.1LUSHUI.PH,2020-06-18 17:00:00\r\nFCC.1LUSHUI.PH,2020-06-19 07:00:00\r\nFCC.1LUSHUI.PH,2020-06-19 17:00:00\r\nFCC.1LUSHUI.PH,2020-06-20 07:00:00\r\nFCC.1LUSHUI.PH,2020-06-20 17:00:00\r\nFCC.1LUSHUI.PH,2020-06-21 07:00:00\r\nFCC.1LUSHUI.PH,2020-06-21 17:00:00\r\nFCC.1LUSHUI.PH,2020-06-22 07:00:00\r\nFCC.1LUSHUI.PH,2020-06-22 17:00:00\r\nFCC.1LUSHUI.PH,2020-06-23 07:00:00\r\nFCC.1LUSHUI.PH,2020-06-23 17:00:00\r\nFCC.1LUSHUI.PH,2020-06-24 07:00:00\r\nFCC.1LUSHUI.PH,2020-06-24 17:00:00\r\nFCC.1LUSHUI.PH,2020-06-25 07:00:00\r\nFCC.1LUSHUI.PH,2020-06-25 17:00:00\r\nFCC.1LUSHUI.PH,2020-06-26 07:00:00\r\nFCC.1LUSHUI.PH,2020-06-26 17:00:00\r\nFCC.1LUSHUI.PH,2020-06-27 07:00:00\r\nFCC.1LUSHUI.PH,2020-06-27 17:00:00\r\nFCC.1LUSHUI.PH,2020-06-28 07:00:00\r\nFCC.1LUSHUI.PH,2020-06-28 17:00:00\r\nFCC.1LUSHUI.PH,2020-06-29 07:00:00\r\nFCC.1LUSHUI.PH,2020-06-29 21:00:00\r\nFCC.1LUSHUI.PH,2020-06-30 07:00:00\r\nFCC.1LUSHUI.PH,2020-06-30 17:00:00\r\nFCC.1LUSHUI.PH,2020-07-01 07:00:00\r\nFCC.1LUSHUI.PH,2020-07-01 17:00:00\r\nFCC.1LUSHUI.PH,2020-07-02 07:00:00\r\nFCC.1LUSHUI.PH,2020-07-02 17:00:00\r\nFCC.1LUSHUI.PH,2020-07-03 07:00:00\r\nFCC.1LUSHUI.PH,2020-07-03 17:00:00\r\nFCC.1LUSHUI.PH,2020-07-04 07:00:00\r\nFCC.1LUSHUI.PH,2020-07-04 17:00:00\r\nFCC.1LUSHUI.PH,2020-07-05 07:00:00\r\nFCC.1LUSHUI.PH,2020-07-05 17:00:00\r\nFCC.1LUSHUI.PH,2020-07-06 07:00:00\r\nFCC.1LUSHUI.PH,2020-07-06 17:00:00\r\nFCC.1LUSHUI.PH,2020-07-07 07:00:00\r\nFCC.1LUSHUI.PH,2020-07-07 17:00:00\r\nFCC.1LUSHUI.PH,2020-07-08 07:00:00\r\nFCC.1LUSHUI.PH,2020-07-08 17:00:00\r\nFCC.1LUSHUI.PH,2020-07-09 07:00:00\r\nFCC.1LUSHUI.PH,2020-07-09 17:00:00\r\nFCC.1LUSHUI.PH,2020-07-10 07:00:00\r\nFCC.1LUSHUI.PH,2020-07-10 17:00:00\r\nFCC.1LUSHUI.PH,2020-07-11 07:00:00\r\nFCC.1LUSHUI.PH,2020-07-11 17:00:00\r\nFCC.1LUSHUI.PH,2020-07-12 07:00:00\r\nFCC.1LUSHUI.PH,2020-07-12 17:00:00\r\nFCC.1LUSHUI.PH,2020-07-13 07:00:00\r\nFCC.1LUSHUI.PH,2020-07-13 17:00:00\r\nFCC.1LUSHUI.PH,2020-07-14 07:00:00\r\nFCC.1LUSHUI.PH,2020-07-14 17:00:00\r\nFCC.1LUSHUI.PH,2020-07-15 07:00:00\r\nFCC.1LUSHUI.PH,2020-07-15 17:00:00\r\nFCC.1LUSHUI.PH,2020-07-16 07:00:00\r\nFCC.1LUSHUI.PH,2020-07-16 17:00:00\r\nFCC.1LUSHUI.PH,2020-07-17 07:00:00\r\nFCC.1LUSHUI.PH,2020-07-17 17:00:00\r\nFCC.1LUSHUI.PH,2020-07-18 07:00:00\r\nFCC.1LUSHUI.PH,2020-07-18 17:00:00\r\nFCC.1LUSHUI.PH,2020-07-19 07:00:00\r\nFCC.1LUSHUI.PH,2020-07-19 17:00:00\r\nFCC.1LUSHUI.PH,2020-07-20 07:00:00\r\nFCC.1LUSHUI.PH,2020-07-20 17:00:00\r\nFCC.1LUSHUI.PH,2020-07-21 07:00:00\r\nFCC.1LUSHUI.PH,2020-07-21 17:00:00\r\nFCC.1LUSHUI.PH,2020-07-22 07:00:00\r\nFCC.1LUSHUI.PH,2020-07-22 17:00:00\r\nFCC.1LUSHUI.PH,2020-07-23 07:00:00\r\nFCC.1LUSHUI.PH,2020-07-23 17:00:00\r\nFCC.1LUSHUI.PH,2020-07-24 07:00:00\r\nFCC.1LUSHUI.PH,2020-07-24 17:00:00\r\nFCC.1LUSHUI.PH,2020-07-25 07:00:00\r\nFCC.1LUSHUI.PH,2020-07-25 17:00:00\r\nFCC.1LUSHUI.PH,2020-07-26 07:00:00\r\nFCC.1LUSHUI.PH,2020-07-26 17:00:00\r\nFCC.1LUSHUI.PH,2020-07-27 07:00:00\r\nFCC.1LUSHUI.PH,2020-07-27 17:00:00\r\nFCC.1LUSHUI.PH,2020-07-28 07:00:00\r\nFCC.1LUSHUI.PH,2020-07-28 17:00:00\r\nFCC.1LUSHUI.PH,2020-07-29 07:00:00\r\nFCC.1LUSHUI.PH,2020-07-29 17:00:00\r\nFCC.1LUSHUI.PH,2020-07-30 07:00:00\r\nFCC.1LUSHUI.PH,2020-07-30 17:00:00\r\nFCC.1LUSHUI.PH,2020-07-31 07:00:00\r\nFCC.1LUSHUI.PH,2020-07-31 17:00:00\r\nFCC.1LUSHUI.PH,2020-08-01 07:00:00\r\nFCC.1LUSHUI.PH,2020-08-01 17:00:00\r\nFCC.1LUSHUI.PH,2020-08-02 07:00:00\r\nFCC.1LUSHUI.PH,2020-08-02 17:00:00\r\nFCC.1LUSHUI.PH,2020-08-03 07:00:00\r\nFCC.1LUSHUI.PH,2020-08-03 17:00:00\r\nFCC.1LUSHUI.PH,2020-08-04 07:00:00\r\nFCC.1LUSHUI.PH,2020-08-04 17:00:00\r\nFCC.1LUSHUI.PH,2020-08-05 07:00:00\r\nFCC.1LUSHUI.PH,2020-08-05 17:00:00\r\nFCC.1LUSHUI.PH,2020-08-06 07:00:00\r\nFCC.1LUSHUI.PH,2020-08-06 17:00:00\r\nFCC.1LUSHUI.PH,2020-08-07 07:00:00\r\nFCC.1LUSHUI.PH,2020-08-07 17:00:00\r\nFCC.1LUSHUI.PH,2020-08-08 07:00:00\r\nFCC.1LUSHUI.PH,2020-08-08 17:00:00\r\nFCC.1LUSHUI.PH,2020-08-09 07:00:00\r\nFCC.1LUSHUI.PH,2020-08-09 17:00:00\r\nFCC.1LUSHUI.PH,2020-08-10 07:00:00\r\nFCC.1LUSHUI.PH,2020-08-10 17:00:00\r\nFCC.1LUSHUI.PH,2020-08-11 07:00:00\r\nFCC.1LUSHUI.PH,2020-08-11 17:00:00\r\nFCC.1LUSHUI.PH,2020-08-12 07:00:00\r\nFCC.1LUSHUI.PH,2020-08-12 17:00:00\r\nFCC.1LUSHUI.PH,2020-08-13 07:00:00\r\nFCC.1LUSHUI.PH,2020-08-13 17:00:00\r\nFCC.1LUSHUI.PH,2020-08-14 07:00:00\r\nFCC.1LUSHUI.PH,2020-08-14 17:00:00\r\nFCC.1LUSHUI.PH,2020-08-15 07:00:00\r\nFCC.1LUSHUI.PH,2020-08-15 17:00:00\r\nFCC.1LUSHUI.PH,2020-08-16 07:00:00\r\nFCC.1LUSHUI.PH,2020-08-16 17:00:00\r\nFCC.1LUSHUI.PH,2020-08-17 07:00:00\r\nFCC.1LUSHUI.PH,2020-08-17 17:00:00\r\nFCC.1LUSHUI.PH,2020-08-18 07:00:00\r\nFCC.1LUSHUI.PH,2020-08-18 17:00:00\r\nFCC.1LUSHUI.PH,2020-08-19 07:00:00\r\nFCC.1LUSHUI.PH,2020-08-19 17:00:00\r\nFCC.1LUSHUI.PH,2020-08-20 07:00:00\r\nFCC.1LUSHUI.PH,2020-08-20 17:00:00\r\nFCC.1LUSHUI.PH,2020-08-21 07:00:00\r\nFCC.1LUSHUI.PH,2020-08-21 17:00:00\r\nFCC.1LUSHUI.PH,2020-08-22 07:00:00\r\nFCC.1LUSHUI.PH,2020-08-22 17:00:00\r\nFCC.1LUSHUI.PH,2020-08-23 07:00:00\r\nFCC.1LUSHUI.PH,2020-08-23 17:00:00\r\nFCC.1LUSHUI.PH,2020-08-24 07:00:00\r\nFCC.1LUSHUI.PH,2020-08-24 17:00:00\r\nFCC.1LUSHUI.PH,2020-08-25 07:00:00\r\nFCC.1LUSHUI.PH,2020-08-25 17:00:00\r\nFCC.1LUSHUI.PH,2020-08-26 07:00:00\r\nFCC.1LUSHUI.PH,2020-08-26 17:00:00\r\nFCC.1LUSHUI.PH,2020-08-27 07:00:00\r\nFCC.1LUSHUI.PH,2020-08-27 17:00:00\r\nFCC.1LUSHUI.PH,2020-08-28 07:00:00\r\nFCC.1LUSHUI.PH,2020-08-28 17:00:00\r\nFCC.1LUSHUI.PH,2020-08-29 07:00:00\r\nFCC.1LUSHUI.PH,2020-08-29 17:00:00\r\nFCC.1LUSHUI.PH,2020-08-30 07:00:00\r\nFCC.1LUSHUI.PH,2020-08-30 17:00:00\r\nFCC.1LUSHUI.PH,2020-08-31 07:00:00\r\nFCC.1LUSHUI.PH,2020-08-31 17:00:00\r\nFCC.1LUSHUI.PH,2020-09-01 07:00:00\r\nFCC.1LUSHUI.PH,2020-09-01 17:00:00\r\nFCC.1LUSHUI.PH,2020-09-02 07:00:00\r\nFCC.1LUSHUI.PH,2020-09-02 17:00:00\r\nFCC.1LUSHUI.PH,2020-09-03 07:00:00\r\nFCC.1LUSHUI.PH,2020-09-03 17:00:00\r\nFCC.1LUSHUI.PH,2020-09-04 07:00:00\r\nFCC.1LUSHUI.PH,2020-09-04 17:00:00\r\nFCC.1LUSHUI.PH,2020-09-05 07:00:00\r\nFCC.1LUSHUI.PH,2020-09-05 17:00:00\r\nFCC.1LUSHUI.PH,2020-09-06 07:00:00\r\nFCC.1LUSHUI.PH,2020-09-06 17:00:00\r\nFCC.1LUSHUI.PH,2020-09-07 07:00:00\r\nFCC.1LUSHUI.PH,2020-09-07 17:00:00\r\nFCC.1LUSHUI.PH,2020-09-08 07:00:00\r\nFCC.1LUSHUI.PH,2020-09-08 17:00:00\r\nFCC.1LUSHUI.PH,2020-09-09 07:00:00\r\nFCC.1LUSHUI.PH,2020-09-09 17:00:00\r\nFCC.1LUSHUI.PH,2020-09-10 07:00:00\r\nFCC.1LUSHUI.PH,2020-09-10 17:00:00\r\nFCC.1LUSHUI.PH,2020-09-11 07:00:00\r\nFCC.1LUSHUI.PH,2020-09-11 17:00:00\r\nFCC.1LUSHUI.PH,2020-09-12 07:00:00\r\nFCC.1LUSHUI.PH,2020-09-12 17:00:00\r\nFCC.1LUSHUI.PH,2020-09-13 07:00:00\r\nFCC.1LUSHUI.PH,2020-09-13 17:00:00\r\nFCC.1LUSHUI.PH,2020-09-14 07:00:00\r\nFCC.1LUSHUI.PH,2020-09-14 17:00:00\r\nFCC.1LUSHUI.PH,2020-09-15 07:00:00\r\nFCC.1LUSHUI.PH,2020-09-15 17:00:00\r\nFCC.1LUSHUI.PH,2020-09-16 07:00:00\r\nFCC.1LUSHUI.PH,2020-09-16 17:00:00\r\nFCC.1LUSHUI.PH,2020-09-17 07:00:00\r\nFCC.1LUSHUI.PH,2020-09-17 17:00:00\r\nFCC.1LUSHUI.PH,2020-09-18 07:00:00\r\nFCC.1LUSHUI.PH,2020-09-18 17:00:00\r\nFCC.1LUSHUI.PH,2020-09-19 07:00:00\r\nFCC.1LUSHUI.PH,2020-09-19 17:00:00\r\nFCC.1LUSHUI.PH,2020-09-20 07:00:00\r\nFCC.1LUSHUI.PH,2020-09-20 17:00:00\r\nFCC.1LUSHUI.PH,2020-09-21 07:00:00\r\nFCC.1LUSHUI.PH,2020-09-21 17:00:00\r\nFCC.1LUSHUI.PH,2020-09-22 07:00:00\r\nFCC.1LUSHUI.PH,2020-09-22 17:00:00\r\nFCC.1LUSHUI.PH,2020-09-23 07:00:00\r\nFCC.1LUSHUI.PH,2020-09-23 17:00:00\r\nFCC.1LUSHUI.PH,2020-09-24 07:00:00\r\nFCC.1LUSHUI.PH,2020-09-24 17:00:00\r\nFCC.1LUSHUI.PH,2020-09-25 07:00:00\r\nFCC.1LUSHUI.PH,2020-09-25 17:00:00\r\nFCC.1LUSHUI.PH,2020-09-26 07:00:00\r\nFCC.1LUSHUI.PH,2020-09-26 17:00:00\r\nFCC.1LUSHUI.PH,2020-09-27 07:00:00\r\nFCC.1LUSHUI.PH,2020-09-27 17:00:00\r\nFCC.1LUSHUI.PH,2020-09-28 07:00:00\r\nFCC.1LUSHUI.PH,2020-09-28 17:00:00\r\nFCC.1LUSHUI.PH,2020-09-29 07:00:00\r\nFCC.1LUSHUI.PH,2020-09-29 17:00:00\r\nFCC.1LUSHUI.PH,2020-09-30 07:00:00\r\nFCC.1LUSHUI.PH,2020-09-30 17:00:00\r\nFCC.1LUSHUI.PH,2020-10-01 07:00:00\r\nFCC.1LUSHUI.PH,2020-10-01 17:00:00\r\nFCC.1LUSHUI.PH,2020-10-02 07:00:00\r\nFCC.1LUSHUI.PH,2020-10-05 07:00:00\r\nFCC.1LUSHUI.PH,2020-10-02 07:00:00\r\nFCC.1LUSHUI.PH,2020-10-05 07:00:00\r\nFCC.1LUSHUI.PH,2020-10-05 07:00:00\r\nFCC.1LUSHUI.PH,2020-10-07 07:00:00\r\nFCC.1LUSHUI.PH,2020-10-07 07:00:00\r\nFCC.1LUSHUI.PH,2020-10-09 07:00:00\r\nFCC.1LUSHUI.PH,2020-10-09 07:00:00\r\nFCC.1LUSHUI.PH,2020-10-12 07:00:00\r\nFCC.1LUSHUI.PH,2020-10-09 07:00:00\r\nFCC.1LUSHUI.PH,2020-10-12 07:00:00\r\nFCC.1LUSHUI.PH,2020-10-14 07:00:00\r\nFCC.1LUSHUI.PH,2020-10-12 07:00:00\r\nFCC.1LUSHUI.PH,2020-10-14 07:00:00\r\nFCC.1LUSHUI.PH,2020-10-16 07:00:00\r\nFCC.1LUSHUI.PH,2020-10-14 07:00:00\r\nFCC.1LUSHUI.PH,2020-10-16 07:00:00\r\nFCC.1LUSHUI.PH,2020-10-19 07:00:00\r\nFCC.1LUSHUI.PH,2020-10-16 07:00:00\r\nFCC.1LUSHUI.PH,2020-10-19 07:00:00\r\nFCC.1LUSHUI.PH,2020-10-19 07:00:00\r\nFCC.1LUSHUI.PH,2020-10-21 07:00:00\r\nFCC.1LUSHUI.PH,2020-10-21 07:00:00\r\nFCC.1LUSHUI.PH,2020-10-23 07:00:00\r\nFCC.1LUSHUI.PH,2020-10-23 07:00:00\r\nFCC.1LUSHUI.PH,2020-10-26 07:00:00\r\nFCC.1LUSHUI.PH,2020-10-23 07:00:00\r\nFCC.1LUSHUI.PH,2020-10-26 07:00:00\r\nFCC.1LUSHUI.PH,2020-10-28 07:00:00\r\nFCC.1LUSHUI.PH,2020-10-26 07:00:00\r\nFCC.1LUSHUI.PH,2020-10-28 07:00:00\r\nFCC.1LUSHUI.PH,2020-10-30 07:00:00\r\nFCC.1LUSHUI.PH,2020-10-28 07:00:00\r\nFCC.1LUSHUI.PH,2020-10-30 07:00:00\r\nFCC.1LUSHUI.PH,2020-11-02 07:00:00\r\nFCC.1LUSHUI.PH,2020-10-30 07:00:00\r\nFCC.1LUSHUI.PH,2020-11-02 07:00:00\r\nFCC.1LUSHUI.PH,2020-11-02 07:00:00\r\nFCC.1LUSHUI.PH,2020-11-04 07:00:00\r\nFCC.1LUSHUI.PH,2020-11-04 07:00:00\r\nFCC.1LUSHUI.PH,2020-11-06 07:00:00\r\nFCC.1LUSHUI.PH,2020-11-06 07:00:00\r\nFCC.1LUSHUI.PH,2020-11-09 07:00:00\r\nFCC.1LUSHUI.PH,2020-11-06 07:00:00\r\nFCC.1LUSHUI.PH,2020-11-09 07:00:00\r\nFCC.1LUSHUI.PH,2020-11-11 07:00:00\r\nFCC.1LUSHUI.PH,2020-11-09 07:00:00\r\nFCC.1LUSHUI.PH,2020-11-11 07:00:00\r\nFCC.1LUSHUI.PH,2020-11-13 07:00:00\r\nFCC.1LUSHUI.PH,2020-11-11 07:00:00\r\nFCC.1LUSHUI.PH,2020-11-13 07:00:00\r\nFCC.1LUSHUI.PH,2020-11-16 07:00:00\r\nFCC.1LUSHUI.PH,2020-11-13 07:00:00\r\nFCC.1LUSHUI.PH,2020-11-16 07:00:00\r\nFCC.1LUSHUI.PH,2020-11-16 07:00:00\r\nFCC.1LUSHUI.PH,2020-11-18 07:00:00\r\nFCC.1LUSHUI.PH,2020-11-18 07:00:00\r\nFCC.1LUSHUI.PH,2020-11-20 07:00:00\r\nFCC.1LUSHUI.PH,2020-11-20 07:00:00\r\nFCC.1LUSHUI.PH,2020-11-23 07:00:00\r\nFCC.1LUSHUI.PH,2020-11-20 07:00:00\r\nFCC.1LUSHUI.PH,2020-11-23 07:00:00\r\nFCC.1LUSHUI.PH,2020-11-25 07:00:00\r\nFCC.1LUSHUI.PH,2020-11-23 07:00:00\r\nFCC.1LUSHUI.PH,2020-11-25 07:00:00\r\nFCC.1LUSHUI.PH,2020-11-27 07:00:00\r\nFCC.1LUSHUI.PH,2020-11-25 07:00:00\r\nFCC.1LUSHUI.PH,2020-11-27 07:00:00\r\nFCC.1LUSHUI.PH,2020-11-30 07:00:00\r\nFCC.1LUSHUI.PH,2020-11-27 07:00:00\r\nFCC.1LUSHUI.PH,2020-11-30 07:00:00\r\nFCC.1LUSHUI.PH,2020-11-30 07:00:00\r\nFCC.1LUSHUI.PH,2020-12-02 07:00:00\r\nFCC.1LUSHUI.PH,2020-12-02 07:00:00\r\nFCC.1LUSHUI.PH,2020-12-04 07:00:00\r\nFCC.1LUSHUI.PH,2020-12-04 07:00:00\r\nFCC.1LUSHUI.PH,2020-12-07 07:00:00\r\nFCC.1LUSHUI.PH,2020-12-04 07:00:00\r\nFCC.1LUSHUI.PH,2020-12-07 07:00:00\r\nFCC.1LUSHUI.PH,2020-12-09 07:00:00\r\nFCC.1LUSHUI.PH,2020-12-07 07:00:00\r\nFCC.1LUSHUI.PH,2020-12-09 07:00:00\r\nFCC.1LUSHUI.PH,2020-12-11 07:00:00\r\nFCC.1LUSHUI.PH,2020-12-09 07:00:00\r\nFCC.1LUSHUI.PH,2020-12-11 07:00:00\r\nFCC.1LUSHUI.PH,2020-12-14 07:00:00\r\nFCC.1LUSHUI.PH,2020-12-11 07:00:00\r\nFCC.1LUSHUI.PH,2020-12-14 07:00:00\r\nFCC.1LUSHUI.PH,2020-12-14 07:00:00\r\nFCC.1LUSHUI.PH,2020-12-16 07:00:00\r\nFCC.1LUSHUI.PH,2020-12-16 07:00:00\r\nFCC.1LUSHUI.PH,2020-12-18 07:00:00\r\nFCC.1LUSHUI.PH,2020-12-18 07:00:00\r\nFCC.1LUSHUI.PH,2020-12-21 07:00:00\r\nFCC.1LUSHUI.PH,2020-12-18 07:00:00\r\nFCC.1LUSHUI.PH,2020-12-21 07:00:00\r\nFCC.1LUSHUI.PH,2020-12-23 07:00:00\r\nFCC.1LUSHUI.PH,2020-12-21 07:00:00\r\nFCC.1LUSHUI.PH,2020-12-23 07:00:00\r\nFCC.1LUSHUI.PH,2020-12-25 07:00:00\r\nFCC.1LUSHUI.PH,2020-12-23 07:00:00\r\nFCC.1LUSHUI.PH,2020-12-25 07:00:00\r\nFCC.1LUSHUI.PH,2020-12-28 07:00:00\r\nFCC.1LUSHUI.PH,2020-12-25 07:00:00\r\nFCC.1LUSHUI.PH,2020-12-28 07:00:00\r\nFCC.1LUSHUI.PH,2020-12-28 07:00:00\r\nFCC.1LUSHUI.PH,2020-12-30 07:00:00\r\nFCC.1LUSHUI.PH,2020-12-30 07:00:00\r\nFCC.1LUSHUI.PH,2021-01-01 07:00:00\r\nFCC.1LUSHUI.PH,2021-01-01 07:00:00\r\nFCC.1LUSHUI.PH,2021-01-04 07:00:00\r\nFCC.1LUSHUI.PH,2021-01-01 07:00:00\r\nFCC.1LUSHUI.PH,2021-01-04 07:00:00\r\nFCC.1LUSHUI.PH,2021-01-06 07:00:00\r\nFCC.1LUSHUI.PH,2021-01-04 07:00:00\r\nFCC.1LUSHUI.PH,2021-01-06 07:00:00\r\nFCC.1LUSHUI.PH,2021-01-08 07:00:00\r\nFCC.1LUSHUI.PH,2021-01-06 07:00:00\r\nFCC.1LUSHUI.PH,2021-01-08 07:00:00\r\nFCC.1LUSHUI.PH,2021-01-11 07:00:00\r\nFCC.1LUSHUI.PH,2021-01-08 07:00:00\r\nFCC.1LUSHUI.PH,2021-01-11 07:00:00\r\nFCC.1LUSHUI.PH,2021-01-11 07:00:00\r\nFCC.1LUSHUI.PH,2021-01-13 07:00:00\r\nFCC.1LUSHUI.PH,2021-01-13 07:00:00\r\nFCC.1LUSHUI.PH,2021-01-15 07:00:00\r\nFCC.1LUSHUI.PH,2021-01-15 07:00:00\r\nFCC.1LUSHUI.PH,2021-01-18 07:00:00\r\nFCC.1LUSHUI.PH,2021-01-15 07:00:00\r\nFCC.1LUSHUI.PH,2021-01-18 07:00:00\r\nFCC.1LUSHUI.PH,2021-01-20 07:00:00\r\nFCC.1LUSHUI.PH,2021-01-18 07:00:00\r\nFCC.1LUSHUI.PH,2021-01-20 07:00:00\r\nFCC.1LUSHUI.PH,2021-01-22 07:00:00\r\nFCC.1LUSHUI.PH,2021-01-20 07:00:00\r\nFCC.1LUSHUI.PH,2021-01-22 07:00:00\r\nFCC.1LUSHUI.PH,2021-01-25 07:00:00\r\nFCC.1LUSHUI.PH,2021-01-22 07:00:00\r\nFCC.1LUSHUI.PH,2021-01-25 07:00:00\r\nFCC.1LUSHUI.PH,2021-01-25 07:00:00\r\nFCC.1LUSHUI.PH,2021-01-27 07:00:00\r\nFCC.1LUSHUI.PH,2021-01-27 07:00:00\r\nFCC.1LUSHUI.PH,2021-01-29 07:00:00\r\nFCC.1LUSHUI.PH,2021-01-29 07:00:00\r\nFCC.1LUSHUI.PH,2021-02-01 07:00:00\r\nFCC.1LUSHUI.PH,2021-01-29 07:00:00\r\nFCC.1LUSHUI.PH,2021-02-01 07:00:00\r\nFCC.1LUSHUI.PH,2021-02-03 07:00:00\r\nFCC.1LUSHUI.PH,2021-02-01 07:00:00\r\nFCC.1LUSHUI.PH,2021-02-03 07:00:00\r\nFCC.1LUSHUI.PH,2021-02-05 07:00:00\r\nFCC.1LUSHUI.PH,2021-02-03 07:00:00\r\nFCC.1LUSHUI.PH,2021-02-05 07:00:00\r\nFCC.1LUSHUI.PH,2021-02-08 07:00:00\r\nFCC.1LUSHUI.PH,2021-02-05 07:00:00\r\nFCC.1LUSHUI.PH,2021-02-08 07:00:00\r\nFCC.1LUSHUI.PH,2021-02-08 07:00:00\r\nFCC.1LUSHUI.PH,2021-02-10 07:00:00\r\nFCC.1LUSHUI.PH,2021-02-10 07:00:00\r\nFCC.1LUSHUI.PH,2021-02-12 07:00:00\r\nFCC.1LUSHUI.PH,2021-02-12 07:00:00\r\nFCC.1LUSHUI.PH,2021-02-15 07:00:00\r\nFCC.1LUSHUI.PH,2021-02-12 07:00:00\r\nFCC.1LUSHUI.PH,2021-02-15 07:00:00\r\nFCC.1LUSHUI.PH,2021-02-17 07:00:00\r\nFCC.1LUSHUI.PH,2021-02-15 07:00:00\r\nFCC.1LUSHUI.PH,2021-02-17 07:00:00\r\nFCC.1LUSHUI.PH,2021-02-19 07:00:00\r\nFCC.1LUSHUI.PH,2021-02-17 07:00:00\r\nFCC.1LUSHUI.PH,2021-02-19 07:00:00\r\nFCC.1LUSHUI.PH,2021-02-22 07:00:00\r\nFCC.1LUSHUI.PH,2021-02-19 07:00:00\r\nFCC.1LUSHUI.PH,2021-02-22 07:00:00\r\nFCC.1LUSHUI.PH,2021-02-22 07:00:00\r\nFCC.1LUSHUI.PH,2021-02-24 07:00:00\r\nFCC.1LUSHUI.PH,2021-02-24 07:00:00\r\nFCC.1LUSHUI.PH,2021-02-26 07:00:00\r\nFCC.1LUSHUI.PH,2021-02-26 07:00:00\r\nFCC.1LUSHUI.PH,2021-03-01 07:00:00\r\nFCC.1LUSHUI.PH,2021-02-26 07:00:00\r\nFCC.1LUSHUI.PH,2021-03-01 07:00:00\r\nFCC.1LUSHUI.PH,2021-03-03 07:00:00\r\nFCC.1LUSHUI.PH,2021-03-01 07:00:00\r\nFCC.1LUSHUI.PH,2021-03-03 07:00:00\r\nFCC.1LUSHUI.PH,2021-03-05 07:00:00\r\nFCC.1LUSHUI.PH,2021-03-03 07:00:00\r\nFCC.1LUSHUI.PH,2021-03-05 07:00:00\r\nFCC.1LUSHUI.PH,2021-03-08 07:00:00\r\nFCC.1LUSHUI.PH,2021-03-05 07:00:00\r\nFCC.1LUSHUI.PH,2021-03-08 07:00:00\r\nFCC.1LUSHUI.PH,2021-03-08 07:00:00\r\nFCC.1LUSHUI.PH,2021-03-10 07:00:00\r\nFCC.1LUSHUI.PH,2021-03-10 07:00:00\r\nFCC.1LUSHUI.PH,2021-03-12 07:00:00\r\nFCC.1LUSHUI.PH,2021-03-12 07:00:00\r\nFCC.1LUSHUI.PH,2021-03-15 07:00:00\r\nFCC.1LUSHUI.PH,2021-03-12 07:00:00\r\nFCC.1LUSHUI.PH,2021-03-15 07:00:00\r\nFCC.1LUSHUI.PH,2021-03-17 07:00:00\r\nFCC.1LUSHUI.PH,2021-03-15 07:00:00\r\nFCC.1LUSHUI.PH,2021-03-17 07:00:00\r\nFCC.1LUSHUI.PH,2021-03-19 07:00:00\r\nFCC.1LUSHUI.PH,2021-03-17 07:00:00\r\nFCC.1LUSHUI.PH,2021-03-19 07:00:00\r\nFCC.1LUSHUI.PH,2021-03-22 07:00:00\r\nFCC.1LUSHUI.PH,2021-03-19 07:00:00\r\nFCC.1LUSHUI.PH,2021-03-22 07:00:00\r\nFCC.1LUSHUI.PH,2021-03-22 07:00:00\r\nFCC.1LUSHUI.PH,2021-03-24 07:00:00\r\nFCC.1LUSHUI.PH,2021-03-24 07:00:00\r\nFCC.1LUSHUI.PH,2021-03-26 07:00:00\r\nFCC.1LUSHUI.PH,2021-03-26 07:00:00\r\nFCC.1LUSHUI.PH,2021-03-29 07:00:00\r\nFCC.1LUSHUI.PH,2021-03-26 07:00:00\r\nFCC.1LUSHUI.PH,2021-03-29 07:00:00\r\nFCC.1LUSHUI.PH,2021-03-31 07:00:00\r\nFCC.1LUSHUI.PH,2021-03-29 07:00:00\r\nFCC.1LUSHUI.PH,2021-03-31 07:00:00\r\nFCC.1LUSHUI.PH,2021-04-02 07:00:00\r\nFCC.1LUSHUI.PH,2021-03-31 07:00:00\r\nFCC.1LUSHUI.PH,2021-04-02 07:00:00\r\nFCC.1LUSHUI.PH,2021-04-04 07:00:00\r\nFCC.1LUSHUI.PH,2021-04-02 07:00:00\r\nFCC.1LUSHUI.PH,2021-04-04 07:00:00\r\nFCC.1LUSHUI.PH,2021-04-07 07:00:00\r\nFCC.1LUSHUI.PH,2021-04-04 07:00:00\r\nFCC.1LUSHUI.PH,2021-04-07 07:00:00\r\nFCC.1LUSHUI.PH,2021-04-07 07:00:00\r\nFCC.1LUSHUI.PH,2021-04-09 07:00:00\r\nFCC.1LUSHUI.PH,2021-04-09 07:00:00\r\nFCC.1LUSHUI.PH,2021-04-12 07:00:00\r\nFCC.1LUSHUI.PH,2021-04-09 07:00:00\r\nFCC.1LUSHUI.PH,2021-04-12 07:00:00\r\nFCC.1LUSHUI.PH,2021-04-14 07:00:00\r\nFCC.1LUSHUI.PH,2021-04-12 07:00:00\r\nFCC.1LUSHUI.PH,2021-04-14 07:00:00\r\nFCC.1LUSHUI.PH,2021-04-16 07:00:00\r\nFCC.1LUSHUI.PH,2021-04-14 07:00:00\r\nFCC.1LUSHUI.PH,2021-04-16 07:00:00\r\nFCC.1LUSHUI.PH,2021-04-19 07:00:00\r\nFCC.1LUSHUI.PH,2021-04-16 07:00:00\r\nFCC.1LUSHUI.PH,2021-04-19 07:00:00\r\nFCC.1LUSHUI.PH,2021-04-19 07:00:00\r\nFCC.1LUSHUI.PH,2021-04-21 07:00:00\r\nFCC.1LUSHUI.PH,2021-04-21 07:00:00\r\nFCC.1LUSHUI.PH,2021-04-23 07:00:00\r\nFCC.1LUSHUI.PH,2021-04-23 07:00:00\r\nFCC.1LUSHUI.PH,2021-04-26 07:00:00\r\nFCC.1LUSHUI.PH,2021-04-23 07:00:00\r\nFCC.1LUSHUI.PH,2021-04-26 07:00:00\r\nFCC.1LUSHUI.PH,2021-04-28 07:00:00\r\nFCC.1LUSHUI.PH,2021-04-26 07:00:00\r\nFCC.1LUSHUI.PH,2021-04-28 07:00:00\r\nFCC.1LUSHUI.PH,2021-04-30 07:00:00\r\nFCC.1LUSHUI.PH,2021-04-28 07:00:00\r\nFCC.1LUSHUI.PH,2021-04-30 07:00:00\r\nFCC.1LUSHUI.PH,2021-05-03 07:00:00\r\nFCC.1LUSHUI.PH,2021-04-30 07:00:00\r\nFCC.1LUSHUI.PH,2021-05-03 07:00:00\r\nFCC.1LUSHUI.PH,2021-05-03 07:00:00\r\nFCC.1LUSHUI.PH,2021-05-05 07:00:00\r\nFCC.1LUSHUI.PH,2021-05-05 07:00:00\r\nFCC.1LUSHUI.PH,2021-05-07 07:00:00\r\nFCC.1LUSHUI.PH,2021-05-07 07:00:00\r\nFCC.1LUSHUI.PH,2021-05-10 07:00:00\r\nFCC.1LUSHUI.PH,2021-05-07 07:00:00\r\nFCC.1LUSHUI.PH,2021-05-10 07:00:00\r\nFCC.1LUSHUI.PH,2021-05-12 07:00:00\r\nFCC.1LUSHUI.PH,2021-05-10 07:00:00\r\nFCC.1LUSHUI.PH,2021-05-12 07:00:00\r\nFCC.1LUSHUI.PH,2021-05-14 07:00:00\r\nFCC.1LUSHUI.PH,2021-05-12 07:00:00\r\nFCC.1LUSHUI.PH,2021-05-14 07:00:00\r\nFCC.1LUSHUI.PH,2021-05-17 07:00:00\r\nFCC.1LUSHUI.PH,2021-05-14 07:00:00\r\nFCC.1LUSHUI.PH,2021-05-17 07:00:00\r\nFCC.1LUSHUI.PH,2021-05-17 07:00:00\r\nFCC.1LUSHUI.PH,2021-05-19 07:00:00\r\nFCC.1LUSHUI.PH,2021-05-19 07:00:00\r\nFCC.1LUSHUI.PH,2021-05-21 07:00:00\r\nFCC.1LUSHUI.PH,2021-05-21 07:00:00\r\nFCC.1LUSHUI.PH,2021-05-24 07:00:00\r\nFCC.1LUSHUI.PH,2021-05-21 07:00:00\r\nFCC.1LUSHUI.PH,2021-05-24 07:00:00\r\nFCC.1LUSHUI.PH,2021-05-26 07:00:00\r\nFCC.1LUSHUI.PH,2021-05-24 07:00:00\r\nFCC.1LUSHUI.PH,2021-05-26 07:00:00\r\nFCC.1LUSHUI.PH,2021-05-28 07:00:00\r\nFCC.1LUSHUI.PH,2021-05-26 07:00:00\r\nFCC.1LUSHUI.PH,2021-05-28 07:00:00\r\nFCC.1LUSHUI.PH,2021-05-31 07:00:00\r\nFCC.1LUSHUI.PH,2021-05-28 07:00:00\r\nFCC.1LUSHUI.PH,2021-05-31 07:00:00\r\nFCC.1LUSHUI.PH,2021-05-31 07:00:00\r\nFCC.1LUSHUI.PH,2021-06-02 07:00:00\r\nFCC.1LUSHUI.PH,2021-06-02 07:00:00\r\nFCC.1LUSHUI.PH,2021-06-04 07:00:00\r\nFCC.1LUSHUI.PH,2021-06-04 07:00:00\r\nFCC.1LUSHUI.PH,2021-06-07 07:00:00\r\nFCC.1LUSHUI.PH,2021-06-04 07:00:00\r\nFCC.1LUSHUI.PH,2021-06-07 07:00:00\r\nFCC.1LUSHUI.PH,2021-06-09 07:00:00\r\nFCC.1LUSHUI.PH,2021-06-07 07:00:00\r\nFCC.1LUSHUI.PH,2021-06-09 07:00:00\r\nFCC.1LUSHUI.PH,2021-06-11 07:00:00\r\nFCC.1LUSHUI.PH,2021-06-09 07:00:00\r\nFCC.1LUSHUI.PH,2021-06-11 07:00:00\r\nFCC.1LUSHUI.PH,2021-06-14 07:00:00\r\nFCC.1LUSHUI.PH,2021-06-11 07:00:00\r\nFCC.1LUSHUI.PH,2021-06-14 07:00:00\r\nFCC.1LUSHUI.PH,2021-06-14 07:00:00\r\nFCC.1LUSHUI.PH,2021-06-16 07:00:00\r\nFCC.1LUSHUI.PH,2021-06-16 07:00:00\r\nFCC.1LUSHUI.PH,2021-06-18 07:00:00\r\nFCC.1LUSHUI.PH,2021-06-18 07:00:00\r\nFCC.1LUSHUI.PH,2021-06-21 07:00:00\r\nFCC.1LUSHUI.PH,2021-06-18 07:00:00\r\nFCC.1LUSHUI.PH,2021-06-21 07:00:00\r\nFCC.1LUSHUI.PH,2021-06-23 07:00:00\r\nFCC.1LUSHUI.PH,2021-06-21 07:00:00\r\nFCC.1LUSHUI.PH,2021-06-23 07:00:00\r\nFCC.1LUSHUI.PH,2021-06-25 07:00:00\r\nFCC.1LUSHUI.PH,2021-06-23 07:00:00\r\nFCC.1LUSHUI.PH,2021-06-25 07:00:00\r\nFCC.1LUSHUI.PH,2021-06-28 07:00:00\r\nFCC.1LUSHUI.PH,2021-06-25 07:00:00\r\nFCC.1LUSHUI.PH,2021-06-28 07:00:00\r\nFCC.1LUSHUI.PH,2021-06-28 07:00:00\r\nFCC.1LUSHUI.PH,2021-06-30 07:00:00\r\nFCC.1LUSHUI.PH,2021-06-30 07:00:00\r\nFCC.1LUSHUI.PH,2021-07-02 07:00:00\r\nFCC.1LUSHUI.PH,2021-07-02 07:00:00\r\nFCC.1LUSHUI.PH,2021-07-05 07:00:00\r\nFCC.1LUSHUI.PH,2021-07-02 07:00:00\r\nFCC.1LUSHUI.PH,2021-07-05 07:00:00\r\nFCC.1LUSHUI.PH,2021-07-07 07:00:00\r\nFCC.1LUSHUI.PH,2021-07-05 07:00:00\r\nFCC.1LUSHUI.PH,2021-07-07 07:00:00\r\nFCC.1LUSHUI.PH,2021-07-09 07:00:00\r\nFCC.1LUSHUI.PH,2021-07-07 07:00:00\r\nFCC.1LUSHUI.PH,2021-07-09 07:00:00\r\nFCC.1LUSHUI.PH,2021-07-12 07:00:00\r\nFCC.1LUSHUI.PH,2021-07-09 07:00:00\r\nFCC.1LUSHUI.PH,2021-07-12 07:00:00\r\nFCC.1LUSHUI.PH,2021-07-12 07:00:00\r\nFCC.1LUSHUI.PH,2021-07-14 07:00:00\r\nFCC.1LUSHUI.PH,2021-07-14 07:00:00\r\nFCC.1LUSHUI.PH,2021-07-16 07:00:00\r\nFCC.1LUSHUI.PH,2021-07-16 07:00:00\r\nFCC.1LUSHUI.PH,2021-07-19 07:00:00\r\nFCC.1LUSHUI.PH,2021-07-16 07:00:00\r\nFCC.1LUSHUI.PH,2021-07-19 07:00:00\r\nFCC.1LUSHUI.PH,2021-07-21 07:00:00\r\nFCC.1LUSHUI.PH,2021-07-19 07:00:00\r\nFCC.1LUSHUI.PH,2021-07-21 07:00:00\r\nFCC.1LUSHUI.PH,2021-07-23 07:00:00\r\nFCC.1LUSHUI.PH,2021-07-21 07:00:00\r\nFCC.1LUSHUI.PH,2021-07-23 07:00:00\r\nFCC.1LUSHUI.PH,2021-07-26 07:00:00\r\nFCC.1LUSHUI.PH,2021-07-23 07:00:00\r\nFCC.1LUSHUI.PH,2021-07-26 07:00:00\r\nFCC.1LUSHUI.PH,2021-07-26 07:00:00\r\nFCC.1LUSHUI.PH,2021-07-28 07:00:00\r\nFCC.1LUSHUI.PH,2021-07-28 07:00:00\r\nFCC.1LUSHUI.PH,2021-07-30 07:00:00\r\nFCC.1LUSHUI.PH,2021-07-30 07:00:00\r\nFCC.1LUSHUI.PH,2021-08-02 07:00:00\r\nFCC.1LUSHUI.PH,2021-07-30 07:00:00\r\nFCC.1LUSHUI.PH,2021-08-02 07:00:00\r\nFCC.1LUSHUI.PH,2021-08-04 07:00:00\r\nFCC.1LUSHUI.PH,2021-08-02 07:00:00\r\nFCC.1LUSHUI.PH,2021-08-04 07:00:00\r\nFCC.1LUSHUI.PH,2021-08-06 07:00:00\r\nFCC.1LUSHUI.PH,2021-08-04 07:00:00\r\nFCC.1LUSHUI.PH,2021-08-06 07:00:00\r\nFCC.1LUSHUI.PH,2021-08-09 07:00:00\r\nFCC.1LUSHUI.PH,2021-08-06 07:00:00\r\nFCC.1LUSHUI.PH,2021-08-09 07:00:00\r\nFCC.1LUSHUI.PH,2021-08-09 07:00:00\r\nFCC.1LUSHUI.PH,2021-08-11 07:00:00\r\nFCC.1LUSHUI.PH,2021-08-11 07:00:00\r\nFCC.1LUSHUI.PH,2021-08-13 07:00:00\r\nFCC.1LUSHUI.PH,2021-08-13 07:00:00\r\nFCC.1LUSHUI.PH,2021-08-16 07:00:00\r\nFCC.1LUSHUI.PH,2021-08-13 07:00:00\r\nFCC.1LUSHUI.PH,2021-08-16 07:00:00\r\nFCC.1LUSHUI.PH,2021-08-18 07:00:00\r\nFCC.1LUSHUI.PH,2021-08-16 07:00:00\r\nFCC.1LUSHUI.PH,2021-08-18 07:00:00\r\nFCC.1LUSHUI.PH,2021-08-20 07:00:00\r\nFCC.1LUSHUI.PH,2021-08-18 07:00:00\r\nFCC.1LUSHUI.PH,2021-08-20 07:00:00\r\nFCC.1LUSHUI.PH,2021-08-23 07:00:00\r\nFCC.1LUSHUI.PH,2021-08-20 07:00:00\r\nFCC.1LUSHUI.PH,2021-08-23 07:00:00\r\nFCC.1LUSHUI.PH,2021-08-23 07:00:00\r\nFCC.1LUSHUI.PH,2021-08-25 07:00:00\r\nFCC.1LUSHUI.PH,2021-08-25 07:00:00\r\nFCC.1LUSHUI.PH,2021-08-27 07:00:00\r\nFCC.1LUSHUI.PH,2021-08-27 07:00:00\r\nFCC.1LUSHUI.PH,2021-08-30 07:00:00\r\nFCC.1LUSHUI.PH,2021-08-27 07:00:00\r\nFCC.1LUSHUI.PH,2021-08-30 07:00:00\r\nFCC.1LUSHUI.PH,2021-09-01 07:00:00\r\nFCC.1LUSHUI.PH,2021-08-30 07:00:00\r\nFCC.1LUSHUI.PH,2021-09-01 07:00:00\r\nFCC.1LUSHUI.PH,2021-09-03 07:00:00\r\nFCC.1LUSHUI.PH,2021-09-01 07:00:00\r\nFCC.1LUSHUI.PH,2021-09-03 07:00:00\r\nFCC.1LUSHUI.PH,2021-09-06 07:00:00\r\nFCC.1LUSHUI.PH,2021-09-03 07:00:00\r\nFCC.1LUSHUI.PH,2021-09-06 07:00:00\r\nFCC.1LUSHUI.PH,2021-09-06 07:00:00\r\nFCC.1LUSHUI.PH,2021-09-08 07:00:00\r\nFCC.1LUSHUI.PH,2021-09-08 07:00:00\r\nFCC.1LUSHUI.PH,2021-09-10 07:00:00\r\nFCC.1LUSHUI.PH,2021-09-10 07:00:00\r\nFCC.1LUSHUI.PH,2021-09-13 07:00:00\r\nFCC.1LUSHUI.PH,2021-09-10 07:00:00\r\nFCC.1LUSHUI.PH,2021-09-13 07:00:00\r\nFCC.1LUSHUI.PH,2021-09-15 07:00:00\r\nFCC.1LUSHUI.PH,2021-09-13 07:00:00\r\nFCC.1LUSHUI.PH,2021-09-15 07:00:00\r\nFCC.1LUSHUI.PH,2021-09-17 07:00:00\r\nFCC.1LUSHUI.PH,2021-09-15 07:00:00\r\nFCC.1LUSHUI.PH,2021-09-17 07:00:00\r\nFCC.1LUSHUI.PH,2021-09-20 07:00:00\r\nFCC.1LUSHUI.PH,2021-09-17 07:00:00\r\nFCC.1LUSHUI.PH,2021-09-20 07:00:00\r\nFCC.1LUSHUI.PH,2021-09-20 07:00:00\r\nFCC.1LUSHUI.PH,2021-09-22 07:00:00\r\nFCC.1LUSHUI.PH,2021-09-22 07:00:00\r\nFCC.1LUSHUI.PH,2021-09-24 07:00:00\r\nFCC.1LUSHUI.PH,2021-09-24 07:00:00\r\nFCC.1LUSHUI.PH,2021-09-27 07:00:00\r\nFCC.1LUSHUI.PH,2021-09-24 07:00:00\r\nFCC.1LUSHUI.PH,2021-09-27 07:00:00\r\nFCC.1LUSHUI.PH,2021-09-29 07:00:00\r\nFCC.1LUSHUI.PH,2021-09-27 07:00:00\r\nFCC.1LUSHUI.PH,2021-09-29 07:00:00\r\nFCC.1LUSHUI.PH,2021-10-01 07:00:00\r\nFCC.1LUSHUI.PH,2021-09-29 07:00:00\r\nFCC.1LUSHUI.PH,2021-10-01 07:00:00\r\nFCC.1LUSHUI.PH,2021-10-02 07:00:00\r\nFCC.1LUSHUI.PH,2021-10-02 07:00:00\r\nFCC.1LUSHUI.PH,2021-10-06 07:00:00\r\nFCC.1LUSHUI.PH,2021-10-02 07:00:00\r\nFCC.1LUSHUI.PH,2021-10-06 07:00:00\r\nFCC.1LUSHUI.PH,2021-10-06 07:00:00\r\nFCC.1LUSHUI.PH,2021-10-08 07:00:00\r\nFCC.1LUSHUI.PH,2021-10-08 07:00:00\r\nFCC.1LUSHUI.PH,2021-10-11 07:00:00\r\nFCC.1LUSHUI.PH,2021-10-08 07:00:00\r\nFCC.1LUSHUI.PH,2021-10-11 07:00:00\r\nFCC.1LUSHUI.PH,2021-10-13 07:00:00\r\nFCC.1LUSHUI.PH,2021-10-11 07:00:00\r\nFCC.1LUSHUI.PH,2021-10-13 07:00:00\r\nFCC.1LUSHUI.PH,2021-10-15 07:00:00\r\nFCC.1LUSHUI.PH,2021-10-13 07:00:00\r\nFCC.1LUSHUI.PH,2021-10-15 07:00:00\r\nFCC.1LUSHUI.PH,2021-10-18 07:00:00\r\nFCC.1LUSHUI.PH,2021-10-15 07:00:00\r\nFCC.1LUSHUI.PH,2021-10-18 07:00:00\r\nFCC.1LUSHUI.PH,2021-10-18 07:00:00\r\nFCC.1LUSHUI.PH,2021-10-20 07:00:00\r\nFCC.1LUSHUI.PH,2021-10-20 07:00:00\r\nFCC.1LUSHUI.PH,2021-10-22 07:00:00\r\nFCC.1LUSHUI.PH,2021-10-22 07:00:00\r\nFCC.1LUSHUI.PH,2021-10-25 07:00:00\r\nFCC.1LUSHUI.PH,2021-10-22 07:00:00\r\nFCC.1LUSHUI.PH,2021-10-25 07:00:00\r\nFCC.1LUSHUI.PH,2021-10-27 07:00:00\r\nFCC.1LUSHUI.PH,2021-10-25 07:00:00\r\nFCC.1LUSHUI.PH,2021-10-27 07:00:00\r\nFCC.1LUSHUI.PH,2021-10-29 07:00:00\r\nFCC.1LUSHUI.PH,2021-10-27 07:00:00\r\nFCC.1LUSHUI.PH,2021-10-29 07:00:00\r\nFCC.1LUSHUI.PH,2021-11-01 07:00:00\r\nFCC.1LUSHUI.PH,2021-10-29 07:00:00\r\nFCC.1LUSHUI.PH,2021-11-01 07:00:00\r\nFCC.1LUSHUI.PH,2021-11-01 07:00:00\r\nFCC.1LUSHUI.PH,2021-11-03 07:00:00\r\nFCC.1LUSHUI.PH,2021-11-03 07:00:00\r\nFCC.1LUSHUI.PH,2021-11-05 07:00:00\r\nFCC.1LUSHUI.PH,2021-11-05 07:00:00\r\nFCC.1LUSHUI.PH,2021-11-08 07:00:00\r\nFCC.1LUSHUI.PH,2021-11-05 07:00:00\r\nFCC.1LUSHUI.PH,2021-11-08 07:00:00\r\nFCC.1LUSHUI.PH,2021-11-10 07:00:00\r\nFCC.1LUSHUI.PH,2021-11-08 07:00:00\r\nFCC.1LUSHUI.PH,2021-11-10 07:00:00\r\nFCC.1LUSHUI.PH,2021-11-12 07:00:00\r\nFCC.1LUSHUI.PH,2021-11-10 07:00:00\r\nFCC.1LUSHUI.PH,2021-11-12 07:00:00\r\nFCC.1LUSHUI.PH,2021-11-15 07:00:00\r\nFCC.1LUSHUI.PH,2021-11-12 07:00:00\r\nFCC.1LUSHUI.PH,2021-11-15 07:00:00\r\nFCC.1LUSHUI.PH,2021-11-15 07:00:00\r\nFCC.1LUSHUI.PH,2021-11-17 07:00:00\r\nFCC.1LUSHUI.PH,2021-11-17 07:00:00\r\nFCC.1LUSHUI.PH,2021-11-19 07:00:00\r\nFCC.1LUSHUI.PH,2021-11-19 07:00:00\r\nFCC.1LUSHUI.PH,2021-11-22 07:00:00\r\nFCC.1LUSHUI.PH,2021-11-19 07:00:00\r\nFCC.1LUSHUI.PH,2021-11-22 07:00:00\r\nFCC.1LUSHUI.PH,2021-11-24 07:00:00\r\nFCC.1LUSHUI.PH,2021-11-22 07:00:00\r\nFCC.1LUSHUI.PH,2021-11-24 07:00:00\r\nFCC.1LUSHUI.PH,2021-11-26 07:00:00\r\nFCC.1LUSHUI.PH,2021-11-24 07:00:00\r\nFCC.1LUSHUI.PH,2021-11-26 07:00:00\r\nFCC.1LUSHUI.PH,2021-11-29 07:00:00\r\nFCC.1LUSHUI.PH,2021-11-26 07:00:00\r\nFCC.1LUSHUI.PH,2021-11-29 07:00:00\r\nFCC.1LUSHUI.PH,2021-11-29 07:00:00\r\nFCC.1LUSHUI.PH,2021-12-01 07:00:00\r\nFCC.1LUSHUI.PH,2021-12-01 07:00:00\r\nFCC.1LUSHUI.PH,2021-12-03 07:00:00\r\nFCC.1LUSHUI.PH,2021-12-03 07:00:00\r\nFCC.1LUSHUI.PH,2021-12-06 07:00:00\r\nFCC.1LUSHUI.PH,2021-12-03 07:00:00\r\nFCC.1LUSHUI.PH,2021-12-06 07:00:00\r\nFCC.1LUSHUI.PH,2021-12-08 07:00:00\r\nFCC.1LUSHUI.PH,2021-12-06 07:00:00\r\nFCC.1LUSHUI.PH,2021-12-08 07:00:00\r\nFCC.1LUSHUI.PH,2021-12-10 07:00:00\r\nFCC.1LUSHUI.PH,2021-12-08 07:00:00\r\nFCC.1LUSHUI.PH,2021-12-10 07:00:00\r\nFCC.1LUSHUI.PH,2021-12-13 07:00:00\r\nFCC.1LUSHUI.PH,2021-12-10 07:00:00\r\nFCC.1LUSHUI.PH,2021-12-13 07:00:00\r\nFCC.1LUSHUI.PH,2021-12-13 07:00:00\r\nFCC.1LUSHUI.PH,2021-12-15 07:00:00\r\nFCC.1LUSHUI.PH,2021-12-15 07:00:00\r\nFCC.1LUSHUI.PH,2021-12-17 07:00:00\r\nFCC.1LUSHUI.PH,2021-12-17 07:00:00\r\nFCC.1LUSHUI.PH,2021-12-20 07:00:00\r\nFCC.1LUSHUI.PH,2021-12-17 07:00:00\r\nFCC.1LUSHUI.PH,2021-12-20 07:00:00\r\nFCC.1LUSHUI.PH,2021-12-22 07:00:00\r\nFCC.1LUSHUI.PH,2021-12-20 07:00:00\r\nFCC.1LUSHUI.PH,2021-12-22 07:00:00\r\nFCC.1LUSHUI.PH,2021-12-24 07:00:00\r\nFCC.1LUSHUI.PH,2021-12-22 07:00:00\r\nFCC.1LUSHUI.PH,2021-12-24 07:00:00\r\nFCC.1LUSHUI.PH,2021-12-27 07:00:00\r\nFCC.1LUSHUI.PH,2021-12-24 07:00:00\r\nFCC.1LUSHUI.PH,2021-12-27 07:00:00\r\nFCC.1LUSHUI.PH,2021-12-27 07:00:00\r\nFCC.1LUSHUI.PH,2021-12-29 07:00:00\r\nFCC.1LUSHUI.PH,2021-12-29 07:00:00\r\nFCC.1LUSHUI.PH,2021-12-31 07:00:00\r\nFCC.1LUSHUI.PH,2021-12-31 07:00:00\r\nFCC.1LUSHUI.PH,2022-01-03 07:00:00\r\nFCC.1LUSHUI.PH,2021-12-31 07:00:00\r\nFCC.1LUSHUI.PH,2022-01-03 07:00:00\r\nFCC.1LUSHUI.PH,2022-01-05 07:00:00\r\nFCC.1LUSHUI.PH,2022-01-03 07:00:00\r\nFCC.1LUSHUI.PH,2022-01-05 07:00:00\r\nFCC.1LUSHUI.PH,2022-01-07 07:00:00\r\nFCC.1LUSHUI.PH,2022-01-05 07:00:00\r\nFCC.1LUSHUI.PH,2022-01-07 07:00:00\r\nFCC.1LUSHUI.PH,2022-01-10 07:00:00\r\nFCC.1LUSHUI.PH,2022-01-07 07:00:00\r\nFCC.1LUSHUI.PH,2022-01-10 07:00:00\r\nFCC.1LUSHUI.PH,2022-01-10 07:00:00\r\nFCC.1LUSHUI.PH,2022-01-12 07:00:00\r\nFCC.1LUSHUI.PH,2022-01-12 07:00:00\r\nFCC.1LUSHUI.PH,2022-01-14 07:00:00\r\nFCC.1LUSHUI.PH,2022-01-14 07:00:00\r\nFCC.1LUSHUI.PH,2022-01-17 07:00:00\r\nFCC.1LUSHUI.PH,2022-01-14 07:00:00\r\nFCC.1LUSHUI.PH,2022-01-17 07:00:00\r\nFCC.1LUSHUI.PH,2022-01-19 07:00:00\r\nFCC.1LUSHUI.PH,2022-01-17 07:00:00\r\nFCC.1LUSHUI.PH,2022-01-19 07:00:00\r\nFCC.1LUSHUI.PH,2022-01-21 07:00:00\r\nFCC.1LUSHUI.PH,2022-01-19 07:00:00\r\nFCC.1LUSHUI.PH,2022-01-21 07:00:00\r\nFCC.1LUSHUI.PH,2022-01-24 07:00:00\r\nFCC.1LUSHUI.PH,2022-01-21 07:00:00\r\nFCC.1LUSHUI.PH,2022-01-24 07:00:00\r\nFCC.1LUSHUI.PH,2022-01-24 07:00:00\r\nFCC.1LUSHUI.PH,2022-01-26 07:00:00\r\nFCC.1LUSHUI.PH,2022-01-26 07:00:00\r\nFCC.1LUSHUI.PH,2022-01-28 07:00:00\r\nFCC.1LUSHUI.PH,2022-01-28 07:00:00\r\nFCC.1LUSHUI.PH,2022-01-31 07:00:00\r\nFCC.1LUSHUI.PH,2022-01-28 07:00:00\r\nFCC.1LUSHUI.PH,2022-01-31 07:00:00\r\nFCC.1LUSHUI.PH,2022-02-02 07:00:00\r\nFCC.1LUSHUI.PH,2022-01-31 07:00:00\r\nFCC.1LUSHUI.PH,2022-02-02 07:00:00\r\nFCC.1LUSHUI.PH,2022-02-04 07:00:00\r\nFCC.1LUSHUI.PH,2022-02-02 07:00:00\r\nFCC.1LUSHUI.PH,2022-02-04 07:00:00\r\nFCC.1LUSHUI.PH,2022-02-07 07:00:00\r\nFCC.1LUSHUI.PH,2022-02-04 07:00:00\r\nFCC.1LUSHUI.PH,2022-02-07 07:00:00\r\nFCC.1LUSHUI.PH,2022-02-07 07:00:00\r\nFCC.1LUSHUI.PH,2022-02-09 07:00:00\r\nFCC.1LUSHUI.PH,2022-02-09 07:00:00\r\nFCC.1LUSHUI.PH,2022-02-11 07:00:00\r\nFCC.1LUSHUI.PH,2022-02-11 07:00:00\r\nFCC.1LUSHUI.PH,2022-02-14 07:00:00\r\nFCC.1LUSHUI.PH,2022-02-11 07:00:00\r\nFCC.1LUSHUI.PH,2022-02-14 07:00:00\r\nFCC.1LUSHUI.PH,2022-02-16 07:00:00\r\nFCC.1LUSHUI.PH,2022-02-14 07:00:00\r\nFCC.1LUSHUI.PH,2022-02-16 07:00:00\r\nFCC.1LUSHUI.PH,2022-02-18 07:00:00\r\nFCC.1LUSHUI.PH,2022-02-16 07:00:00\r\nFCC.1LUSHUI.PH,2022-02-18 07:00:00\r\nFCC.1LUSHUI.PH,2022-02-21 07:00:00\r\nFCC.1LUSHUI.PH,2022-02-18 07:00:00\r\nFCC.1LUSHUI.PH,2022-02-21 07:00:00\r\nFCC.1LUSHUI.PH,2022-02-21 07:00:00\r\nFCC.1LUSHUI.PH,2022-02-23 07:00:00\r\nFCC.1LUSHUI.PH,2022-02-23 07:00:00\r\nFCC.1LUSHUI.PH,2022-02-25 07:00:00\r\nFCC.1LUSHUI.PH,2022-02-25 07:00:00\r\nFCC.1LUSHUI.PH,2022-02-28 07:00:00\r\nFCC.1LUSHUI.PH,2022-02-25 07:00:00\r\nFCC.1LUSHUI.PH,2022-02-28 07:00:00\r\nFCC.1LUSHUI.PH,2022-03-02 07:00:00\r\nFCC.1LUSHUI.PH,2022-02-28 07:00:00\r\nFCC.1LUSHUI.PH,2022-03-02 07:00:00\r\nFCC.1LUSHUI.PH,2022-03-04 07:00:00\r\nFCC.1LUSHUI.PH,2022-03-02 07:00:00\r\nFCC.1LUSHUI.PH,2022-03-04 07:00:00\r\nFCC.1LUSHUI.PH,2022-03-07 07:00:00\r\nFCC.1LUSHUI.PH,2022-03-04 07:00:00\r\nFCC.1LUSHUI.PH,2022-03-07 07:00:00\r\nFCC.1LUSHUI.PH,2022-03-07 07:00:00\r\nFCC.1LUSHUI.PH,2022-03-09 07:00:00\r\nFCC.1LUSHUI.PH,2022-03-09 07:00:00\r\nFCC.1LUSHUI.PH,2022-03-11 07:00:00\r\nFCC.1LUSHUI.PH,2022-03-11 07:00:00\r\nFCC.1LUSHUI.PH,2022-03-14 07:00:00\r\nFCC.1LUSHUI.PH,2022-03-11 07:00:00\r\nFCC.1LUSHUI.PH,2022-03-14 07:00:00\r\nFCC.1LUSHUI.PH,2022-03-16 07:00:00\r\nFCC.1LUSHUI.PH,2022-03-14 07:00:00\r\nFCC.1LUSHUI.PH,2022-03-16 07:00:00\r\nFCC.1LUSHUI.PH,2022-03-18 07:00:00\r\nFCC.1LUSHUI.PH,2022-03-16 07:00:00\r\nFCC.1LUSHUI.PH,2022-03-18 07:00:00\r\nFCC.1LUSHUI.PH,2022-03-21 07:00:00\r\nFCC.1LUSHUI.PH,2022-03-18 07:00:00\r\nFCC.1LUSHUI.PH,2022-03-21 07:00:00\r\nFCC.1LUSHUI.PH,2022-03-21 07:00:00\r\nFCC.1LUSHUI.PH,2022-03-23 07:00:00\r\nFCC.1LUSHUI.PH,2022-03-23 07:00:00\r\nFCC.1LUSHUI.PH,2022-03-25 07:00:00\r\nFCC.1LUSHUI.PH,2022-03-25 07:00:00\r\nFCC.1LUSHUI.PH,2022-03-28 07:00:00\r\nFCC.1LUSHUI.PH,2022-03-25 07:00:00\r\nFCC.1LUSHUI.PH,2022-03-28 07:00:00\r\nFCC.1LUSHUI.PH,2022-03-30 07:00:00\r\nFCC.1LUSHUI.PH,2022-03-28 07:00:00\r\nFCC.1LUSHUI.PH,2022-03-30 07:00:00\r\nFCC.1LUSHUI.PH,2022-04-01 07:00:00\r\nFCC.1LUSHUI.PH,2022-03-30 07:00:00\r\nFCC.1LUSHUI.PH,2022-04-01 07:00:00\r\nFCC.1LUSHUI.PH,2022-04-04 07:00:00\r\nFCC.1LUSHUI.PH,2022-04-01 07:00:00\r\nFCC.1LUSHUI.PH,2022-04-04 07:00:00\r\nFCC.1LUSHUI.PH,2022-04-04 07:00:00\r\nFCC.1LUSHUI.PH,2022-04-06 07:00:00\r\nFCC.1LUSHUI.PH,2022-04-06 07:00:00\r\nFCC.1LUSHUI.PH,2022-04-08 07:00:00\r\nFCC.1LUSHUI.PH,2022-04-08 07:00:00\r\nFCC.1LUSHUI.PH,2022-04-11 07:00:00\r\nFCC.1LUSHUI.PH,2022-04-08 07:00:00\r\nFCC.1LUSHUI.PH,2022-04-11 07:00:00\r\nFCC.1LUSHUI.PH,2022-04-13 07:00:00\r\nFCC.1LUSHUI.PH,2022-04-11 07:00:00\r\nFCC.1LUSHUI.PH,2022-04-13 07:00:00\r\nFCC.1LUSHUI.PH,2022-04-15 07:00:00\r\nFCC.1LUSHUI.PH,2022-04-13 07:00:00\r\nFCC.1LUSHUI.PH,2022-04-15 07:00:00\r\nFCC.1LUSHUI.PH,2022-04-18 07:00:00\r\nFCC.1LUSHUI.PH,2022-04-15 07:00:00\r\nFCC.1LUSHUI.PH,2022-04-18 07:00:00\r\nFCC.1LUSHUI.PH,2022-04-18 07:00:00\r\nFCC.1LUSHUI.PH,2022-04-20 07:00:00\r\nFCC.1LUSHUI.PH,2022-04-20 07:00:00\r\nFCC.1LUSHUI.PH,2022-04-22 07:00:00\r\nFCC.1LUSHUI.PH,2022-04-22 07:00:00\r\nFCC.1LUSHUI.PH,2022-04-25 07:00:00\r\nFCC.1LUSHUI.PH,2022-04-22 07:00:00\r\nFCC.1LUSHUI.PH,2022-04-25 07:00:00\r\nFCC.1LUSHUI.PH,2022-04-27 07:00:00\r\nFCC.1LUSHUI.PH,2022-04-25 07:00:00\r\nFCC.1LUSHUI.PH,2022-04-27 07:00:00\r\nFCC.1LUSHUI.PH,2022-04-29 07:00:00\r\nFCC.1LUSHUI.PH,2022-04-27 07:00:00\r\nFCC.1LUSHUI.PH,2022-04-29 07:00:00\r\nFCC.1LUSHUI.PH,2022-05-02 07:00:00\r\nFCC.1LUSHUI.PH,2022-04-29 07:00:00\r\nFCC.1LUSHUI.PH,2022-05-02 07:00:00\r\nFCC.1LUSHUI.PH,2022-05-02 07:00:00\r\nFCC.1LUSHUI.PH,2022-05-04 07:00:00\r\nFCC.1LUSHUI.PH,2022-05-04 07:00:00\r\nFCC.1LUSHUI.PH,2022-05-06 07:00:00\r\nFCC.1LUSHUI.PH,2022-05-06 07:00:00\r\nFCC.1LUSHUI.PH,2022-05-09 07:00:00\r\nFCC.1LUSHUI.PH,2022-05-06 07:00:00\r\nFCC.1LUSHUI.PH,2022-05-09 07:00:00\r\nFCC.1LUSHUI.PH,2022-05-11 07:00:00\r\nFCC.1LUSHUI.PH,2022-05-09 07:00:00\r\nFCC.1LUSHUI.PH,2022-05-11 07:00:00\r\nFCC.1LUSHUI.PH,2022-05-13 07:00:00\r\nFCC.1LUSHUI.PH,2022-05-11 07:00:00\r\nFCC.1LUSHUI.PH,2022-05-13 07:00:00\r\nFCC.1LUSHUI.PH,2022-05-16 07:00:00\r\nFCC.1LUSHUI.PH,2022-05-13 07:00:00\r\nFCC.1LUSHUI.PH,2022-05-16 07:00:00\r\nFCC.1LUSHUI.PH,2022-05-16 07:00:00\r\nFCC.1LUSHUI.PH,2022-05-18 07:00:00\r\nFCC.1LUSHUI.PH,2022-05-18 07:00:00\r\nFCC.1LUSHUI.PH,2022-05-20 07:00:00\r', '2023-09-13 21:09:00', '2023-09-13 21:09:00', '1', '1', '0');
INSERT INTO `sample_set` VALUES ('25', 'new Name[I@46c3d880', 'new description[I@46c3d880', 'tag,collect_time\r\nFCC.1LUSHUI.PH,2020-04-30 17:00:00\r\nFCC.1LUSHUI.PH,2020-05-01 07:00:00\r\nFCC.1LUSHUI.PH,2020-05-01 17:00:00\r\nFCC.1LUSHUI.PH,2020-05-02 07:00:00\r\nFCC.1LUSHUI.PH,2020-05-02 17:00:00\r\nFCC.1LUSHUI.PH,2020-05-03 07:00:00\r\nFCC.1LUSHUI.PH,2020-05-03 17:00:00\r\nFCC.1LUSHUI.PH,2020-05-04 07:00:00\r\nFCC.1LUSHUI.PH,2020-05-04 17:00:00\r\nFCC.1LUSHUI.PH,2020-05-05 07:00:00\r\nFCC.1LUSHUI.PH,2020-05-05 17:00:00\r\nFCC.1LUSHUI.PH,2020-05-06 07:00:00\r\nFCC.1LUSHUI.PH,2020-05-06 17:00:00\r\nFCC.1LUSHUI.PH,2020-05-07 07:00:00\r\nFCC.1LUSHUI.PH,2020-05-07 17:00:00\r\nFCC.1LUSHUI.PH,2020-05-08 07:00:00\r\nFCC.1LUSHUI.PH,2020-05-08 17:00:00\r\nFCC.1LUSHUI.PH,2020-05-09 07:00:00\r\nFCC.1LUSHUI.PH,2020-05-09 17:00:00\r\nFCC.1LUSHUI.PH,2020-05-10 07:00:00\r\nFCC.1LUSHUI.PH,2020-05-10 17:00:00\r\nFCC.1LUSHUI.PH,2020-05-11 07:00:00\r\nFCC.1LUSHUI.PH,2020-05-11 17:00:00\r\nFCC.1LUSHUI.PH,2020-05-12 07:00:00\r\nFCC.1LUSHUI.PH,2020-05-12 17:00:00\r\nFCC.1LUSHUI.PH,2020-05-13 07:00:00\r\nFCC.1LUSHUI.PH,2020-05-13 17:00:00\r\nFCC.1LUSHUI.PH,2020-05-14 07:00:00\r\nFCC.1LUSHUI.PH,2020-05-14 17:00:00\r\nFCC.1LUSHUI.PH,2020-05-15 07:00:00\r\nFCC.1LUSHUI.PH,2020-05-15 17:00:00\r\nFCC.1LUSHUI.PH,2020-05-16 07:00:00\r\nFCC.1LUSHUI.PH,2020-05-16 17:00:00\r\nFCC.1LUSHUI.PH,2020-05-17 07:00:00\r\nFCC.1LUSHUI.PH,2020-05-17 17:00:00\r\nFCC.1LUSHUI.PH,2020-05-18 07:00:00\r\nFCC.1LUSHUI.PH,2020-05-18 17:00:00\r\nFCC.1LUSHUI.PH,2020-05-19 07:00:00\r\nFCC.1LUSHUI.PH,2020-05-19 17:00:00\r\nFCC.1LUSHUI.PH,2020-05-20 07:00:00\r\nFCC.1LUSHUI.PH,2020-05-20 17:00:00\r\nFCC.1LUSHUI.PH,2020-05-21 07:00:00\r\nFCC.1LUSHUI.PH,2020-05-21 17:00:00\r\nFCC.1LUSHUI.PH,2020-05-22 07:00:00\r\nFCC.1LUSHUI.PH,2020-05-22 07:00:00\r\nFCC.1LUSHUI.PH,2020-05-23 17:00:00\r\nFCC.1LUSHUI.PH,2020-05-24 07:00:00\r\nFCC.1LUSHUI.PH,2020-05-24 17:00:00\r\nFCC.1LUSHUI.PH,2020-05-25 07:00:00\r\nFCC.1LUSHUI.PH,2020-05-25 17:00:00\r\nFCC.1LUSHUI.PH,2020-05-26 07:00:00\r\nFCC.1LUSHUI.PH,2020-05-26 17:00:00\r\nFCC.1LUSHUI.PH,2020-05-27 07:00:00\r\nFCC.1LUSHUI.PH,2020-05-27 17:00:00\r\nFCC.1LUSHUI.PH,2020-05-28 07:00:00\r\nFCC.1LUSHUI.PH,2020-05-28 17:00:00\r\nFCC.1LUSHUI.PH,2020-05-29 07:00:00\r\nFCC.1LUSHUI.PH,2020-05-29 17:00:00\r\nFCC.1LUSHUI.PH,2020-05-30 07:00:00\r\nFCC.1LUSHUI.PH,2020-05-30 17:00:00\r\nFCC.1LUSHUI.PH,2020-05-31 07:00:00\r\nFCC.1LUSHUI.PH,2020-05-31 17:00:00\r\nFCC.1LUSHUI.PH,2020-06-01 07:00:00\r\nFCC.1LUSHUI.PH,2020-06-01 17:00:00\r\nFCC.1LUSHUI.PH,2020-06-02 07:00:00\r\nFCC.1LUSHUI.PH,2020-06-02 17:00:00\r\nFCC.1LUSHUI.PH,2020-06-03 07:00:00\r\nFCC.1LUSHUI.PH,2020-06-03 17:00:00\r\nFCC.1LUSHUI.PH,2020-06-04 07:00:00\r\nFCC.1LUSHUI.PH,2020-06-04 17:00:00\r\nFCC.1LUSHUI.PH,2020-06-05 07:00:00\r\nFCC.1LUSHUI.PH,2020-06-05 17:00:00\r\nFCC.1LUSHUI.PH,2020-06-06 07:00:00\r\nFCC.1LUSHUI.PH,2020-06-06 17:00:00\r\nFCC.1LUSHUI.PH,2020-06-07 07:00:00\r\nFCC.1LUSHUI.PH,2020-06-07 17:00:00\r\nFCC.1LUSHUI.PH,2020-06-08 07:00:00\r\nFCC.1LUSHUI.PH,2020-06-08 17:00:00\r\nFCC.1LUSHUI.PH,2020-06-09 07:00:00\r\nFCC.1LUSHUI.PH,2020-06-09 17:00:00\r\nFCC.1LUSHUI.PH,2020-06-10 07:00:00\r\nFCC.1LUSHUI.PH,2020-06-10 17:00:00\r\nFCC.1LUSHUI.PH,2020-06-11 07:00:00\r\nFCC.1LUSHUI.PH,2020-06-11 17:00:00\r\nFCC.1LUSHUI.PH,2020-06-12 07:00:00\r\nFCC.1LUSHUI.PH,2020-06-12 17:00:00\r\nFCC.1LUSHUI.PH,2020-06-13 07:00:00\r\nFCC.1LUSHUI.PH,2020-06-13 17:00:00\r\nFCC.1LUSHUI.PH,2020-06-14 07:00:00\r\nFCC.1LUSHUI.PH,2020-06-14 17:00:00\r\nFCC.1LUSHUI.PH,2020-06-15 07:00:00\r\nFCC.1LUSHUI.PH,2020-06-15 17:00:00\r\nFCC.1LUSHUI.PH,2020-06-16 07:00:00\r\nFCC.1LUSHUI.PH,2020-06-16 17:00:00\r\nFCC.1LUSHUI.PH,2020-06-17 07:00:00\r\nFCC.1LUSHUI.PH,2020-06-17 17:00:00\r\nFCC.1LUSHUI.PH,2020-06-18 07:00:00\r\nFCC.1LUSHUI.PH,2020-06-18 17:00:00\r\nFCC.1LUSHUI.PH,2020-06-19 07:00:00\r\nFCC.1LUSHUI.PH,2020-06-19 17:00:00\r\nFCC.1LUSHUI.PH,2020-06-20 07:00:00\r\nFCC.1LUSHUI.PH,2020-06-20 17:00:00\r\nFCC.1LUSHUI.PH,2020-06-21 07:00:00\r\nFCC.1LUSHUI.PH,2020-06-21 17:00:00\r\nFCC.1LUSHUI.PH,2020-06-22 07:00:00\r\nFCC.1LUSHUI.PH,2020-06-22 17:00:00\r\nFCC.1LUSHUI.PH,2020-06-23 07:00:00\r\nFCC.1LUSHUI.PH,2020-06-23 17:00:00\r\nFCC.1LUSHUI.PH,2020-06-24 07:00:00\r\nFCC.1LUSHUI.PH,2020-06-24 17:00:00\r\nFCC.1LUSHUI.PH,2020-06-25 07:00:00\r\nFCC.1LUSHUI.PH,2020-06-25 17:00:00\r\nFCC.1LUSHUI.PH,2020-06-26 07:00:00\r\nFCC.1LUSHUI.PH,2020-06-26 17:00:00\r\nFCC.1LUSHUI.PH,2020-06-27 07:00:00\r\nFCC.1LUSHUI.PH,2020-06-27 17:00:00\r\nFCC.1LUSHUI.PH,2020-06-28 07:00:00\r\nFCC.1LUSHUI.PH,2020-06-28 17:00:00\r\nFCC.1LUSHUI.PH,2020-06-29 07:00:00\r\nFCC.1LUSHUI.PH,2020-06-29 21:00:00\r\nFCC.1LUSHUI.PH,2020-06-30 07:00:00\r\nFCC.1LUSHUI.PH,2020-06-30 17:00:00\r\nFCC.1LUSHUI.PH,2020-07-01 07:00:00\r\nFCC.1LUSHUI.PH,2020-07-01 17:00:00\r\nFCC.1LUSHUI.PH,2020-07-02 07:00:00\r\nFCC.1LUSHUI.PH,2020-07-02 17:00:00\r\nFCC.1LUSHUI.PH,2020-07-03 07:00:00\r\nFCC.1LUSHUI.PH,2020-07-03 17:00:00\r\nFCC.1LUSHUI.PH,2020-07-04 07:00:00\r\nFCC.1LUSHUI.PH,2020-07-04 17:00:00\r\nFCC.1LUSHUI.PH,2020-07-05 07:00:00\r\nFCC.1LUSHUI.PH,2020-07-05 17:00:00\r\nFCC.1LUSHUI.PH,2020-07-06 07:00:00\r\nFCC.1LUSHUI.PH,2020-07-06 17:00:00\r\nFCC.1LUSHUI.PH,2020-07-07 07:00:00\r\nFCC.1LUSHUI.PH,2020-07-07 17:00:00\r\nFCC.1LUSHUI.PH,2020-07-08 07:00:00\r\nFCC.1LUSHUI.PH,2020-07-08 17:00:00\r\nFCC.1LUSHUI.PH,2020-07-09 07:00:00\r\nFCC.1LUSHUI.PH,2020-07-09 17:00:00\r\nFCC.1LUSHUI.PH,2020-07-10 07:00:00\r\nFCC.1LUSHUI.PH,2020-07-10 17:00:00\r\nFCC.1LUSHUI.PH,2020-07-11 07:00:00\r\nFCC.1LUSHUI.PH,2020-07-11 17:00:00\r\nFCC.1LUSHUI.PH,2020-07-12 07:00:00\r\nFCC.1LUSHUI.PH,2020-07-12 17:00:00\r\nFCC.1LUSHUI.PH,2020-07-13 07:00:00\r\nFCC.1LUSHUI.PH,2020-07-13 17:00:00\r\nFCC.1LUSHUI.PH,2020-07-14 07:00:00\r\nFCC.1LUSHUI.PH,2020-07-14 17:00:00\r\nFCC.1LUSHUI.PH,2020-07-15 07:00:00\r\nFCC.1LUSHUI.PH,2020-07-15 17:00:00\r\nFCC.1LUSHUI.PH,2020-07-16 07:00:00\r\nFCC.1LUSHUI.PH,2020-07-16 17:00:00\r\nFCC.1LUSHUI.PH,2020-07-17 07:00:00\r\nFCC.1LUSHUI.PH,2020-07-17 17:00:00\r\nFCC.1LUSHUI.PH,2020-07-18 07:00:00\r\nFCC.1LUSHUI.PH,2020-07-18 17:00:00\r\nFCC.1LUSHUI.PH,2020-07-19 07:00:00\r\nFCC.1LUSHUI.PH,2020-07-19 17:00:00\r\nFCC.1LUSHUI.PH,2020-07-20 07:00:00\r\nFCC.1LUSHUI.PH,2020-07-20 17:00:00\r\nFCC.1LUSHUI.PH,2020-07-21 07:00:00\r\nFCC.1LUSHUI.PH,2020-07-21 17:00:00\r\nFCC.1LUSHUI.PH,2020-07-22 07:00:00\r\nFCC.1LUSHUI.PH,2020-07-22 17:00:00\r\nFCC.1LUSHUI.PH,2020-07-23 07:00:00\r\nFCC.1LUSHUI.PH,2020-07-23 17:00:00\r\nFCC.1LUSHUI.PH,2020-07-24 07:00:00\r\nFCC.1LUSHUI.PH,2020-07-24 17:00:00\r\nFCC.1LUSHUI.PH,2020-07-25 07:00:00\r\nFCC.1LUSHUI.PH,2020-07-25 17:00:00\r\nFCC.1LUSHUI.PH,2020-07-26 07:00:00\r\nFCC.1LUSHUI.PH,2020-07-26 17:00:00\r\nFCC.1LUSHUI.PH,2020-07-27 07:00:00\r\nFCC.1LUSHUI.PH,2020-07-27 17:00:00\r\nFCC.1LUSHUI.PH,2020-07-28 07:00:00\r\nFCC.1LUSHUI.PH,2020-07-28 17:00:00\r\nFCC.1LUSHUI.PH,2020-07-29 07:00:00\r\nFCC.1LUSHUI.PH,2020-07-29 17:00:00\r\nFCC.1LUSHUI.PH,2020-07-30 07:00:00\r\nFCC.1LUSHUI.PH,2020-07-30 17:00:00\r\nFCC.1LUSHUI.PH,2020-07-31 07:00:00\r\nFCC.1LUSHUI.PH,2020-07-31 17:00:00\r\nFCC.1LUSHUI.PH,2020-08-01 07:00:00\r\nFCC.1LUSHUI.PH,2020-08-01 17:00:00\r\nFCC.1LUSHUI.PH,2020-08-02 07:00:00\r\nFCC.1LUSHUI.PH,2020-08-02 17:00:00\r\nFCC.1LUSHUI.PH,2020-08-03 07:00:00\r\nFCC.1LUSHUI.PH,2020-08-03 17:00:00\r\nFCC.1LUSHUI.PH,2020-08-04 07:00:00\r\nFCC.1LUSHUI.PH,2020-08-04 17:00:00\r\nFCC.1LUSHUI.PH,2020-08-05 07:00:00\r\nFCC.1LUSHUI.PH,2020-08-05 17:00:00\r\nFCC.1LUSHUI.PH,2020-08-06 07:00:00\r\nFCC.1LUSHUI.PH,2020-08-06 17:00:00\r\nFCC.1LUSHUI.PH,2020-08-07 07:00:00\r\nFCC.1LUSHUI.PH,2020-08-07 17:00:00\r\nFCC.1LUSHUI.PH,2020-08-08 07:00:00\r\nFCC.1LUSHUI.PH,2020-08-08 17:00:00\r\nFCC.1LUSHUI.PH,2020-08-09 07:00:00\r\nFCC.1LUSHUI.PH,2020-08-09 17:00:00\r\nFCC.1LUSHUI.PH,2020-08-10 07:00:00\r\nFCC.1LUSHUI.PH,2020-08-10 17:00:00\r\nFCC.1LUSHUI.PH,2020-08-11 07:00:00\r\nFCC.1LUSHUI.PH,2020-08-11 17:00:00\r\nFCC.1LUSHUI.PH,2020-08-12 07:00:00\r\nFCC.1LUSHUI.PH,2020-08-12 17:00:00\r\nFCC.1LUSHUI.PH,2020-08-13 07:00:00\r\nFCC.1LUSHUI.PH,2020-08-13 17:00:00\r\nFCC.1LUSHUI.PH,2020-08-14 07:00:00\r\nFCC.1LUSHUI.PH,2020-08-14 17:00:00\r\nFCC.1LUSHUI.PH,2020-08-15 07:00:00\r\nFCC.1LUSHUI.PH,2020-08-15 17:00:00\r\nFCC.1LUSHUI.PH,2020-08-16 07:00:00\r\nFCC.1LUSHUI.PH,2020-08-16 17:00:00\r\nFCC.1LUSHUI.PH,2020-08-17 07:00:00\r\nFCC.1LUSHUI.PH,2020-08-17 17:00:00\r\nFCC.1LUSHUI.PH,2020-08-18 07:00:00\r\nFCC.1LUSHUI.PH,2020-08-18 17:00:00\r\nFCC.1LUSHUI.PH,2020-08-19 07:00:00\r\nFCC.1LUSHUI.PH,2020-08-19 17:00:00\r\nFCC.1LUSHUI.PH,2020-08-20 07:00:00\r\nFCC.1LUSHUI.PH,2020-08-20 17:00:00\r\nFCC.1LUSHUI.PH,2020-08-21 07:00:00\r\nFCC.1LUSHUI.PH,2020-08-21 17:00:00\r\nFCC.1LUSHUI.PH,2020-08-22 07:00:00\r\nFCC.1LUSHUI.PH,2020-08-22 17:00:00\r\nFCC.1LUSHUI.PH,2020-08-23 07:00:00\r\nFCC.1LUSHUI.PH,2020-08-23 17:00:00\r\nFCC.1LUSHUI.PH,2020-08-24 07:00:00\r\nFCC.1LUSHUI.PH,2020-08-24 17:00:00\r\nFCC.1LUSHUI.PH,2020-08-25 07:00:00\r\nFCC.1LUSHUI.PH,2020-08-25 17:00:00\r\nFCC.1LUSHUI.PH,2020-08-26 07:00:00\r\nFCC.1LUSHUI.PH,2020-08-26 17:00:00\r\nFCC.1LUSHUI.PH,2020-08-27 07:00:00\r\nFCC.1LUSHUI.PH,2020-08-27 17:00:00\r\nFCC.1LUSHUI.PH,2020-08-28 07:00:00\r\nFCC.1LUSHUI.PH,2020-08-28 17:00:00\r\nFCC.1LUSHUI.PH,2020-08-29 07:00:00\r\nFCC.1LUSHUI.PH,2020-08-29 17:00:00\r\nFCC.1LUSHUI.PH,2020-08-30 07:00:00\r\nFCC.1LUSHUI.PH,2020-08-30 17:00:00\r\nFCC.1LUSHUI.PH,2020-08-31 07:00:00\r\nFCC.1LUSHUI.PH,2020-08-31 17:00:00\r\nFCC.1LUSHUI.PH,2020-09-01 07:00:00\r\nFCC.1LUSHUI.PH,2020-09-01 17:00:00\r\nFCC.1LUSHUI.PH,2020-09-02 07:00:00\r\nFCC.1LUSHUI.PH,2020-09-02 17:00:00\r\nFCC.1LUSHUI.PH,2020-09-03 07:00:00\r\nFCC.1LUSHUI.PH,2020-09-03 17:00:00\r\nFCC.1LUSHUI.PH,2020-09-04 07:00:00\r\nFCC.1LUSHUI.PH,2020-09-04 17:00:00\r\nFCC.1LUSHUI.PH,2020-09-05 07:00:00\r\nFCC.1LUSHUI.PH,2020-09-05 17:00:00\r\nFCC.1LUSHUI.PH,2020-09-06 07:00:00\r\nFCC.1LUSHUI.PH,2020-09-06 17:00:00\r\nFCC.1LUSHUI.PH,2020-09-07 07:00:00\r\nFCC.1LUSHUI.PH,2020-09-07 17:00:00\r\nFCC.1LUSHUI.PH,2020-09-08 07:00:00\r\nFCC.1LUSHUI.PH,2020-09-08 17:00:00\r\nFCC.1LUSHUI.PH,2020-09-09 07:00:00\r\nFCC.1LUSHUI.PH,2020-09-09 17:00:00\r\nFCC.1LUSHUI.PH,2020-09-10 07:00:00\r\nFCC.1LUSHUI.PH,2020-09-10 17:00:00\r\nFCC.1LUSHUI.PH,2020-09-11 07:00:00\r\nFCC.1LUSHUI.PH,2020-09-11 17:00:00\r\nFCC.1LUSHUI.PH,2020-09-12 07:00:00\r\nFCC.1LUSHUI.PH,2020-09-12 17:00:00\r\nFCC.1LUSHUI.PH,2020-09-13 07:00:00\r\nFCC.1LUSHUI.PH,2020-09-13 17:00:00\r\nFCC.1LUSHUI.PH,2020-09-14 07:00:00\r\nFCC.1LUSHUI.PH,2020-09-14 17:00:00\r\nFCC.1LUSHUI.PH,2020-09-15 07:00:00\r\nFCC.1LUSHUI.PH,2020-09-15 17:00:00\r\nFCC.1LUSHUI.PH,2020-09-16 07:00:00\r\nFCC.1LUSHUI.PH,2020-09-16 17:00:00\r\nFCC.1LUSHUI.PH,2020-09-17 07:00:00\r\nFCC.1LUSHUI.PH,2020-09-17 17:00:00\r\nFCC.1LUSHUI.PH,2020-09-18 07:00:00\r\nFCC.1LUSHUI.PH,2020-09-18 17:00:00\r\nFCC.1LUSHUI.PH,2020-09-19 07:00:00\r\nFCC.1LUSHUI.PH,2020-09-19 17:00:00\r\nFCC.1LUSHUI.PH,2020-09-20 07:00:00\r\nFCC.1LUSHUI.PH,2020-09-20 17:00:00\r\nFCC.1LUSHUI.PH,2020-09-21 07:00:00\r\nFCC.1LUSHUI.PH,2020-09-21 17:00:00\r\nFCC.1LUSHUI.PH,2020-09-22 07:00:00\r\nFCC.1LUSHUI.PH,2020-09-22 17:00:00\r\nFCC.1LUSHUI.PH,2020-09-23 07:00:00\r\nFCC.1LUSHUI.PH,2020-09-23 17:00:00\r\nFCC.1LUSHUI.PH,2020-09-24 07:00:00\r\nFCC.1LUSHUI.PH,2020-09-24 17:00:00\r\nFCC.1LUSHUI.PH,2020-09-25 07:00:00\r\nFCC.1LUSHUI.PH,2020-09-25 17:00:00\r\nFCC.1LUSHUI.PH,2020-09-26 07:00:00\r\nFCC.1LUSHUI.PH,2020-09-26 17:00:00\r\nFCC.1LUSHUI.PH,2020-09-27 07:00:00\r\nFCC.1LUSHUI.PH,2020-09-27 17:00:00\r\nFCC.1LUSHUI.PH,2020-09-28 07:00:00\r\nFCC.1LUSHUI.PH,2020-09-28 17:00:00\r\nFCC.1LUSHUI.PH,2020-09-29 07:00:00\r\nFCC.1LUSHUI.PH,2020-09-29 17:00:00\r\nFCC.1LUSHUI.PH,2020-09-30 07:00:00\r\nFCC.1LUSHUI.PH,2020-09-30 17:00:00\r\nFCC.1LUSHUI.PH,2020-10-01 07:00:00\r\nFCC.1LUSHUI.PH,2020-10-01 17:00:00\r\nFCC.1LUSHUI.PH,2020-10-02 07:00:00\r\nFCC.1LUSHUI.PH,2020-10-05 07:00:00\r\nFCC.1LUSHUI.PH,2020-10-02 07:00:00\r\nFCC.1LUSHUI.PH,2020-10-05 07:00:00\r\nFCC.1LUSHUI.PH,2020-10-05 07:00:00\r\nFCC.1LUSHUI.PH,2020-10-07 07:00:00\r\nFCC.1LUSHUI.PH,2020-10-07 07:00:00\r\nFCC.1LUSHUI.PH,2020-10-09 07:00:00\r\nFCC.1LUSHUI.PH,2020-10-09 07:00:00\r\nFCC.1LUSHUI.PH,2020-10-12 07:00:00\r\nFCC.1LUSHUI.PH,2020-10-09 07:00:00\r\nFCC.1LUSHUI.PH,2020-10-12 07:00:00\r\nFCC.1LUSHUI.PH,2020-10-14 07:00:00\r\nFCC.1LUSHUI.PH,2020-10-12 07:00:00\r\nFCC.1LUSHUI.PH,2020-10-14 07:00:00\r\nFCC.1LUSHUI.PH,2020-10-16 07:00:00\r\nFCC.1LUSHUI.PH,2020-10-14 07:00:00\r\nFCC.1LUSHUI.PH,2020-10-16 07:00:00\r\nFCC.1LUSHUI.PH,2020-10-19 07:00:00\r\nFCC.1LUSHUI.PH,2020-10-16 07:00:00\r\nFCC.1LUSHUI.PH,2020-10-19 07:00:00\r\nFCC.1LUSHUI.PH,2020-10-19 07:00:00\r\nFCC.1LUSHUI.PH,2020-10-21 07:00:00\r\nFCC.1LUSHUI.PH,2020-10-21 07:00:00\r\nFCC.1LUSHUI.PH,2020-10-23 07:00:00\r\nFCC.1LUSHUI.PH,2020-10-23 07:00:00\r\nFCC.1LUSHUI.PH,2020-10-26 07:00:00\r\nFCC.1LUSHUI.PH,2020-10-23 07:00:00\r\nFCC.1LUSHUI.PH,2020-10-26 07:00:00\r\nFCC.1LUSHUI.PH,2020-10-28 07:00:00\r\nFCC.1LUSHUI.PH,2020-10-26 07:00:00\r\nFCC.1LUSHUI.PH,2020-10-28 07:00:00\r\nFCC.1LUSHUI.PH,2020-10-30 07:00:00\r\nFCC.1LUSHUI.PH,2020-10-28 07:00:00\r\nFCC.1LUSHUI.PH,2020-10-30 07:00:00\r\nFCC.1LUSHUI.PH,2020-11-02 07:00:00\r\nFCC.1LUSHUI.PH,2020-10-30 07:00:00\r\nFCC.1LUSHUI.PH,2020-11-02 07:00:00\r\nFCC.1LUSHUI.PH,2020-11-02 07:00:00\r\nFCC.1LUSHUI.PH,2020-11-04 07:00:00\r\nFCC.1LUSHUI.PH,2020-11-04 07:00:00\r\nFCC.1LUSHUI.PH,2020-11-06 07:00:00\r\nFCC.1LUSHUI.PH,2020-11-06 07:00:00\r\nFCC.1LUSHUI.PH,2020-11-09 07:00:00\r\nFCC.1LUSHUI.PH,2020-11-06 07:00:00\r\nFCC.1LUSHUI.PH,2020-11-09 07:00:00\r\nFCC.1LUSHUI.PH,2020-11-11 07:00:00\r\nFCC.1LUSHUI.PH,2020-11-09 07:00:00\r\nFCC.1LUSHUI.PH,2020-11-11 07:00:00\r\nFCC.1LUSHUI.PH,2020-11-13 07:00:00\r\nFCC.1LUSHUI.PH,2020-11-11 07:00:00\r\nFCC.1LUSHUI.PH,2020-11-13 07:00:00\r\nFCC.1LUSHUI.PH,2020-11-16 07:00:00\r\nFCC.1LUSHUI.PH,2020-11-13 07:00:00\r\nFCC.1LUSHUI.PH,2020-11-16 07:00:00\r\nFCC.1LUSHUI.PH,2020-11-16 07:00:00\r\nFCC.1LUSHUI.PH,2020-11-18 07:00:00\r\nFCC.1LUSHUI.PH,2020-11-18 07:00:00\r\nFCC.1LUSHUI.PH,2020-11-20 07:00:00\r\nFCC.1LUSHUI.PH,2020-11-20 07:00:00\r\nFCC.1LUSHUI.PH,2020-11-23 07:00:00\r\nFCC.1LUSHUI.PH,2020-11-20 07:00:00\r\nFCC.1LUSHUI.PH,2020-11-23 07:00:00\r\nFCC.1LUSHUI.PH,2020-11-25 07:00:00\r\nFCC.1LUSHUI.PH,2020-11-23 07:00:00\r\nFCC.1LUSHUI.PH,2020-11-25 07:00:00\r\nFCC.1LUSHUI.PH,2020-11-27 07:00:00\r\nFCC.1LUSHUI.PH,2020-11-25 07:00:00\r\nFCC.1LUSHUI.PH,2020-11-27 07:00:00\r\nFCC.1LUSHUI.PH,2020-11-30 07:00:00\r\nFCC.1LUSHUI.PH,2020-11-27 07:00:00\r\nFCC.1LUSHUI.PH,2020-11-30 07:00:00\r\nFCC.1LUSHUI.PH,2020-11-30 07:00:00\r\nFCC.1LUSHUI.PH,2020-12-02 07:00:00\r\nFCC.1LUSHUI.PH,2020-12-02 07:00:00\r\nFCC.1LUSHUI.PH,2020-12-04 07:00:00\r\nFCC.1LUSHUI.PH,2020-12-04 07:00:00\r\nFCC.1LUSHUI.PH,2020-12-07 07:00:00\r\nFCC.1LUSHUI.PH,2020-12-04 07:00:00\r\nFCC.1LUSHUI.PH,2020-12-07 07:00:00\r\nFCC.1LUSHUI.PH,2020-12-09 07:00:00\r\nFCC.1LUSHUI.PH,2020-12-07 07:00:00\r\nFCC.1LUSHUI.PH,2020-12-09 07:00:00\r\nFCC.1LUSHUI.PH,2020-12-11 07:00:00\r\nFCC.1LUSHUI.PH,2020-12-09 07:00:00\r\nFCC.1LUSHUI.PH,2020-12-11 07:00:00\r\nFCC.1LUSHUI.PH,2020-12-14 07:00:00\r\nFCC.1LUSHUI.PH,2020-12-11 07:00:00\r\nFCC.1LUSHUI.PH,2020-12-14 07:00:00\r\nFCC.1LUSHUI.PH,2020-12-14 07:00:00\r\nFCC.1LUSHUI.PH,2020-12-16 07:00:00\r\nFCC.1LUSHUI.PH,2020-12-16 07:00:00\r\nFCC.1LUSHUI.PH,2020-12-18 07:00:00\r\nFCC.1LUSHUI.PH,2020-12-18 07:00:00\r\nFCC.1LUSHUI.PH,2020-12-21 07:00:00\r\nFCC.1LUSHUI.PH,2020-12-18 07:00:00\r\nFCC.1LUSHUI.PH,2020-12-21 07:00:00\r\nFCC.1LUSHUI.PH,2020-12-23 07:00:00\r\nFCC.1LUSHUI.PH,2020-12-21 07:00:00\r\nFCC.1LUSHUI.PH,2020-12-23 07:00:00\r\nFCC.1LUSHUI.PH,2020-12-25 07:00:00\r\nFCC.1LUSHUI.PH,2020-12-23 07:00:00\r\nFCC.1LUSHUI.PH,2020-12-25 07:00:00\r\nFCC.1LUSHUI.PH,2020-12-28 07:00:00\r\nFCC.1LUSHUI.PH,2020-12-25 07:00:00\r\nFCC.1LUSHUI.PH,2020-12-28 07:00:00\r\nFCC.1LUSHUI.PH,2020-12-28 07:00:00\r\nFCC.1LUSHUI.PH,2020-12-30 07:00:00\r\nFCC.1LUSHUI.PH,2020-12-30 07:00:00\r\nFCC.1LUSHUI.PH,2021-01-01 07:00:00\r\nFCC.1LUSHUI.PH,2021-01-01 07:00:00\r\nFCC.1LUSHUI.PH,2021-01-04 07:00:00\r\nFCC.1LUSHUI.PH,2021-01-01 07:00:00\r\nFCC.1LUSHUI.PH,2021-01-04 07:00:00\r\nFCC.1LUSHUI.PH,2021-01-06 07:00:00\r\nFCC.1LUSHUI.PH,2021-01-04 07:00:00\r\nFCC.1LUSHUI.PH,2021-01-06 07:00:00\r\nFCC.1LUSHUI.PH,2021-01-08 07:00:00\r\nFCC.1LUSHUI.PH,2021-01-06 07:00:00\r\nFCC.1LUSHUI.PH,2021-01-08 07:00:00\r\nFCC.1LUSHUI.PH,2021-01-11 07:00:00\r\nFCC.1LUSHUI.PH,2021-01-08 07:00:00\r\nFCC.1LUSHUI.PH,2021-01-11 07:00:00\r\nFCC.1LUSHUI.PH,2021-01-11 07:00:00\r\nFCC.1LUSHUI.PH,2021-01-13 07:00:00\r\nFCC.1LUSHUI.PH,2021-01-13 07:00:00\r\nFCC.1LUSHUI.PH,2021-01-15 07:00:00\r\nFCC.1LUSHUI.PH,2021-01-15 07:00:00\r\nFCC.1LUSHUI.PH,2021-01-18 07:00:00\r\nFCC.1LUSHUI.PH,2021-01-15 07:00:00\r\nFCC.1LUSHUI.PH,2021-01-18 07:00:00\r\nFCC.1LUSHUI.PH,2021-01-20 07:00:00\r\nFCC.1LUSHUI.PH,2021-01-18 07:00:00\r\nFCC.1LUSHUI.PH,2021-01-20 07:00:00\r\nFCC.1LUSHUI.PH,2021-01-22 07:00:00\r\nFCC.1LUSHUI.PH,2021-01-20 07:00:00\r\nFCC.1LUSHUI.PH,2021-01-22 07:00:00\r\nFCC.1LUSHUI.PH,2021-01-25 07:00:00\r\nFCC.1LUSHUI.PH,2021-01-22 07:00:00\r\nFCC.1LUSHUI.PH,2021-01-25 07:00:00\r\nFCC.1LUSHUI.PH,2021-01-25 07:00:00\r\nFCC.1LUSHUI.PH,2021-01-27 07:00:00\r\nFCC.1LUSHUI.PH,2021-01-27 07:00:00\r\nFCC.1LUSHUI.PH,2021-01-29 07:00:00\r\nFCC.1LUSHUI.PH,2021-01-29 07:00:00\r\nFCC.1LUSHUI.PH,2021-02-01 07:00:00\r\nFCC.1LUSHUI.PH,2021-01-29 07:00:00\r\nFCC.1LUSHUI.PH,2021-02-01 07:00:00\r\nFCC.1LUSHUI.PH,2021-02-03 07:00:00\r\nFCC.1LUSHUI.PH,2021-02-01 07:00:00\r\nFCC.1LUSHUI.PH,2021-02-03 07:00:00\r\nFCC.1LUSHUI.PH,2021-02-05 07:00:00\r\nFCC.1LUSHUI.PH,2021-02-03 07:00:00\r\nFCC.1LUSHUI.PH,2021-02-05 07:00:00\r\nFCC.1LUSHUI.PH,2021-02-08 07:00:00\r\nFCC.1LUSHUI.PH,2021-02-05 07:00:00\r\nFCC.1LUSHUI.PH,2021-02-08 07:00:00\r\nFCC.1LUSHUI.PH,2021-02-08 07:00:00\r\nFCC.1LUSHUI.PH,2021-02-10 07:00:00\r\nFCC.1LUSHUI.PH,2021-02-10 07:00:00\r\nFCC.1LUSHUI.PH,2021-02-12 07:00:00\r\nFCC.1LUSHUI.PH,2021-02-12 07:00:00\r\nFCC.1LUSHUI.PH,2021-02-15 07:00:00\r\nFCC.1LUSHUI.PH,2021-02-12 07:00:00\r\nFCC.1LUSHUI.PH,2021-02-15 07:00:00\r\nFCC.1LUSHUI.PH,2021-02-17 07:00:00\r\nFCC.1LUSHUI.PH,2021-02-15 07:00:00\r\nFCC.1LUSHUI.PH,2021-02-17 07:00:00\r\nFCC.1LUSHUI.PH,2021-02-19 07:00:00\r\nFCC.1LUSHUI.PH,2021-02-17 07:00:00\r\nFCC.1LUSHUI.PH,2021-02-19 07:00:00\r\nFCC.1LUSHUI.PH,2021-02-22 07:00:00\r\nFCC.1LUSHUI.PH,2021-02-19 07:00:00\r\nFCC.1LUSHUI.PH,2021-02-22 07:00:00\r\nFCC.1LUSHUI.PH,2021-02-22 07:00:00\r\nFCC.1LUSHUI.PH,2021-02-24 07:00:00\r\nFCC.1LUSHUI.PH,2021-02-24 07:00:00\r\nFCC.1LUSHUI.PH,2021-02-26 07:00:00\r\nFCC.1LUSHUI.PH,2021-02-26 07:00:00\r\nFCC.1LUSHUI.PH,2021-03-01 07:00:00\r\nFCC.1LUSHUI.PH,2021-02-26 07:00:00\r\nFCC.1LUSHUI.PH,2021-03-01 07:00:00\r\nFCC.1LUSHUI.PH,2021-03-03 07:00:00\r\nFCC.1LUSHUI.PH,2021-03-01 07:00:00\r\nFCC.1LUSHUI.PH,2021-03-03 07:00:00\r\nFCC.1LUSHUI.PH,2021-03-05 07:00:00\r\nFCC.1LUSHUI.PH,2021-03-03 07:00:00\r\nFCC.1LUSHUI.PH,2021-03-05 07:00:00\r\nFCC.1LUSHUI.PH,2021-03-08 07:00:00\r\nFCC.1LUSHUI.PH,2021-03-05 07:00:00\r\nFCC.1LUSHUI.PH,2021-03-08 07:00:00\r\nFCC.1LUSHUI.PH,2021-03-08 07:00:00\r\nFCC.1LUSHUI.PH,2021-03-10 07:00:00\r\nFCC.1LUSHUI.PH,2021-03-10 07:00:00\r\nFCC.1LUSHUI.PH,2021-03-12 07:00:00\r\nFCC.1LUSHUI.PH,2021-03-12 07:00:00\r\nFCC.1LUSHUI.PH,2021-03-15 07:00:00\r\nFCC.1LUSHUI.PH,2021-03-12 07:00:00\r\nFCC.1LUSHUI.PH,2021-03-15 07:00:00\r\nFCC.1LUSHUI.PH,2021-03-17 07:00:00\r\nFCC.1LUSHUI.PH,2021-03-15 07:00:00\r\nFCC.1LUSHUI.PH,2021-03-17 07:00:00\r\nFCC.1LUSHUI.PH,2021-03-19 07:00:00\r\nFCC.1LUSHUI.PH,2021-03-17 07:00:00\r\nFCC.1LUSHUI.PH,2021-03-19 07:00:00\r\nFCC.1LUSHUI.PH,2021-03-22 07:00:00\r\nFCC.1LUSHUI.PH,2021-03-19 07:00:00\r\nFCC.1LUSHUI.PH,2021-03-22 07:00:00\r\nFCC.1LUSHUI.PH,2021-03-22 07:00:00\r\nFCC.1LUSHUI.PH,2021-03-24 07:00:00\r\nFCC.1LUSHUI.PH,2021-03-24 07:00:00\r\nFCC.1LUSHUI.PH,2021-03-26 07:00:00\r\nFCC.1LUSHUI.PH,2021-03-26 07:00:00\r\nFCC.1LUSHUI.PH,2021-03-29 07:00:00\r\nFCC.1LUSHUI.PH,2021-03-26 07:00:00\r\nFCC.1LUSHUI.PH,2021-03-29 07:00:00\r\nFCC.1LUSHUI.PH,2021-03-31 07:00:00\r\nFCC.1LUSHUI.PH,2021-03-29 07:00:00\r\nFCC.1LUSHUI.PH,2021-03-31 07:00:00\r\nFCC.1LUSHUI.PH,2021-04-02 07:00:00\r\nFCC.1LUSHUI.PH,2021-03-31 07:00:00\r\nFCC.1LUSHUI.PH,2021-04-02 07:00:00\r\nFCC.1LUSHUI.PH,2021-04-04 07:00:00\r\nFCC.1LUSHUI.PH,2021-04-02 07:00:00\r\nFCC.1LUSHUI.PH,2021-04-04 07:00:00\r\nFCC.1LUSHUI.PH,2021-04-07 07:00:00\r\nFCC.1LUSHUI.PH,2021-04-04 07:00:00\r\nFCC.1LUSHUI.PH,2021-04-07 07:00:00\r\nFCC.1LUSHUI.PH,2021-04-07 07:00:00\r\nFCC.1LUSHUI.PH,2021-04-09 07:00:00\r\nFCC.1LUSHUI.PH,2021-04-09 07:00:00\r\nFCC.1LUSHUI.PH,2021-04-12 07:00:00\r\nFCC.1LUSHUI.PH,2021-04-09 07:00:00\r\nFCC.1LUSHUI.PH,2021-04-12 07:00:00\r\nFCC.1LUSHUI.PH,2021-04-14 07:00:00\r\nFCC.1LUSHUI.PH,2021-04-12 07:00:00\r\nFCC.1LUSHUI.PH,2021-04-14 07:00:00\r\nFCC.1LUSHUI.PH,2021-04-16 07:00:00\r\nFCC.1LUSHUI.PH,2021-04-14 07:00:00\r\nFCC.1LUSHUI.PH,2021-04-16 07:00:00\r\nFCC.1LUSHUI.PH,2021-04-19 07:00:00\r\nFCC.1LUSHUI.PH,2021-04-16 07:00:00\r\nFCC.1LUSHUI.PH,2021-04-19 07:00:00\r\nFCC.1LUSHUI.PH,2021-04-19 07:00:00\r\nFCC.1LUSHUI.PH,2021-04-21 07:00:00\r\nFCC.1LUSHUI.PH,2021-04-21 07:00:00\r\nFCC.1LUSHUI.PH,2021-04-23 07:00:00\r\nFCC.1LUSHUI.PH,2021-04-23 07:00:00\r\nFCC.1LUSHUI.PH,2021-04-26 07:00:00\r\nFCC.1LUSHUI.PH,2021-04-23 07:00:00\r\nFCC.1LUSHUI.PH,2021-04-26 07:00:00\r\nFCC.1LUSHUI.PH,2021-04-28 07:00:00\r\nFCC.1LUSHUI.PH,2021-04-26 07:00:00\r\nFCC.1LUSHUI.PH,2021-04-28 07:00:00\r\nFCC.1LUSHUI.PH,2021-04-30 07:00:00\r\nFCC.1LUSHUI.PH,2021-04-28 07:00:00\r\nFCC.1LUSHUI.PH,2021-04-30 07:00:00\r\nFCC.1LUSHUI.PH,2021-05-03 07:00:00\r\nFCC.1LUSHUI.PH,2021-04-30 07:00:00\r\nFCC.1LUSHUI.PH,2021-05-03 07:00:00\r\nFCC.1LUSHUI.PH,2021-05-03 07:00:00\r\nFCC.1LUSHUI.PH,2021-05-05 07:00:00\r\nFCC.1LUSHUI.PH,2021-05-05 07:00:00\r\nFCC.1LUSHUI.PH,2021-05-07 07:00:00\r\nFCC.1LUSHUI.PH,2021-05-07 07:00:00\r\nFCC.1LUSHUI.PH,2021-05-10 07:00:00\r\nFCC.1LUSHUI.PH,2021-05-07 07:00:00\r\nFCC.1LUSHUI.PH,2021-05-10 07:00:00\r\nFCC.1LUSHUI.PH,2021-05-12 07:00:00\r\nFCC.1LUSHUI.PH,2021-05-10 07:00:00\r\nFCC.1LUSHUI.PH,2021-05-12 07:00:00\r\nFCC.1LUSHUI.PH,2021-05-14 07:00:00\r\nFCC.1LUSHUI.PH,2021-05-12 07:00:00\r\nFCC.1LUSHUI.PH,2021-05-14 07:00:00\r\nFCC.1LUSHUI.PH,2021-05-17 07:00:00\r\nFCC.1LUSHUI.PH,2021-05-14 07:00:00\r\nFCC.1LUSHUI.PH,2021-05-17 07:00:00\r\nFCC.1LUSHUI.PH,2021-05-17 07:00:00\r\nFCC.1LUSHUI.PH,2021-05-19 07:00:00\r\nFCC.1LUSHUI.PH,2021-05-19 07:00:00\r\nFCC.1LUSHUI.PH,2021-05-21 07:00:00\r\nFCC.1LUSHUI.PH,2021-05-21 07:00:00\r\nFCC.1LUSHUI.PH,2021-05-24 07:00:00\r\nFCC.1LUSHUI.PH,2021-05-21 07:00:00\r\nFCC.1LUSHUI.PH,2021-05-24 07:00:00\r\nFCC.1LUSHUI.PH,2021-05-26 07:00:00\r\nFCC.1LUSHUI.PH,2021-05-24 07:00:00\r\nFCC.1LUSHUI.PH,2021-05-26 07:00:00\r\nFCC.1LUSHUI.PH,2021-05-28 07:00:00\r\nFCC.1LUSHUI.PH,2021-05-26 07:00:00\r\nFCC.1LUSHUI.PH,2021-05-28 07:00:00\r\nFCC.1LUSHUI.PH,2021-05-31 07:00:00\r\nFCC.1LUSHUI.PH,2021-05-28 07:00:00\r\nFCC.1LUSHUI.PH,2021-05-31 07:00:00\r\nFCC.1LUSHUI.PH,2021-05-31 07:00:00\r\nFCC.1LUSHUI.PH,2021-06-02 07:00:00\r\nFCC.1LUSHUI.PH,2021-06-02 07:00:00\r\nFCC.1LUSHUI.PH,2021-06-04 07:00:00\r\nFCC.1LUSHUI.PH,2021-06-04 07:00:00\r\nFCC.1LUSHUI.PH,2021-06-07 07:00:00\r\nFCC.1LUSHUI.PH,2021-06-04 07:00:00\r\nFCC.1LUSHUI.PH,2021-06-07 07:00:00\r\nFCC.1LUSHUI.PH,2021-06-09 07:00:00\r\nFCC.1LUSHUI.PH,2021-06-07 07:00:00\r\nFCC.1LUSHUI.PH,2021-06-09 07:00:00\r\nFCC.1LUSHUI.PH,2021-06-11 07:00:00\r\nFCC.1LUSHUI.PH,2021-06-09 07:00:00\r\nFCC.1LUSHUI.PH,2021-06-11 07:00:00\r\nFCC.1LUSHUI.PH,2021-06-14 07:00:00\r\nFCC.1LUSHUI.PH,2021-06-11 07:00:00\r\nFCC.1LUSHUI.PH,2021-06-14 07:00:00\r\nFCC.1LUSHUI.PH,2021-06-14 07:00:00\r\nFCC.1LUSHUI.PH,2021-06-16 07:00:00\r\nFCC.1LUSHUI.PH,2021-06-16 07:00:00\r\nFCC.1LUSHUI.PH,2021-06-18 07:00:00\r\nFCC.1LUSHUI.PH,2021-06-18 07:00:00\r\nFCC.1LUSHUI.PH,2021-06-21 07:00:00\r\nFCC.1LUSHUI.PH,2021-06-18 07:00:00\r\nFCC.1LUSHUI.PH,2021-06-21 07:00:00\r\nFCC.1LUSHUI.PH,2021-06-23 07:00:00\r\nFCC.1LUSHUI.PH,2021-06-21 07:00:00\r\nFCC.1LUSHUI.PH,2021-06-23 07:00:00\r\nFCC.1LUSHUI.PH,2021-06-25 07:00:00\r\nFCC.1LUSHUI.PH,2021-06-23 07:00:00\r\nFCC.1LUSHUI.PH,2021-06-25 07:00:00\r\nFCC.1LUSHUI.PH,2021-06-28 07:00:00\r\nFCC.1LUSHUI.PH,2021-06-25 07:00:00\r\nFCC.1LUSHUI.PH,2021-06-28 07:00:00\r\nFCC.1LUSHUI.PH,2021-06-28 07:00:00\r\nFCC.1LUSHUI.PH,2021-06-30 07:00:00\r\nFCC.1LUSHUI.PH,2021-06-30 07:00:00\r\nFCC.1LUSHUI.PH,2021-07-02 07:00:00\r\nFCC.1LUSHUI.PH,2021-07-02 07:00:00\r\nFCC.1LUSHUI.PH,2021-07-05 07:00:00\r\nFCC.1LUSHUI.PH,2021-07-02 07:00:00\r\nFCC.1LUSHUI.PH,2021-07-05 07:00:00\r\nFCC.1LUSHUI.PH,2021-07-07 07:00:00\r\nFCC.1LUSHUI.PH,2021-07-05 07:00:00\r\nFCC.1LUSHUI.PH,2021-07-07 07:00:00\r\nFCC.1LUSHUI.PH,2021-07-09 07:00:00\r\nFCC.1LUSHUI.PH,2021-07-07 07:00:00\r\nFCC.1LUSHUI.PH,2021-07-09 07:00:00\r\nFCC.1LUSHUI.PH,2021-07-12 07:00:00\r\nFCC.1LUSHUI.PH,2021-07-09 07:00:00\r\nFCC.1LUSHUI.PH,2021-07-12 07:00:00\r\nFCC.1LUSHUI.PH,2021-07-12 07:00:00\r\nFCC.1LUSHUI.PH,2021-07-14 07:00:00\r\nFCC.1LUSHUI.PH,2021-07-14 07:00:00\r\nFCC.1LUSHUI.PH,2021-07-16 07:00:00\r\nFCC.1LUSHUI.PH,2021-07-16 07:00:00\r\nFCC.1LUSHUI.PH,2021-07-19 07:00:00\r\nFCC.1LUSHUI.PH,2021-07-16 07:00:00\r\nFCC.1LUSHUI.PH,2021-07-19 07:00:00\r\nFCC.1LUSHUI.PH,2021-07-21 07:00:00\r\nFCC.1LUSHUI.PH,2021-07-19 07:00:00\r\nFCC.1LUSHUI.PH,2021-07-21 07:00:00\r\nFCC.1LUSHUI.PH,2021-07-23 07:00:00\r\nFCC.1LUSHUI.PH,2021-07-21 07:00:00\r\nFCC.1LUSHUI.PH,2021-07-23 07:00:00\r\nFCC.1LUSHUI.PH,2021-07-26 07:00:00\r\nFCC.1LUSHUI.PH,2021-07-23 07:00:00\r\nFCC.1LUSHUI.PH,2021-07-26 07:00:00\r\nFCC.1LUSHUI.PH,2021-07-26 07:00:00\r\nFCC.1LUSHUI.PH,2021-07-28 07:00:00\r\nFCC.1LUSHUI.PH,2021-07-28 07:00:00\r\nFCC.1LUSHUI.PH,2021-07-30 07:00:00\r\nFCC.1LUSHUI.PH,2021-07-30 07:00:00\r\nFCC.1LUSHUI.PH,2021-08-02 07:00:00\r\nFCC.1LUSHUI.PH,2021-07-30 07:00:00\r\nFCC.1LUSHUI.PH,2021-08-02 07:00:00\r\nFCC.1LUSHUI.PH,2021-08-04 07:00:00\r\nFCC.1LUSHUI.PH,2021-08-02 07:00:00\r\nFCC.1LUSHUI.PH,2021-08-04 07:00:00\r\nFCC.1LUSHUI.PH,2021-08-06 07:00:00\r\nFCC.1LUSHUI.PH,2021-08-04 07:00:00\r\nFCC.1LUSHUI.PH,2021-08-06 07:00:00\r\nFCC.1LUSHUI.PH,2021-08-09 07:00:00\r\nFCC.1LUSHUI.PH,2021-08-06 07:00:00\r\nFCC.1LUSHUI.PH,2021-08-09 07:00:00\r\nFCC.1LUSHUI.PH,2021-08-09 07:00:00\r\nFCC.1LUSHUI.PH,2021-08-11 07:00:00\r\nFCC.1LUSHUI.PH,2021-08-11 07:00:00\r\nFCC.1LUSHUI.PH,2021-08-13 07:00:00\r\nFCC.1LUSHUI.PH,2021-08-13 07:00:00\r\nFCC.1LUSHUI.PH,2021-08-16 07:00:00\r\nFCC.1LUSHUI.PH,2021-08-13 07:00:00\r\nFCC.1LUSHUI.PH,2021-08-16 07:00:00\r\nFCC.1LUSHUI.PH,2021-08-18 07:00:00\r\nFCC.1LUSHUI.PH,2021-08-16 07:00:00\r\nFCC.1LUSHUI.PH,2021-08-18 07:00:00\r\nFCC.1LUSHUI.PH,2021-08-20 07:00:00\r\nFCC.1LUSHUI.PH,2021-08-18 07:00:00\r\nFCC.1LUSHUI.PH,2021-08-20 07:00:00\r\nFCC.1LUSHUI.PH,2021-08-23 07:00:00\r\nFCC.1LUSHUI.PH,2021-08-20 07:00:00\r\nFCC.1LUSHUI.PH,2021-08-23 07:00:00\r\nFCC.1LUSHUI.PH,2021-08-23 07:00:00\r\nFCC.1LUSHUI.PH,2021-08-25 07:00:00\r\nFCC.1LUSHUI.PH,2021-08-25 07:00:00\r\nFCC.1LUSHUI.PH,2021-08-27 07:00:00\r\nFCC.1LUSHUI.PH,2021-08-27 07:00:00\r\nFCC.1LUSHUI.PH,2021-08-30 07:00:00\r\nFCC.1LUSHUI.PH,2021-08-27 07:00:00\r\nFCC.1LUSHUI.PH,2021-08-30 07:00:00\r\nFCC.1LUSHUI.PH,2021-09-01 07:00:00\r\nFCC.1LUSHUI.PH,2021-08-30 07:00:00\r\nFCC.1LUSHUI.PH,2021-09-01 07:00:00\r\nFCC.1LUSHUI.PH,2021-09-03 07:00:00\r\nFCC.1LUSHUI.PH,2021-09-01 07:00:00\r\nFCC.1LUSHUI.PH,2021-09-03 07:00:00\r\nFCC.1LUSHUI.PH,2021-09-06 07:00:00\r\nFCC.1LUSHUI.PH,2021-09-03 07:00:00\r\nFCC.1LUSHUI.PH,2021-09-06 07:00:00\r\nFCC.1LUSHUI.PH,2021-09-06 07:00:00\r\nFCC.1LUSHUI.PH,2021-09-08 07:00:00\r\nFCC.1LUSHUI.PH,2021-09-08 07:00:00\r\nFCC.1LUSHUI.PH,2021-09-10 07:00:00\r\nFCC.1LUSHUI.PH,2021-09-10 07:00:00\r\nFCC.1LUSHUI.PH,2021-09-13 07:00:00\r\nFCC.1LUSHUI.PH,2021-09-10 07:00:00\r\nFCC.1LUSHUI.PH,2021-09-13 07:00:00\r\nFCC.1LUSHUI.PH,2021-09-15 07:00:00\r\nFCC.1LUSHUI.PH,2021-09-13 07:00:00\r\nFCC.1LUSHUI.PH,2021-09-15 07:00:00\r\nFCC.1LUSHUI.PH,2021-09-17 07:00:00\r\nFCC.1LUSHUI.PH,2021-09-15 07:00:00\r\nFCC.1LUSHUI.PH,2021-09-17 07:00:00\r\nFCC.1LUSHUI.PH,2021-09-20 07:00:00\r\nFCC.1LUSHUI.PH,2021-09-17 07:00:00\r\nFCC.1LUSHUI.PH,2021-09-20 07:00:00\r\nFCC.1LUSHUI.PH,2021-09-20 07:00:00\r\nFCC.1LUSHUI.PH,2021-09-22 07:00:00\r\nFCC.1LUSHUI.PH,2021-09-22 07:00:00\r\nFCC.1LUSHUI.PH,2021-09-24 07:00:00\r\nFCC.1LUSHUI.PH,2021-09-24 07:00:00\r\nFCC.1LUSHUI.PH,2021-09-27 07:00:00\r\nFCC.1LUSHUI.PH,2021-09-24 07:00:00\r\nFCC.1LUSHUI.PH,2021-09-27 07:00:00\r\nFCC.1LUSHUI.PH,2021-09-29 07:00:00\r\nFCC.1LUSHUI.PH,2021-09-27 07:00:00\r\nFCC.1LUSHUI.PH,2021-09-29 07:00:00\r\nFCC.1LUSHUI.PH,2021-10-01 07:00:00\r\nFCC.1LUSHUI.PH,2021-09-29 07:00:00\r\nFCC.1LUSHUI.PH,2021-10-01 07:00:00\r\nFCC.1LUSHUI.PH,2021-10-02 07:00:00\r\nFCC.1LUSHUI.PH,2021-10-02 07:00:00\r\nFCC.1LUSHUI.PH,2021-10-06 07:00:00\r\nFCC.1LUSHUI.PH,2021-10-02 07:00:00\r\nFCC.1LUSHUI.PH,2021-10-06 07:00:00\r\nFCC.1LUSHUI.PH,2021-10-06 07:00:00\r\nFCC.1LUSHUI.PH,2021-10-08 07:00:00\r\nFCC.1LUSHUI.PH,2021-10-08 07:00:00\r\nFCC.1LUSHUI.PH,2021-10-11 07:00:00\r\nFCC.1LUSHUI.PH,2021-10-08 07:00:00\r\nFCC.1LUSHUI.PH,2021-10-11 07:00:00\r\nFCC.1LUSHUI.PH,2021-10-13 07:00:00\r\nFCC.1LUSHUI.PH,2021-10-11 07:00:00\r\nFCC.1LUSHUI.PH,2021-10-13 07:00:00\r\nFCC.1LUSHUI.PH,2021-10-15 07:00:00\r\nFCC.1LUSHUI.PH,2021-10-13 07:00:00\r\nFCC.1LUSHUI.PH,2021-10-15 07:00:00\r\nFCC.1LUSHUI.PH,2021-10-18 07:00:00\r\nFCC.1LUSHUI.PH,2021-10-15 07:00:00\r\nFCC.1LUSHUI.PH,2021-10-18 07:00:00\r\nFCC.1LUSHUI.PH,2021-10-18 07:00:00\r\nFCC.1LUSHUI.PH,2021-10-20 07:00:00\r\nFCC.1LUSHUI.PH,2021-10-20 07:00:00\r\nFCC.1LUSHUI.PH,2021-10-22 07:00:00\r\nFCC.1LUSHUI.PH,2021-10-22 07:00:00\r\nFCC.1LUSHUI.PH,2021-10-25 07:00:00\r\nFCC.1LUSHUI.PH,2021-10-22 07:00:00\r\nFCC.1LUSHUI.PH,2021-10-25 07:00:00\r\nFCC.1LUSHUI.PH,2021-10-27 07:00:00\r\nFCC.1LUSHUI.PH,2021-10-25 07:00:00\r\nFCC.1LUSHUI.PH,2021-10-27 07:00:00\r\nFCC.1LUSHUI.PH,2021-10-29 07:00:00\r\nFCC.1LUSHUI.PH,2021-10-27 07:00:00\r\nFCC.1LUSHUI.PH,2021-10-29 07:00:00\r\nFCC.1LUSHUI.PH,2021-11-01 07:00:00\r\nFCC.1LUSHUI.PH,2021-10-29 07:00:00\r\nFCC.1LUSHUI.PH,2021-11-01 07:00:00\r\nFCC.1LUSHUI.PH,2021-11-01 07:00:00\r\nFCC.1LUSHUI.PH,2021-11-03 07:00:00\r\nFCC.1LUSHUI.PH,2021-11-03 07:00:00\r\nFCC.1LUSHUI.PH,2021-11-05 07:00:00\r\nFCC.1LUSHUI.PH,2021-11-05 07:00:00\r\nFCC.1LUSHUI.PH,2021-11-08 07:00:00\r\nFCC.1LUSHUI.PH,2021-11-05 07:00:00\r\nFCC.1LUSHUI.PH,2021-11-08 07:00:00\r\nFCC.1LUSHUI.PH,2021-11-10 07:00:00\r\nFCC.1LUSHUI.PH,2021-11-08 07:00:00\r\nFCC.1LUSHUI.PH,2021-11-10 07:00:00\r\nFCC.1LUSHUI.PH,2021-11-12 07:00:00\r\nFCC.1LUSHUI.PH,2021-11-10 07:00:00\r\nFCC.1LUSHUI.PH,2021-11-12 07:00:00\r\nFCC.1LUSHUI.PH,2021-11-15 07:00:00\r\nFCC.1LUSHUI.PH,2021-11-12 07:00:00\r\nFCC.1LUSHUI.PH,2021-11-15 07:00:00\r\nFCC.1LUSHUI.PH,2021-11-15 07:00:00\r\nFCC.1LUSHUI.PH,2021-11-17 07:00:00\r\nFCC.1LUSHUI.PH,2021-11-17 07:00:00\r\nFCC.1LUSHUI.PH,2021-11-19 07:00:00\r\nFCC.1LUSHUI.PH,2021-11-19 07:00:00\r\nFCC.1LUSHUI.PH,2021-11-22 07:00:00\r\nFCC.1LUSHUI.PH,2021-11-19 07:00:00\r\nFCC.1LUSHUI.PH,2021-11-22 07:00:00\r\nFCC.1LUSHUI.PH,2021-11-24 07:00:00\r\nFCC.1LUSHUI.PH,2021-11-22 07:00:00\r\nFCC.1LUSHUI.PH,2021-11-24 07:00:00\r\nFCC.1LUSHUI.PH,2021-11-26 07:00:00\r\nFCC.1LUSHUI.PH,2021-11-24 07:00:00\r\nFCC.1LUSHUI.PH,2021-11-26 07:00:00\r\nFCC.1LUSHUI.PH,2021-11-29 07:00:00\r\nFCC.1LUSHUI.PH,2021-11-26 07:00:00\r\nFCC.1LUSHUI.PH,2021-11-29 07:00:00\r\nFCC.1LUSHUI.PH,2021-11-29 07:00:00\r\nFCC.1LUSHUI.PH,2021-12-01 07:00:00\r\nFCC.1LUSHUI.PH,2021-12-01 07:00:00\r\nFCC.1LUSHUI.PH,2021-12-03 07:00:00\r\nFCC.1LUSHUI.PH,2021-12-03 07:00:00\r\nFCC.1LUSHUI.PH,2021-12-06 07:00:00\r\nFCC.1LUSHUI.PH,2021-12-03 07:00:00\r\nFCC.1LUSHUI.PH,2021-12-06 07:00:00\r\nFCC.1LUSHUI.PH,2021-12-08 07:00:00\r\nFCC.1LUSHUI.PH,2021-12-06 07:00:00\r\nFCC.1LUSHUI.PH,2021-12-08 07:00:00\r\nFCC.1LUSHUI.PH,2021-12-10 07:00:00\r\nFCC.1LUSHUI.PH,2021-12-08 07:00:00\r\nFCC.1LUSHUI.PH,2021-12-10 07:00:00\r\nFCC.1LUSHUI.PH,2021-12-13 07:00:00\r\nFCC.1LUSHUI.PH,2021-12-10 07:00:00\r\nFCC.1LUSHUI.PH,2021-12-13 07:00:00\r\nFCC.1LUSHUI.PH,2021-12-13 07:00:00\r\nFCC.1LUSHUI.PH,2021-12-15 07:00:00\r\nFCC.1LUSHUI.PH,2021-12-15 07:00:00\r\nFCC.1LUSHUI.PH,2021-12-17 07:00:00\r\nFCC.1LUSHUI.PH,2021-12-17 07:00:00\r\nFCC.1LUSHUI.PH,2021-12-20 07:00:00\r\nFCC.1LUSHUI.PH,2021-12-17 07:00:00\r\nFCC.1LUSHUI.PH,2021-12-20 07:00:00\r\nFCC.1LUSHUI.PH,2021-12-22 07:00:00\r\nFCC.1LUSHUI.PH,2021-12-20 07:00:00\r\nFCC.1LUSHUI.PH,2021-12-22 07:00:00\r\nFCC.1LUSHUI.PH,2021-12-24 07:00:00\r\nFCC.1LUSHUI.PH,2021-12-22 07:00:00\r\nFCC.1LUSHUI.PH,2021-12-24 07:00:00\r\nFCC.1LUSHUI.PH,2021-12-27 07:00:00\r\nFCC.1LUSHUI.PH,2021-12-24 07:00:00\r\nFCC.1LUSHUI.PH,2021-12-27 07:00:00\r\nFCC.1LUSHUI.PH,2021-12-27 07:00:00\r\nFCC.1LUSHUI.PH,2021-12-29 07:00:00\r\nFCC.1LUSHUI.PH,2021-12-29 07:00:00\r\nFCC.1LUSHUI.PH,2021-12-31 07:00:00\r\nFCC.1LUSHUI.PH,2021-12-31 07:00:00\r\nFCC.1LUSHUI.PH,2022-01-03 07:00:00\r\nFCC.1LUSHUI.PH,2021-12-31 07:00:00\r\nFCC.1LUSHUI.PH,2022-01-03 07:00:00\r\nFCC.1LUSHUI.PH,2022-01-05 07:00:00\r\nFCC.1LUSHUI.PH,2022-01-03 07:00:00\r\nFCC.1LUSHUI.PH,2022-01-05 07:00:00\r\nFCC.1LUSHUI.PH,2022-01-07 07:00:00\r\nFCC.1LUSHUI.PH,2022-01-05 07:00:00\r\nFCC.1LUSHUI.PH,2022-01-07 07:00:00\r\nFCC.1LUSHUI.PH,2022-01-10 07:00:00\r\nFCC.1LUSHUI.PH,2022-01-07 07:00:00\r\nFCC.1LUSHUI.PH,2022-01-10 07:00:00\r\nFCC.1LUSHUI.PH,2022-01-10 07:00:00\r\nFCC.1LUSHUI.PH,2022-01-12 07:00:00\r\nFCC.1LUSHUI.PH,2022-01-12 07:00:00\r\nFCC.1LUSHUI.PH,2022-01-14 07:00:00\r\nFCC.1LUSHUI.PH,2022-01-14 07:00:00\r\nFCC.1LUSHUI.PH,2022-01-17 07:00:00\r\nFCC.1LUSHUI.PH,2022-01-14 07:00:00\r\nFCC.1LUSHUI.PH,2022-01-17 07:00:00\r\nFCC.1LUSHUI.PH,2022-01-19 07:00:00\r\nFCC.1LUSHUI.PH,2022-01-17 07:00:00\r\nFCC.1LUSHUI.PH,2022-01-19 07:00:00\r\nFCC.1LUSHUI.PH,2022-01-21 07:00:00\r\nFCC.1LUSHUI.PH,2022-01-19 07:00:00\r\nFCC.1LUSHUI.PH,2022-01-21 07:00:00\r\nFCC.1LUSHUI.PH,2022-01-24 07:00:00\r\nFCC.1LUSHUI.PH,2022-01-21 07:00:00\r\nFCC.1LUSHUI.PH,2022-01-24 07:00:00\r\nFCC.1LUSHUI.PH,2022-01-24 07:00:00\r\nFCC.1LUSHUI.PH,2022-01-26 07:00:00\r\nFCC.1LUSHUI.PH,2022-01-26 07:00:00\r\nFCC.1LUSHUI.PH,2022-01-28 07:00:00\r\nFCC.1LUSHUI.PH,2022-01-28 07:00:00\r\nFCC.1LUSHUI.PH,2022-01-31 07:00:00\r\nFCC.1LUSHUI.PH,2022-01-28 07:00:00\r\nFCC.1LUSHUI.PH,2022-01-31 07:00:00\r\nFCC.1LUSHUI.PH,2022-02-02 07:00:00\r\nFCC.1LUSHUI.PH,2022-01-31 07:00:00\r\nFCC.1LUSHUI.PH,2022-02-02 07:00:00\r\nFCC.1LUSHUI.PH,2022-02-04 07:00:00\r\nFCC.1LUSHUI.PH,2022-02-02 07:00:00\r\nFCC.1LUSHUI.PH,2022-02-04 07:00:00\r\nFCC.1LUSHUI.PH,2022-02-07 07:00:00\r\nFCC.1LUSHUI.PH,2022-02-04 07:00:00\r\nFCC.1LUSHUI.PH,2022-02-07 07:00:00\r\nFCC.1LUSHUI.PH,2022-02-07 07:00:00\r\nFCC.1LUSHUI.PH,2022-02-09 07:00:00\r\nFCC.1LUSHUI.PH,2022-02-09 07:00:00\r\nFCC.1LUSHUI.PH,2022-02-11 07:00:00\r\nFCC.1LUSHUI.PH,2022-02-11 07:00:00\r\nFCC.1LUSHUI.PH,2022-02-14 07:00:00\r\nFCC.1LUSHUI.PH,2022-02-11 07:00:00\r\nFCC.1LUSHUI.PH,2022-02-14 07:00:00\r\nFCC.1LUSHUI.PH,2022-02-16 07:00:00\r\nFCC.1LUSHUI.PH,2022-02-14 07:00:00\r\nFCC.1LUSHUI.PH,2022-02-16 07:00:00\r\nFCC.1LUSHUI.PH,2022-02-18 07:00:00\r\nFCC.1LUSHUI.PH,2022-02-16 07:00:00\r\nFCC.1LUSHUI.PH,2022-02-18 07:00:00\r\nFCC.1LUSHUI.PH,2022-02-21 07:00:00\r\nFCC.1LUSHUI.PH,2022-02-18 07:00:00\r\nFCC.1LUSHUI.PH,2022-02-21 07:00:00\r\nFCC.1LUSHUI.PH,2022-02-21 07:00:00\r\nFCC.1LUSHUI.PH,2022-02-23 07:00:00\r\nFCC.1LUSHUI.PH,2022-02-23 07:00:00\r\nFCC.1LUSHUI.PH,2022-02-25 07:00:00\r\nFCC.1LUSHUI.PH,2022-02-25 07:00:00\r\nFCC.1LUSHUI.PH,2022-02-28 07:00:00\r\nFCC.1LUSHUI.PH,2022-02-25 07:00:00\r\nFCC.1LUSHUI.PH,2022-02-28 07:00:00\r\nFCC.1LUSHUI.PH,2022-03-02 07:00:00\r\nFCC.1LUSHUI.PH,2022-02-28 07:00:00\r\nFCC.1LUSHUI.PH,2022-03-02 07:00:00\r\nFCC.1LUSHUI.PH,2022-03-04 07:00:00\r\nFCC.1LUSHUI.PH,2022-03-02 07:00:00\r\nFCC.1LUSHUI.PH,2022-03-04 07:00:00\r\nFCC.1LUSHUI.PH,2022-03-07 07:00:00\r\nFCC.1LUSHUI.PH,2022-03-04 07:00:00\r\nFCC.1LUSHUI.PH,2022-03-07 07:00:00\r\nFCC.1LUSHUI.PH,2022-03-07 07:00:00\r\nFCC.1LUSHUI.PH,2022-03-09 07:00:00\r\nFCC.1LUSHUI.PH,2022-03-09 07:00:00\r\nFCC.1LUSHUI.PH,2022-03-11 07:00:00\r\nFCC.1LUSHUI.PH,2022-03-11 07:00:00\r\nFCC.1LUSHUI.PH,2022-03-14 07:00:00\r\nFCC.1LUSHUI.PH,2022-03-11 07:00:00\r\nFCC.1LUSHUI.PH,2022-03-14 07:00:00\r\nFCC.1LUSHUI.PH,2022-03-16 07:00:00\r\nFCC.1LUSHUI.PH,2022-03-14 07:00:00\r\nFCC.1LUSHUI.PH,2022-03-16 07:00:00\r\nFCC.1LUSHUI.PH,2022-03-18 07:00:00\r\nFCC.1LUSHUI.PH,2022-03-16 07:00:00\r\nFCC.1LUSHUI.PH,2022-03-18 07:00:00\r\nFCC.1LUSHUI.PH,2022-03-21 07:00:00\r\nFCC.1LUSHUI.PH,2022-03-18 07:00:00\r\nFCC.1LUSHUI.PH,2022-03-21 07:00:00\r\nFCC.1LUSHUI.PH,2022-03-21 07:00:00\r\nFCC.1LUSHUI.PH,2022-03-23 07:00:00\r\nFCC.1LUSHUI.PH,2022-03-23 07:00:00\r\nFCC.1LUSHUI.PH,2022-03-25 07:00:00\r\nFCC.1LUSHUI.PH,2022-03-25 07:00:00\r\nFCC.1LUSHUI.PH,2022-03-28 07:00:00\r\nFCC.1LUSHUI.PH,2022-03-25 07:00:00\r\nFCC.1LUSHUI.PH,2022-03-28 07:00:00\r\nFCC.1LUSHUI.PH,2022-03-30 07:00:00\r\nFCC.1LUSHUI.PH,2022-03-28 07:00:00\r\nFCC.1LUSHUI.PH,2022-03-30 07:00:00\r\nFCC.1LUSHUI.PH,2022-04-01 07:00:00\r\nFCC.1LUSHUI.PH,2022-03-30 07:00:00\r\nFCC.1LUSHUI.PH,2022-04-01 07:00:00\r\nFCC.1LUSHUI.PH,2022-04-04 07:00:00\r\nFCC.1LUSHUI.PH,2022-04-01 07:00:00\r\nFCC.1LUSHUI.PH,2022-04-04 07:00:00\r\nFCC.1LUSHUI.PH,2022-04-04 07:00:00\r\nFCC.1LUSHUI.PH,2022-04-06 07:00:00\r\nFCC.1LUSHUI.PH,2022-04-06 07:00:00\r\nFCC.1LUSHUI.PH,2022-04-08 07:00:00\r\nFCC.1LUSHUI.PH,2022-04-08 07:00:00\r\nFCC.1LUSHUI.PH,2022-04-11 07:00:00\r\nFCC.1LUSHUI.PH,2022-04-08 07:00:00\r\nFCC.1LUSHUI.PH,2022-04-11 07:00:00\r\nFCC.1LUSHUI.PH,2022-04-13 07:00:00\r\nFCC.1LUSHUI.PH,2022-04-11 07:00:00\r\nFCC.1LUSHUI.PH,2022-04-13 07:00:00\r\nFCC.1LUSHUI.PH,2022-04-15 07:00:00\r\nFCC.1LUSHUI.PH,2022-04-13 07:00:00\r\nFCC.1LUSHUI.PH,2022-04-15 07:00:00\r\nFCC.1LUSHUI.PH,2022-04-18 07:00:00\r\nFCC.1LUSHUI.PH,2022-04-15 07:00:00\r\nFCC.1LUSHUI.PH,2022-04-18 07:00:00\r\nFCC.1LUSHUI.PH,2022-04-18 07:00:00\r\nFCC.1LUSHUI.PH,2022-04-20 07:00:00\r\nFCC.1LUSHUI.PH,2022-04-20 07:00:00\r\nFCC.1LUSHUI.PH,2022-04-22 07:00:00\r\nFCC.1LUSHUI.PH,2022-04-22 07:00:00\r\nFCC.1LUSHUI.PH,2022-04-25 07:00:00\r\nFCC.1LUSHUI.PH,2022-04-22 07:00:00\r\nFCC.1LUSHUI.PH,2022-04-25 07:00:00\r\nFCC.1LUSHUI.PH,2022-04-27 07:00:00\r\nFCC.1LUSHUI.PH,2022-04-25 07:00:00\r\nFCC.1LUSHUI.PH,2022-04-27 07:00:00\r\nFCC.1LUSHUI.PH,2022-04-29 07:00:00\r\nFCC.1LUSHUI.PH,2022-04-27 07:00:00\r\nFCC.1LUSHUI.PH,2022-04-29 07:00:00\r\nFCC.1LUSHUI.PH,2022-05-02 07:00:00\r\nFCC.1LUSHUI.PH,2022-04-29 07:00:00\r\nFCC.1LUSHUI.PH,2022-05-02 07:00:00\r\nFCC.1LUSHUI.PH,2022-05-02 07:00:00\r\nFCC.1LUSHUI.PH,2022-05-04 07:00:00\r\nFCC.1LUSHUI.PH,2022-05-04 07:00:00\r\nFCC.1LUSHUI.PH,2022-05-06 07:00:00\r\nFCC.1LUSHUI.PH,2022-05-06 07:00:00\r\nFCC.1LUSHUI.PH,2022-05-09 07:00:00\r\nFCC.1LUSHUI.PH,2022-05-06 07:00:00\r\nFCC.1LUSHUI.PH,2022-05-09 07:00:00\r\nFCC.1LUSHUI.PH,2022-05-11 07:00:00\r\nFCC.1LUSHUI.PH,2022-05-09 07:00:00\r\nFCC.1LUSHUI.PH,2022-05-11 07:00:00\r\nFCC.1LUSHUI.PH,2022-05-13 07:00:00\r\nFCC.1LUSHUI.PH,2022-05-11 07:00:00\r\nFCC.1LUSHUI.PH,2022-05-13 07:00:00\r\nFCC.1LUSHUI.PH,2022-05-16 07:00:00\r\nFCC.1LUSHUI.PH,2022-05-13 07:00:00\r\nFCC.1LUSHUI.PH,2022-05-16 07:00:00\r\nFCC.1LUSHUI.PH,2022-05-16 07:00:00\r\nFCC.1LUSHUI.PH,2022-05-18 07:00:00\r\nFCC.1LUSHUI.PH,2022-05-18 07:00:00\r\nFCC.1LUSHUI.PH,2022-05-20 07:00:00\r', '2023-09-13 21:09:23', '2023-09-13 21:09:23', '1', '1', '0');
INSERT INTO `sample_set` VALUES ('26', 'new Name[I@328ab3be', 'new description[I@328ab3be', 'tag,collect_time\r\nFCC.1LUSHUI.PH,2020-04-30 17:00:00\r\nFCC.1LUSHUI.PH,2020-05-01 07:00:00\r\nFCC.1LUSHUI.PH,2020-05-01 17:00:00\r\nFCC.1LUSHUI.PH,2020-05-02 07:00:00\r\nFCC.1LUSHUI.PH,2020-05-02 17:00:00\r\nFCC.1LUSHUI.PH,2020-05-03 07:00:00\r\nFCC.1LUSHUI.PH,2020-05-03 17:00:00\r\nFCC.1LUSHUI.PH,2020-05-04 07:00:00\r\nFCC.1LUSHUI.PH,2020-05-04 17:00:00\r\nFCC.1LUSHUI.PH,2020-05-05 07:00:00\r\nFCC.1LUSHUI.PH,2020-05-05 17:00:00\r\nFCC.1LUSHUI.PH,2020-05-06 07:00:00\r\nFCC.1LUSHUI.PH,2020-05-06 17:00:00\r\nFCC.1LUSHUI.PH,2020-05-07 07:00:00\r\nFCC.1LUSHUI.PH,2020-05-07 17:00:00\r\nFCC.1LUSHUI.PH,2020-05-08 07:00:00\r\nFCC.1LUSHUI.PH,2020-05-08 17:00:00\r\nFCC.1LUSHUI.PH,2020-05-09 07:00:00\r\nFCC.1LUSHUI.PH,2020-05-09 17:00:00\r\nFCC.1LUSHUI.PH,2020-05-10 07:00:00\r\nFCC.1LUSHUI.PH,2020-05-10 17:00:00\r\nFCC.1LUSHUI.PH,2020-05-11 07:00:00\r\nFCC.1LUSHUI.PH,2020-05-11 17:00:00\r\nFCC.1LUSHUI.PH,2020-05-12 07:00:00\r\nFCC.1LUSHUI.PH,2020-05-12 17:00:00\r\nFCC.1LUSHUI.PH,2020-05-13 07:00:00\r\nFCC.1LUSHUI.PH,2020-05-13 17:00:00\r\nFCC.1LUSHUI.PH,2020-05-14 07:00:00\r\nFCC.1LUSHUI.PH,2020-05-14 17:00:00\r\nFCC.1LUSHUI.PH,2020-05-15 07:00:00\r\nFCC.1LUSHUI.PH,2020-05-15 17:00:00\r\nFCC.1LUSHUI.PH,2020-05-16 07:00:00\r\nFCC.1LUSHUI.PH,2020-05-16 17:00:00\r\nFCC.1LUSHUI.PH,2020-05-17 07:00:00\r\nFCC.1LUSHUI.PH,2020-05-17 17:00:00\r\nFCC.1LUSHUI.PH,2020-05-18 07:00:00\r\nFCC.1LUSHUI.PH,2020-05-18 17:00:00\r\nFCC.1LUSHUI.PH,2020-05-19 07:00:00\r\nFCC.1LUSHUI.PH,2020-05-19 17:00:00\r\nFCC.1LUSHUI.PH,2020-05-20 07:00:00\r\nFCC.1LUSHUI.PH,2020-05-20 17:00:00\r\nFCC.1LUSHUI.PH,2020-05-21 07:00:00\r\nFCC.1LUSHUI.PH,2020-05-21 17:00:00\r\nFCC.1LUSHUI.PH,2020-05-22 07:00:00\r\nFCC.1LUSHUI.PH,2020-05-22 07:00:00\r\nFCC.1LUSHUI.PH,2020-05-23 17:00:00\r\nFCC.1LUSHUI.PH,2020-05-24 07:00:00\r\nFCC.1LUSHUI.PH,2020-05-24 17:00:00\r\nFCC.1LUSHUI.PH,2020-05-25 07:00:00\r\nFCC.1LUSHUI.PH,2020-05-25 17:00:00\r\nFCC.1LUSHUI.PH,2020-05-26 07:00:00\r\nFCC.1LUSHUI.PH,2020-05-26 17:00:00\r\nFCC.1LUSHUI.PH,2020-05-27 07:00:00\r\nFCC.1LUSHUI.PH,2020-05-27 17:00:00\r\nFCC.1LUSHUI.PH,2020-05-28 07:00:00\r\nFCC.1LUSHUI.PH,2020-05-28 17:00:00\r\nFCC.1LUSHUI.PH,2020-05-29 07:00:00\r\nFCC.1LUSHUI.PH,2020-05-29 17:00:00\r\nFCC.1LUSHUI.PH,2020-05-30 07:00:00\r\nFCC.1LUSHUI.PH,2020-05-30 17:00:00\r\nFCC.1LUSHUI.PH,2020-05-31 07:00:00\r\nFCC.1LUSHUI.PH,2020-05-31 17:00:00\r\nFCC.1LUSHUI.PH,2020-06-01 07:00:00\r\nFCC.1LUSHUI.PH,2020-06-01 17:00:00\r\nFCC.1LUSHUI.PH,2020-06-02 07:00:00\r\nFCC.1LUSHUI.PH,2020-06-02 17:00:00\r\nFCC.1LUSHUI.PH,2020-06-03 07:00:00\r\nFCC.1LUSHUI.PH,2020-06-03 17:00:00\r\nFCC.1LUSHUI.PH,2020-06-04 07:00:00\r\nFCC.1LUSHUI.PH,2020-06-04 17:00:00\r\nFCC.1LUSHUI.PH,2020-06-05 07:00:00\r\nFCC.1LUSHUI.PH,2020-06-05 17:00:00\r\nFCC.1LUSHUI.PH,2020-06-06 07:00:00\r\nFCC.1LUSHUI.PH,2020-06-06 17:00:00\r\nFCC.1LUSHUI.PH,2020-06-07 07:00:00\r\nFCC.1LUSHUI.PH,2020-06-07 17:00:00\r\nFCC.1LUSHUI.PH,2020-06-08 07:00:00\r\nFCC.1LUSHUI.PH,2020-06-08 17:00:00\r\nFCC.1LUSHUI.PH,2020-06-09 07:00:00\r\nFCC.1LUSHUI.PH,2020-06-09 17:00:00\r\nFCC.1LUSHUI.PH,2020-06-10 07:00:00\r\nFCC.1LUSHUI.PH,2020-06-10 17:00:00\r\nFCC.1LUSHUI.PH,2020-06-11 07:00:00\r\nFCC.1LUSHUI.PH,2020-06-11 17:00:00\r\nFCC.1LUSHUI.PH,2020-06-12 07:00:00\r\nFCC.1LUSHUI.PH,2020-06-12 17:00:00\r\nFCC.1LUSHUI.PH,2020-06-13 07:00:00\r\nFCC.1LUSHUI.PH,2020-06-13 17:00:00\r\nFCC.1LUSHUI.PH,2020-06-14 07:00:00\r\nFCC.1LUSHUI.PH,2020-06-14 17:00:00\r\nFCC.1LUSHUI.PH,2020-06-15 07:00:00\r\nFCC.1LUSHUI.PH,2020-06-15 17:00:00\r\nFCC.1LUSHUI.PH,2020-06-16 07:00:00\r\nFCC.1LUSHUI.PH,2020-06-16 17:00:00\r\nFCC.1LUSHUI.PH,2020-06-17 07:00:00\r\nFCC.1LUSHUI.PH,2020-06-17 17:00:00\r\nFCC.1LUSHUI.PH,2020-06-18 07:00:00\r\nFCC.1LUSHUI.PH,2020-06-18 17:00:00\r\nFCC.1LUSHUI.PH,2020-06-19 07:00:00\r\nFCC.1LUSHUI.PH,2020-06-19 17:00:00\r\nFCC.1LUSHUI.PH,2020-06-20 07:00:00\r\nFCC.1LUSHUI.PH,2020-06-20 17:00:00\r\nFCC.1LUSHUI.PH,2020-06-21 07:00:00\r\nFCC.1LUSHUI.PH,2020-06-21 17:00:00\r\nFCC.1LUSHUI.PH,2020-06-22 07:00:00\r\nFCC.1LUSHUI.PH,2020-06-22 17:00:00\r\nFCC.1LUSHUI.PH,2020-06-23 07:00:00\r\nFCC.1LUSHUI.PH,2020-06-23 17:00:00\r\nFCC.1LUSHUI.PH,2020-06-24 07:00:00\r\nFCC.1LUSHUI.PH,2020-06-24 17:00:00\r\nFCC.1LUSHUI.PH,2020-06-25 07:00:00\r\nFCC.1LUSHUI.PH,2020-06-25 17:00:00\r\nFCC.1LUSHUI.PH,2020-06-26 07:00:00\r\nFCC.1LUSHUI.PH,2020-06-26 17:00:00\r\nFCC.1LUSHUI.PH,2020-06-27 07:00:00\r\nFCC.1LUSHUI.PH,2020-06-27 17:00:00\r\nFCC.1LUSHUI.PH,2020-06-28 07:00:00\r\nFCC.1LUSHUI.PH,2020-06-28 17:00:00\r\nFCC.1LUSHUI.PH,2020-06-29 07:00:00\r\nFCC.1LUSHUI.PH,2020-06-29 21:00:00\r\nFCC.1LUSHUI.PH,2020-06-30 07:00:00\r\nFCC.1LUSHUI.PH,2020-06-30 17:00:00\r\nFCC.1LUSHUI.PH,2020-07-01 07:00:00\r\nFCC.1LUSHUI.PH,2020-07-01 17:00:00\r\nFCC.1LUSHUI.PH,2020-07-02 07:00:00\r\nFCC.1LUSHUI.PH,2020-07-02 17:00:00\r\nFCC.1LUSHUI.PH,2020-07-03 07:00:00\r\nFCC.1LUSHUI.PH,2020-07-03 17:00:00\r\nFCC.1LUSHUI.PH,2020-07-04 07:00:00\r\nFCC.1LUSHUI.PH,2020-07-04 17:00:00\r\nFCC.1LUSHUI.PH,2020-07-05 07:00:00\r\nFCC.1LUSHUI.PH,2020-07-05 17:00:00\r\nFCC.1LUSHUI.PH,2020-07-06 07:00:00\r\nFCC.1LUSHUI.PH,2020-07-06 17:00:00\r\nFCC.1LUSHUI.PH,2020-07-07 07:00:00\r\nFCC.1LUSHUI.PH,2020-07-07 17:00:00\r\nFCC.1LUSHUI.PH,2020-07-08 07:00:00\r\nFCC.1LUSHUI.PH,2020-07-08 17:00:00\r\nFCC.1LUSHUI.PH,2020-07-09 07:00:00\r\nFCC.1LUSHUI.PH,2020-07-09 17:00:00\r\nFCC.1LUSHUI.PH,2020-07-10 07:00:00\r\nFCC.1LUSHUI.PH,2020-07-10 17:00:00\r\nFCC.1LUSHUI.PH,2020-07-11 07:00:00\r\nFCC.1LUSHUI.PH,2020-07-11 17:00:00\r\nFCC.1LUSHUI.PH,2020-07-12 07:00:00\r\nFCC.1LUSHUI.PH,2020-07-12 17:00:00\r\nFCC.1LUSHUI.PH,2020-07-13 07:00:00\r\nFCC.1LUSHUI.PH,2020-07-13 17:00:00\r\nFCC.1LUSHUI.PH,2020-07-14 07:00:00\r\nFCC.1LUSHUI.PH,2020-07-14 17:00:00\r\nFCC.1LUSHUI.PH,2020-07-15 07:00:00\r\nFCC.1LUSHUI.PH,2020-07-15 17:00:00\r\nFCC.1LUSHUI.PH,2020-07-16 07:00:00\r\nFCC.1LUSHUI.PH,2020-07-16 17:00:00\r\nFCC.1LUSHUI.PH,2020-07-17 07:00:00\r\nFCC.1LUSHUI.PH,2020-07-17 17:00:00\r\nFCC.1LUSHUI.PH,2020-07-18 07:00:00\r\nFCC.1LUSHUI.PH,2020-07-18 17:00:00\r\nFCC.1LUSHUI.PH,2020-07-19 07:00:00\r\nFCC.1LUSHUI.PH,2020-07-19 17:00:00\r\nFCC.1LUSHUI.PH,2020-07-20 07:00:00\r\nFCC.1LUSHUI.PH,2020-07-20 17:00:00\r\nFCC.1LUSHUI.PH,2020-07-21 07:00:00\r\nFCC.1LUSHUI.PH,2020-07-21 17:00:00\r\nFCC.1LUSHUI.PH,2020-07-22 07:00:00\r\nFCC.1LUSHUI.PH,2020-07-22 17:00:00\r\nFCC.1LUSHUI.PH,2020-07-23 07:00:00\r\nFCC.1LUSHUI.PH,2020-07-23 17:00:00\r\nFCC.1LUSHUI.PH,2020-07-24 07:00:00\r\nFCC.1LUSHUI.PH,2020-07-24 17:00:00\r\nFCC.1LUSHUI.PH,2020-07-25 07:00:00\r\nFCC.1LUSHUI.PH,2020-07-25 17:00:00\r\nFCC.1LUSHUI.PH,2020-07-26 07:00:00\r\nFCC.1LUSHUI.PH,2020-07-26 17:00:00\r\nFCC.1LUSHUI.PH,2020-07-27 07:00:00\r\nFCC.1LUSHUI.PH,2020-07-27 17:00:00\r\nFCC.1LUSHUI.PH,2020-07-28 07:00:00\r\nFCC.1LUSHUI.PH,2020-07-28 17:00:00\r\nFCC.1LUSHUI.PH,2020-07-29 07:00:00\r\nFCC.1LUSHUI.PH,2020-07-29 17:00:00\r\nFCC.1LUSHUI.PH,2020-07-30 07:00:00\r\nFCC.1LUSHUI.PH,2020-07-30 17:00:00\r\nFCC.1LUSHUI.PH,2020-07-31 07:00:00\r\nFCC.1LUSHUI.PH,2020-07-31 17:00:00\r\nFCC.1LUSHUI.PH,2020-08-01 07:00:00\r\nFCC.1LUSHUI.PH,2020-08-01 17:00:00\r\nFCC.1LUSHUI.PH,2020-08-02 07:00:00\r\nFCC.1LUSHUI.PH,2020-08-02 17:00:00\r\nFCC.1LUSHUI.PH,2020-08-03 07:00:00\r\nFCC.1LUSHUI.PH,2020-08-03 17:00:00\r\nFCC.1LUSHUI.PH,2020-08-04 07:00:00\r\nFCC.1LUSHUI.PH,2020-08-04 17:00:00\r\nFCC.1LUSHUI.PH,2020-08-05 07:00:00\r\nFCC.1LUSHUI.PH,2020-08-05 17:00:00\r\nFCC.1LUSHUI.PH,2020-08-06 07:00:00\r\nFCC.1LUSHUI.PH,2020-08-06 17:00:00\r\nFCC.1LUSHUI.PH,2020-08-07 07:00:00\r\nFCC.1LUSHUI.PH,2020-08-07 17:00:00\r\nFCC.1LUSHUI.PH,2020-08-08 07:00:00\r\nFCC.1LUSHUI.PH,2020-08-08 17:00:00\r\nFCC.1LUSHUI.PH,2020-08-09 07:00:00\r\nFCC.1LUSHUI.PH,2020-08-09 17:00:00\r\nFCC.1LUSHUI.PH,2020-08-10 07:00:00\r\nFCC.1LUSHUI.PH,2020-08-10 17:00:00\r\nFCC.1LUSHUI.PH,2020-08-11 07:00:00\r\nFCC.1LUSHUI.PH,2020-08-11 17:00:00\r\nFCC.1LUSHUI.PH,2020-08-12 07:00:00\r\nFCC.1LUSHUI.PH,2020-08-12 17:00:00\r\nFCC.1LUSHUI.PH,2020-08-13 07:00:00\r\nFCC.1LUSHUI.PH,2020-08-13 17:00:00\r\nFCC.1LUSHUI.PH,2020-08-14 07:00:00\r\nFCC.1LUSHUI.PH,2020-08-14 17:00:00\r\nFCC.1LUSHUI.PH,2020-08-15 07:00:00\r\nFCC.1LUSHUI.PH,2020-08-15 17:00:00\r\nFCC.1LUSHUI.PH,2020-08-16 07:00:00\r\nFCC.1LUSHUI.PH,2020-08-16 17:00:00\r\nFCC.1LUSHUI.PH,2020-08-17 07:00:00\r\nFCC.1LUSHUI.PH,2020-08-17 17:00:00\r\nFCC.1LUSHUI.PH,2020-08-18 07:00:00\r\nFCC.1LUSHUI.PH,2020-08-18 17:00:00\r\nFCC.1LUSHUI.PH,2020-08-19 07:00:00\r\nFCC.1LUSHUI.PH,2020-08-19 17:00:00\r\nFCC.1LUSHUI.PH,2020-08-20 07:00:00\r\nFCC.1LUSHUI.PH,2020-08-20 17:00:00\r\nFCC.1LUSHUI.PH,2020-08-21 07:00:00\r\nFCC.1LUSHUI.PH,2020-08-21 17:00:00\r\nFCC.1LUSHUI.PH,2020-08-22 07:00:00\r\nFCC.1LUSHUI.PH,2020-08-22 17:00:00\r\nFCC.1LUSHUI.PH,2020-08-23 07:00:00\r\nFCC.1LUSHUI.PH,2020-08-23 17:00:00\r\nFCC.1LUSHUI.PH,2020-08-24 07:00:00\r\nFCC.1LUSHUI.PH,2020-08-24 17:00:00\r\nFCC.1LUSHUI.PH,2020-08-25 07:00:00\r\nFCC.1LUSHUI.PH,2020-08-25 17:00:00\r\nFCC.1LUSHUI.PH,2020-08-26 07:00:00\r\nFCC.1LUSHUI.PH,2020-08-26 17:00:00\r\nFCC.1LUSHUI.PH,2020-08-27 07:00:00\r\nFCC.1LUSHUI.PH,2020-08-27 17:00:00\r\nFCC.1LUSHUI.PH,2020-08-28 07:00:00\r\nFCC.1LUSHUI.PH,2020-08-28 17:00:00\r\nFCC.1LUSHUI.PH,2020-08-29 07:00:00\r\nFCC.1LUSHUI.PH,2020-08-29 17:00:00\r\nFCC.1LUSHUI.PH,2020-08-30 07:00:00\r\nFCC.1LUSHUI.PH,2020-08-30 17:00:00\r\nFCC.1LUSHUI.PH,2020-08-31 07:00:00\r\nFCC.1LUSHUI.PH,2020-08-31 17:00:00\r\nFCC.1LUSHUI.PH,2020-09-01 07:00:00\r\nFCC.1LUSHUI.PH,2020-09-01 17:00:00\r\nFCC.1LUSHUI.PH,2020-09-02 07:00:00\r\nFCC.1LUSHUI.PH,2020-09-02 17:00:00\r\nFCC.1LUSHUI.PH,2020-09-03 07:00:00\r\nFCC.1LUSHUI.PH,2020-09-03 17:00:00\r\nFCC.1LUSHUI.PH,2020-09-04 07:00:00\r\nFCC.1LUSHUI.PH,2020-09-04 17:00:00\r\nFCC.1LUSHUI.PH,2020-09-05 07:00:00\r\nFCC.1LUSHUI.PH,2020-09-05 17:00:00\r\nFCC.1LUSHUI.PH,2020-09-06 07:00:00\r\nFCC.1LUSHUI.PH,2020-09-06 17:00:00\r\nFCC.1LUSHUI.PH,2020-09-07 07:00:00\r\nFCC.1LUSHUI.PH,2020-09-07 17:00:00\r\nFCC.1LUSHUI.PH,2020-09-08 07:00:00\r\nFCC.1LUSHUI.PH,2020-09-08 17:00:00\r\nFCC.1LUSHUI.PH,2020-09-09 07:00:00\r\nFCC.1LUSHUI.PH,2020-09-09 17:00:00\r\nFCC.1LUSHUI.PH,2020-09-10 07:00:00\r\nFCC.1LUSHUI.PH,2020-09-10 17:00:00\r\nFCC.1LUSHUI.PH,2020-09-11 07:00:00\r\nFCC.1LUSHUI.PH,2020-09-11 17:00:00\r\nFCC.1LUSHUI.PH,2020-09-12 07:00:00\r\nFCC.1LUSHUI.PH,2020-09-12 17:00:00\r\nFCC.1LUSHUI.PH,2020-09-13 07:00:00\r\nFCC.1LUSHUI.PH,2020-09-13 17:00:00\r\nFCC.1LUSHUI.PH,2020-09-14 07:00:00\r\nFCC.1LUSHUI.PH,2020-09-14 17:00:00\r\nFCC.1LUSHUI.PH,2020-09-15 07:00:00\r\nFCC.1LUSHUI.PH,2020-09-15 17:00:00\r\nFCC.1LUSHUI.PH,2020-09-16 07:00:00\r\nFCC.1LUSHUI.PH,2020-09-16 17:00:00\r\nFCC.1LUSHUI.PH,2020-09-17 07:00:00\r\nFCC.1LUSHUI.PH,2020-09-17 17:00:00\r\nFCC.1LUSHUI.PH,2020-09-18 07:00:00\r\nFCC.1LUSHUI.PH,2020-09-18 17:00:00\r\nFCC.1LUSHUI.PH,2020-09-19 07:00:00\r\nFCC.1LUSHUI.PH,2020-09-19 17:00:00\r\nFCC.1LUSHUI.PH,2020-09-20 07:00:00\r\nFCC.1LUSHUI.PH,2020-09-20 17:00:00\r\nFCC.1LUSHUI.PH,2020-09-21 07:00:00\r\nFCC.1LUSHUI.PH,2020-09-21 17:00:00\r\nFCC.1LUSHUI.PH,2020-09-22 07:00:00\r\nFCC.1LUSHUI.PH,2020-09-22 17:00:00\r\nFCC.1LUSHUI.PH,2020-09-23 07:00:00\r\nFCC.1LUSHUI.PH,2020-09-23 17:00:00\r\nFCC.1LUSHUI.PH,2020-09-24 07:00:00\r\nFCC.1LUSHUI.PH,2020-09-24 17:00:00\r\nFCC.1LUSHUI.PH,2020-09-25 07:00:00\r\nFCC.1LUSHUI.PH,2020-09-25 17:00:00\r\nFCC.1LUSHUI.PH,2020-09-26 07:00:00\r\nFCC.1LUSHUI.PH,2020-09-26 17:00:00\r\nFCC.1LUSHUI.PH,2020-09-27 07:00:00\r\nFCC.1LUSHUI.PH,2020-09-27 17:00:00\r\nFCC.1LUSHUI.PH,2020-09-28 07:00:00\r\nFCC.1LUSHUI.PH,2020-09-28 17:00:00\r\nFCC.1LUSHUI.PH,2020-09-29 07:00:00\r\nFCC.1LUSHUI.PH,2020-09-29 17:00:00\r\nFCC.1LUSHUI.PH,2020-09-30 07:00:00\r\nFCC.1LUSHUI.PH,2020-09-30 17:00:00\r\nFCC.1LUSHUI.PH,2020-10-01 07:00:00\r\nFCC.1LUSHUI.PH,2020-10-01 17:00:00\r\nFCC.1LUSHUI.PH,2020-10-02 07:00:00\r\nFCC.1LUSHUI.PH,2020-10-05 07:00:00\r\nFCC.1LUSHUI.PH,2020-10-02 07:00:00\r\nFCC.1LUSHUI.PH,2020-10-05 07:00:00\r\nFCC.1LUSHUI.PH,2020-10-05 07:00:00\r\nFCC.1LUSHUI.PH,2020-10-07 07:00:00\r\nFCC.1LUSHUI.PH,2020-10-07 07:00:00\r\nFCC.1LUSHUI.PH,2020-10-09 07:00:00\r\nFCC.1LUSHUI.PH,2020-10-09 07:00:00\r\nFCC.1LUSHUI.PH,2020-10-12 07:00:00\r\nFCC.1LUSHUI.PH,2020-10-09 07:00:00\r\nFCC.1LUSHUI.PH,2020-10-12 07:00:00\r\nFCC.1LUSHUI.PH,2020-10-14 07:00:00\r\nFCC.1LUSHUI.PH,2020-10-12 07:00:00\r\nFCC.1LUSHUI.PH,2020-10-14 07:00:00\r\nFCC.1LUSHUI.PH,2020-10-16 07:00:00\r\nFCC.1LUSHUI.PH,2020-10-14 07:00:00\r\nFCC.1LUSHUI.PH,2020-10-16 07:00:00\r\nFCC.1LUSHUI.PH,2020-10-19 07:00:00\r\nFCC.1LUSHUI.PH,2020-10-16 07:00:00\r\nFCC.1LUSHUI.PH,2020-10-19 07:00:00\r\nFCC.1LUSHUI.PH,2020-10-19 07:00:00\r\nFCC.1LUSHUI.PH,2020-10-21 07:00:00\r\nFCC.1LUSHUI.PH,2020-10-21 07:00:00\r\nFCC.1LUSHUI.PH,2020-10-23 07:00:00\r\nFCC.1LUSHUI.PH,2020-10-23 07:00:00\r\nFCC.1LUSHUI.PH,2020-10-26 07:00:00\r\nFCC.1LUSHUI.PH,2020-10-23 07:00:00\r\nFCC.1LUSHUI.PH,2020-10-26 07:00:00\r\nFCC.1LUSHUI.PH,2020-10-28 07:00:00\r\nFCC.1LUSHUI.PH,2020-10-26 07:00:00\r\nFCC.1LUSHUI.PH,2020-10-28 07:00:00\r\nFCC.1LUSHUI.PH,2020-10-30 07:00:00\r\nFCC.1LUSHUI.PH,2020-10-28 07:00:00\r\nFCC.1LUSHUI.PH,2020-10-30 07:00:00\r\nFCC.1LUSHUI.PH,2020-11-02 07:00:00\r\nFCC.1LUSHUI.PH,2020-10-30 07:00:00\r\nFCC.1LUSHUI.PH,2020-11-02 07:00:00\r\nFCC.1LUSHUI.PH,2020-11-02 07:00:00\r\nFCC.1LUSHUI.PH,2020-11-04 07:00:00\r\nFCC.1LUSHUI.PH,2020-11-04 07:00:00\r\nFCC.1LUSHUI.PH,2020-11-06 07:00:00\r\nFCC.1LUSHUI.PH,2020-11-06 07:00:00\r\nFCC.1LUSHUI.PH,2020-11-09 07:00:00\r\nFCC.1LUSHUI.PH,2020-11-06 07:00:00\r\nFCC.1LUSHUI.PH,2020-11-09 07:00:00\r\nFCC.1LUSHUI.PH,2020-11-11 07:00:00\r\nFCC.1LUSHUI.PH,2020-11-09 07:00:00\r\nFCC.1LUSHUI.PH,2020-11-11 07:00:00\r\nFCC.1LUSHUI.PH,2020-11-13 07:00:00\r\nFCC.1LUSHUI.PH,2020-11-11 07:00:00\r\nFCC.1LUSHUI.PH,2020-11-13 07:00:00\r\nFCC.1LUSHUI.PH,2020-11-16 07:00:00\r\nFCC.1LUSHUI.PH,2020-11-13 07:00:00\r\nFCC.1LUSHUI.PH,2020-11-16 07:00:00\r\nFCC.1LUSHUI.PH,2020-11-16 07:00:00\r\nFCC.1LUSHUI.PH,2020-11-18 07:00:00\r\nFCC.1LUSHUI.PH,2020-11-18 07:00:00\r\nFCC.1LUSHUI.PH,2020-11-20 07:00:00\r\nFCC.1LUSHUI.PH,2020-11-20 07:00:00\r\nFCC.1LUSHUI.PH,2020-11-23 07:00:00\r\nFCC.1LUSHUI.PH,2020-11-20 07:00:00\r\nFCC.1LUSHUI.PH,2020-11-23 07:00:00\r\nFCC.1LUSHUI.PH,2020-11-25 07:00:00\r\nFCC.1LUSHUI.PH,2020-11-23 07:00:00\r\nFCC.1LUSHUI.PH,2020-11-25 07:00:00\r\nFCC.1LUSHUI.PH,2020-11-27 07:00:00\r\nFCC.1LUSHUI.PH,2020-11-25 07:00:00\r\nFCC.1LUSHUI.PH,2020-11-27 07:00:00\r\nFCC.1LUSHUI.PH,2020-11-30 07:00:00\r\nFCC.1LUSHUI.PH,2020-11-27 07:00:00\r\nFCC.1LUSHUI.PH,2020-11-30 07:00:00\r\nFCC.1LUSHUI.PH,2020-11-30 07:00:00\r\nFCC.1LUSHUI.PH,2020-12-02 07:00:00\r\nFCC.1LUSHUI.PH,2020-12-02 07:00:00\r\nFCC.1LUSHUI.PH,2020-12-04 07:00:00\r\nFCC.1LUSHUI.PH,2020-12-04 07:00:00\r\nFCC.1LUSHUI.PH,2020-12-07 07:00:00\r\nFCC.1LUSHUI.PH,2020-12-04 07:00:00\r\nFCC.1LUSHUI.PH,2020-12-07 07:00:00\r\nFCC.1LUSHUI.PH,2020-12-09 07:00:00\r\nFCC.1LUSHUI.PH,2020-12-07 07:00:00\r\nFCC.1LUSHUI.PH,2020-12-09 07:00:00\r\nFCC.1LUSHUI.PH,2020-12-11 07:00:00\r\nFCC.1LUSHUI.PH,2020-12-09 07:00:00\r\nFCC.1LUSHUI.PH,2020-12-11 07:00:00\r\nFCC.1LUSHUI.PH,2020-12-14 07:00:00\r\nFCC.1LUSHUI.PH,2020-12-11 07:00:00\r\nFCC.1LUSHUI.PH,2020-12-14 07:00:00\r\nFCC.1LUSHUI.PH,2020-12-14 07:00:00\r\nFCC.1LUSHUI.PH,2020-12-16 07:00:00\r\nFCC.1LUSHUI.PH,2020-12-16 07:00:00\r\nFCC.1LUSHUI.PH,2020-12-18 07:00:00\r\nFCC.1LUSHUI.PH,2020-12-18 07:00:00\r\nFCC.1LUSHUI.PH,2020-12-21 07:00:00\r\nFCC.1LUSHUI.PH,2020-12-18 07:00:00\r\nFCC.1LUSHUI.PH,2020-12-21 07:00:00\r\nFCC.1LUSHUI.PH,2020-12-23 07:00:00\r\nFCC.1LUSHUI.PH,2020-12-21 07:00:00\r\nFCC.1LUSHUI.PH,2020-12-23 07:00:00\r\nFCC.1LUSHUI.PH,2020-12-25 07:00:00\r\nFCC.1LUSHUI.PH,2020-12-23 07:00:00\r\nFCC.1LUSHUI.PH,2020-12-25 07:00:00\r\nFCC.1LUSHUI.PH,2020-12-28 07:00:00\r\nFCC.1LUSHUI.PH,2020-12-25 07:00:00\r\nFCC.1LUSHUI.PH,2020-12-28 07:00:00\r\nFCC.1LUSHUI.PH,2020-12-28 07:00:00\r\nFCC.1LUSHUI.PH,2020-12-30 07:00:00\r\nFCC.1LUSHUI.PH,2020-12-30 07:00:00\r\nFCC.1LUSHUI.PH,2021-01-01 07:00:00\r\nFCC.1LUSHUI.PH,2021-01-01 07:00:00\r\nFCC.1LUSHUI.PH,2021-01-04 07:00:00\r\nFCC.1LUSHUI.PH,2021-01-01 07:00:00\r\nFCC.1LUSHUI.PH,2021-01-04 07:00:00\r\nFCC.1LUSHUI.PH,2021-01-06 07:00:00\r\nFCC.1LUSHUI.PH,2021-01-04 07:00:00\r\nFCC.1LUSHUI.PH,2021-01-06 07:00:00\r\nFCC.1LUSHUI.PH,2021-01-08 07:00:00\r\nFCC.1LUSHUI.PH,2021-01-06 07:00:00\r\nFCC.1LUSHUI.PH,2021-01-08 07:00:00\r\nFCC.1LUSHUI.PH,2021-01-11 07:00:00\r\nFCC.1LUSHUI.PH,2021-01-08 07:00:00\r\nFCC.1LUSHUI.PH,2021-01-11 07:00:00\r\nFCC.1LUSHUI.PH,2021-01-11 07:00:00\r\nFCC.1LUSHUI.PH,2021-01-13 07:00:00\r\nFCC.1LUSHUI.PH,2021-01-13 07:00:00\r\nFCC.1LUSHUI.PH,2021-01-15 07:00:00\r\nFCC.1LUSHUI.PH,2021-01-15 07:00:00\r\nFCC.1LUSHUI.PH,2021-01-18 07:00:00\r\nFCC.1LUSHUI.PH,2021-01-15 07:00:00\r\nFCC.1LUSHUI.PH,2021-01-18 07:00:00\r\nFCC.1LUSHUI.PH,2021-01-20 07:00:00\r\nFCC.1LUSHUI.PH,2021-01-18 07:00:00\r\nFCC.1LUSHUI.PH,2021-01-20 07:00:00\r\nFCC.1LUSHUI.PH,2021-01-22 07:00:00\r\nFCC.1LUSHUI.PH,2021-01-20 07:00:00\r\nFCC.1LUSHUI.PH,2021-01-22 07:00:00\r\nFCC.1LUSHUI.PH,2021-01-25 07:00:00\r\nFCC.1LUSHUI.PH,2021-01-22 07:00:00\r\nFCC.1LUSHUI.PH,2021-01-25 07:00:00\r\nFCC.1LUSHUI.PH,2021-01-25 07:00:00\r\nFCC.1LUSHUI.PH,2021-01-27 07:00:00\r\nFCC.1LUSHUI.PH,2021-01-27 07:00:00\r\nFCC.1LUSHUI.PH,2021-01-29 07:00:00\r\nFCC.1LUSHUI.PH,2021-01-29 07:00:00\r\nFCC.1LUSHUI.PH,2021-02-01 07:00:00\r\nFCC.1LUSHUI.PH,2021-01-29 07:00:00\r\nFCC.1LUSHUI.PH,2021-02-01 07:00:00\r\nFCC.1LUSHUI.PH,2021-02-03 07:00:00\r\nFCC.1LUSHUI.PH,2021-02-01 07:00:00\r\nFCC.1LUSHUI.PH,2021-02-03 07:00:00\r\nFCC.1LUSHUI.PH,2021-02-05 07:00:00\r\nFCC.1LUSHUI.PH,2021-02-03 07:00:00\r\nFCC.1LUSHUI.PH,2021-02-05 07:00:00\r\nFCC.1LUSHUI.PH,2021-02-08 07:00:00\r\nFCC.1LUSHUI.PH,2021-02-05 07:00:00\r\nFCC.1LUSHUI.PH,2021-02-08 07:00:00\r\nFCC.1LUSHUI.PH,2021-02-08 07:00:00\r\nFCC.1LUSHUI.PH,2021-02-10 07:00:00\r\nFCC.1LUSHUI.PH,2021-02-10 07:00:00\r\nFCC.1LUSHUI.PH,2021-02-12 07:00:00\r\nFCC.1LUSHUI.PH,2021-02-12 07:00:00\r\nFCC.1LUSHUI.PH,2021-02-15 07:00:00\r\nFCC.1LUSHUI.PH,2021-02-12 07:00:00\r\nFCC.1LUSHUI.PH,2021-02-15 07:00:00\r\nFCC.1LUSHUI.PH,2021-02-17 07:00:00\r\nFCC.1LUSHUI.PH,2021-02-15 07:00:00\r\nFCC.1LUSHUI.PH,2021-02-17 07:00:00\r\nFCC.1LUSHUI.PH,2021-02-19 07:00:00\r\nFCC.1LUSHUI.PH,2021-02-17 07:00:00\r\nFCC.1LUSHUI.PH,2021-02-19 07:00:00\r\nFCC.1LUSHUI.PH,2021-02-22 07:00:00\r\nFCC.1LUSHUI.PH,2021-02-19 07:00:00\r\nFCC.1LUSHUI.PH,2021-02-22 07:00:00\r\nFCC.1LUSHUI.PH,2021-02-22 07:00:00\r\nFCC.1LUSHUI.PH,2021-02-24 07:00:00\r\nFCC.1LUSHUI.PH,2021-02-24 07:00:00\r\nFCC.1LUSHUI.PH,2021-02-26 07:00:00\r\nFCC.1LUSHUI.PH,2021-02-26 07:00:00\r\nFCC.1LUSHUI.PH,2021-03-01 07:00:00\r\nFCC.1LUSHUI.PH,2021-02-26 07:00:00\r\nFCC.1LUSHUI.PH,2021-03-01 07:00:00\r\nFCC.1LUSHUI.PH,2021-03-03 07:00:00\r\nFCC.1LUSHUI.PH,2021-03-01 07:00:00\r\nFCC.1LUSHUI.PH,2021-03-03 07:00:00\r\nFCC.1LUSHUI.PH,2021-03-05 07:00:00\r\nFCC.1LUSHUI.PH,2021-03-03 07:00:00\r\nFCC.1LUSHUI.PH,2021-03-05 07:00:00\r\nFCC.1LUSHUI.PH,2021-03-08 07:00:00\r\nFCC.1LUSHUI.PH,2021-03-05 07:00:00\r\nFCC.1LUSHUI.PH,2021-03-08 07:00:00\r\nFCC.1LUSHUI.PH,2021-03-08 07:00:00\r\nFCC.1LUSHUI.PH,2021-03-10 07:00:00\r\nFCC.1LUSHUI.PH,2021-03-10 07:00:00\r\nFCC.1LUSHUI.PH,2021-03-12 07:00:00\r\nFCC.1LUSHUI.PH,2021-03-12 07:00:00\r\nFCC.1LUSHUI.PH,2021-03-15 07:00:00\r\nFCC.1LUSHUI.PH,2021-03-12 07:00:00\r\nFCC.1LUSHUI.PH,2021-03-15 07:00:00\r\nFCC.1LUSHUI.PH,2021-03-17 07:00:00\r\nFCC.1LUSHUI.PH,2021-03-15 07:00:00\r\nFCC.1LUSHUI.PH,2021-03-17 07:00:00\r\nFCC.1LUSHUI.PH,2021-03-19 07:00:00\r\nFCC.1LUSHUI.PH,2021-03-17 07:00:00\r\nFCC.1LUSHUI.PH,2021-03-19 07:00:00\r\nFCC.1LUSHUI.PH,2021-03-22 07:00:00\r\nFCC.1LUSHUI.PH,2021-03-19 07:00:00\r\nFCC.1LUSHUI.PH,2021-03-22 07:00:00\r\nFCC.1LUSHUI.PH,2021-03-22 07:00:00\r\nFCC.1LUSHUI.PH,2021-03-24 07:00:00\r\nFCC.1LUSHUI.PH,2021-03-24 07:00:00\r\nFCC.1LUSHUI.PH,2021-03-26 07:00:00\r\nFCC.1LUSHUI.PH,2021-03-26 07:00:00\r\nFCC.1LUSHUI.PH,2021-03-29 07:00:00\r\nFCC.1LUSHUI.PH,2021-03-26 07:00:00\r\nFCC.1LUSHUI.PH,2021-03-29 07:00:00\r\nFCC.1LUSHUI.PH,2021-03-31 07:00:00\r\nFCC.1LUSHUI.PH,2021-03-29 07:00:00\r\nFCC.1LUSHUI.PH,2021-03-31 07:00:00\r\nFCC.1LUSHUI.PH,2021-04-02 07:00:00\r\nFCC.1LUSHUI.PH,2021-03-31 07:00:00\r\nFCC.1LUSHUI.PH,2021-04-02 07:00:00\r\nFCC.1LUSHUI.PH,2021-04-04 07:00:00\r\nFCC.1LUSHUI.PH,2021-04-02 07:00:00\r\nFCC.1LUSHUI.PH,2021-04-04 07:00:00\r\nFCC.1LUSHUI.PH,2021-04-07 07:00:00\r\nFCC.1LUSHUI.PH,2021-04-04 07:00:00\r\nFCC.1LUSHUI.PH,2021-04-07 07:00:00\r\nFCC.1LUSHUI.PH,2021-04-07 07:00:00\r\nFCC.1LUSHUI.PH,2021-04-09 07:00:00\r\nFCC.1LUSHUI.PH,2021-04-09 07:00:00\r\nFCC.1LUSHUI.PH,2021-04-12 07:00:00\r\nFCC.1LUSHUI.PH,2021-04-09 07:00:00\r\nFCC.1LUSHUI.PH,2021-04-12 07:00:00\r\nFCC.1LUSHUI.PH,2021-04-14 07:00:00\r\nFCC.1LUSHUI.PH,2021-04-12 07:00:00\r\nFCC.1LUSHUI.PH,2021-04-14 07:00:00\r\nFCC.1LUSHUI.PH,2021-04-16 07:00:00\r\nFCC.1LUSHUI.PH,2021-04-14 07:00:00\r\nFCC.1LUSHUI.PH,2021-04-16 07:00:00\r\nFCC.1LUSHUI.PH,2021-04-19 07:00:00\r\nFCC.1LUSHUI.PH,2021-04-16 07:00:00\r\nFCC.1LUSHUI.PH,2021-04-19 07:00:00\r\nFCC.1LUSHUI.PH,2021-04-19 07:00:00\r\nFCC.1LUSHUI.PH,2021-04-21 07:00:00\r\nFCC.1LUSHUI.PH,2021-04-21 07:00:00\r\nFCC.1LUSHUI.PH,2021-04-23 07:00:00\r\nFCC.1LUSHUI.PH,2021-04-23 07:00:00\r\nFCC.1LUSHUI.PH,2021-04-26 07:00:00\r\nFCC.1LUSHUI.PH,2021-04-23 07:00:00\r\nFCC.1LUSHUI.PH,2021-04-26 07:00:00\r\nFCC.1LUSHUI.PH,2021-04-28 07:00:00\r\nFCC.1LUSHUI.PH,2021-04-26 07:00:00\r\nFCC.1LUSHUI.PH,2021-04-28 07:00:00\r\nFCC.1LUSHUI.PH,2021-04-30 07:00:00\r\nFCC.1LUSHUI.PH,2021-04-28 07:00:00\r\nFCC.1LUSHUI.PH,2021-04-30 07:00:00\r\nFCC.1LUSHUI.PH,2021-05-03 07:00:00\r\nFCC.1LUSHUI.PH,2021-04-30 07:00:00\r\nFCC.1LUSHUI.PH,2021-05-03 07:00:00\r\nFCC.1LUSHUI.PH,2021-05-03 07:00:00\r\nFCC.1LUSHUI.PH,2021-05-05 07:00:00\r\nFCC.1LUSHUI.PH,2021-05-05 07:00:00\r\nFCC.1LUSHUI.PH,2021-05-07 07:00:00\r\nFCC.1LUSHUI.PH,2021-05-07 07:00:00\r\nFCC.1LUSHUI.PH,2021-05-10 07:00:00\r\nFCC.1LUSHUI.PH,2021-05-07 07:00:00\r\nFCC.1LUSHUI.PH,2021-05-10 07:00:00\r\nFCC.1LUSHUI.PH,2021-05-12 07:00:00\r\nFCC.1LUSHUI.PH,2021-05-10 07:00:00\r\nFCC.1LUSHUI.PH,2021-05-12 07:00:00\r\nFCC.1LUSHUI.PH,2021-05-14 07:00:00\r\nFCC.1LUSHUI.PH,2021-05-12 07:00:00\r\nFCC.1LUSHUI.PH,2021-05-14 07:00:00\r\nFCC.1LUSHUI.PH,2021-05-17 07:00:00\r\nFCC.1LUSHUI.PH,2021-05-14 07:00:00\r\nFCC.1LUSHUI.PH,2021-05-17 07:00:00\r\nFCC.1LUSHUI.PH,2021-05-17 07:00:00\r\nFCC.1LUSHUI.PH,2021-05-19 07:00:00\r\nFCC.1LUSHUI.PH,2021-05-19 07:00:00\r\nFCC.1LUSHUI.PH,2021-05-21 07:00:00\r\nFCC.1LUSHUI.PH,2021-05-21 07:00:00\r\nFCC.1LUSHUI.PH,2021-05-24 07:00:00\r\nFCC.1LUSHUI.PH,2021-05-21 07:00:00\r\nFCC.1LUSHUI.PH,2021-05-24 07:00:00\r\nFCC.1LUSHUI.PH,2021-05-26 07:00:00\r\nFCC.1LUSHUI.PH,2021-05-24 07:00:00\r\nFCC.1LUSHUI.PH,2021-05-26 07:00:00\r\nFCC.1LUSHUI.PH,2021-05-28 07:00:00\r\nFCC.1LUSHUI.PH,2021-05-26 07:00:00\r\nFCC.1LUSHUI.PH,2021-05-28 07:00:00\r\nFCC.1LUSHUI.PH,2021-05-31 07:00:00\r\nFCC.1LUSHUI.PH,2021-05-28 07:00:00\r\nFCC.1LUSHUI.PH,2021-05-31 07:00:00\r\nFCC.1LUSHUI.PH,2021-05-31 07:00:00\r\nFCC.1LUSHUI.PH,2021-06-02 07:00:00\r\nFCC.1LUSHUI.PH,2021-06-02 07:00:00\r\nFCC.1LUSHUI.PH,2021-06-04 07:00:00\r\nFCC.1LUSHUI.PH,2021-06-04 07:00:00\r\nFCC.1LUSHUI.PH,2021-06-07 07:00:00\r\nFCC.1LUSHUI.PH,2021-06-04 07:00:00\r\nFCC.1LUSHUI.PH,2021-06-07 07:00:00\r\nFCC.1LUSHUI.PH,2021-06-09 07:00:00\r\nFCC.1LUSHUI.PH,2021-06-07 07:00:00\r\nFCC.1LUSHUI.PH,2021-06-09 07:00:00\r\nFCC.1LUSHUI.PH,2021-06-11 07:00:00\r\nFCC.1LUSHUI.PH,2021-06-09 07:00:00\r\nFCC.1LUSHUI.PH,2021-06-11 07:00:00\r\nFCC.1LUSHUI.PH,2021-06-14 07:00:00\r\nFCC.1LUSHUI.PH,2021-06-11 07:00:00\r\nFCC.1LUSHUI.PH,2021-06-14 07:00:00\r\nFCC.1LUSHUI.PH,2021-06-14 07:00:00\r\nFCC.1LUSHUI.PH,2021-06-16 07:00:00\r\nFCC.1LUSHUI.PH,2021-06-16 07:00:00\r\nFCC.1LUSHUI.PH,2021-06-18 07:00:00\r\nFCC.1LUSHUI.PH,2021-06-18 07:00:00\r\nFCC.1LUSHUI.PH,2021-06-21 07:00:00\r\nFCC.1LUSHUI.PH,2021-06-18 07:00:00\r\nFCC.1LUSHUI.PH,2021-06-21 07:00:00\r\nFCC.1LUSHUI.PH,2021-06-23 07:00:00\r\nFCC.1LUSHUI.PH,2021-06-21 07:00:00\r\nFCC.1LUSHUI.PH,2021-06-23 07:00:00\r\nFCC.1LUSHUI.PH,2021-06-25 07:00:00\r\nFCC.1LUSHUI.PH,2021-06-23 07:00:00\r\nFCC.1LUSHUI.PH,2021-06-25 07:00:00\r\nFCC.1LUSHUI.PH,2021-06-28 07:00:00\r\nFCC.1LUSHUI.PH,2021-06-25 07:00:00\r\nFCC.1LUSHUI.PH,2021-06-28 07:00:00\r\nFCC.1LUSHUI.PH,2021-06-28 07:00:00\r\nFCC.1LUSHUI.PH,2021-06-30 07:00:00\r\nFCC.1LUSHUI.PH,2021-06-30 07:00:00\r\nFCC.1LUSHUI.PH,2021-07-02 07:00:00\r\nFCC.1LUSHUI.PH,2021-07-02 07:00:00\r\nFCC.1LUSHUI.PH,2021-07-05 07:00:00\r\nFCC.1LUSHUI.PH,2021-07-02 07:00:00\r\nFCC.1LUSHUI.PH,2021-07-05 07:00:00\r\nFCC.1LUSHUI.PH,2021-07-07 07:00:00\r\nFCC.1LUSHUI.PH,2021-07-05 07:00:00\r\nFCC.1LUSHUI.PH,2021-07-07 07:00:00\r\nFCC.1LUSHUI.PH,2021-07-09 07:00:00\r\nFCC.1LUSHUI.PH,2021-07-07 07:00:00\r\nFCC.1LUSHUI.PH,2021-07-09 07:00:00\r\nFCC.1LUSHUI.PH,2021-07-12 07:00:00\r\nFCC.1LUSHUI.PH,2021-07-09 07:00:00\r\nFCC.1LUSHUI.PH,2021-07-12 07:00:00\r\nFCC.1LUSHUI.PH,2021-07-12 07:00:00\r\nFCC.1LUSHUI.PH,2021-07-14 07:00:00\r\nFCC.1LUSHUI.PH,2021-07-14 07:00:00\r\nFCC.1LUSHUI.PH,2021-07-16 07:00:00\r\nFCC.1LUSHUI.PH,2021-07-16 07:00:00\r\nFCC.1LUSHUI.PH,2021-07-19 07:00:00\r\nFCC.1LUSHUI.PH,2021-07-16 07:00:00\r\nFCC.1LUSHUI.PH,2021-07-19 07:00:00\r\nFCC.1LUSHUI.PH,2021-07-21 07:00:00\r\nFCC.1LUSHUI.PH,2021-07-19 07:00:00\r\nFCC.1LUSHUI.PH,2021-07-21 07:00:00\r\nFCC.1LUSHUI.PH,2021-07-23 07:00:00\r\nFCC.1LUSHUI.PH,2021-07-21 07:00:00\r\nFCC.1LUSHUI.PH,2021-07-23 07:00:00\r\nFCC.1LUSHUI.PH,2021-07-26 07:00:00\r\nFCC.1LUSHUI.PH,2021-07-23 07:00:00\r\nFCC.1LUSHUI.PH,2021-07-26 07:00:00\r\nFCC.1LUSHUI.PH,2021-07-26 07:00:00\r\nFCC.1LUSHUI.PH,2021-07-28 07:00:00\r\nFCC.1LUSHUI.PH,2021-07-28 07:00:00\r\nFCC.1LUSHUI.PH,2021-07-30 07:00:00\r\nFCC.1LUSHUI.PH,2021-07-30 07:00:00\r\nFCC.1LUSHUI.PH,2021-08-02 07:00:00\r\nFCC.1LUSHUI.PH,2021-07-30 07:00:00\r\nFCC.1LUSHUI.PH,2021-08-02 07:00:00\r\nFCC.1LUSHUI.PH,2021-08-04 07:00:00\r\nFCC.1LUSHUI.PH,2021-08-02 07:00:00\r\nFCC.1LUSHUI.PH,2021-08-04 07:00:00\r\nFCC.1LUSHUI.PH,2021-08-06 07:00:00\r\nFCC.1LUSHUI.PH,2021-08-04 07:00:00\r\nFCC.1LUSHUI.PH,2021-08-06 07:00:00\r\nFCC.1LUSHUI.PH,2021-08-09 07:00:00\r\nFCC.1LUSHUI.PH,2021-08-06 07:00:00\r\nFCC.1LUSHUI.PH,2021-08-09 07:00:00\r\nFCC.1LUSHUI.PH,2021-08-09 07:00:00\r\nFCC.1LUSHUI.PH,2021-08-11 07:00:00\r\nFCC.1LUSHUI.PH,2021-08-11 07:00:00\r\nFCC.1LUSHUI.PH,2021-08-13 07:00:00\r\nFCC.1LUSHUI.PH,2021-08-13 07:00:00\r\nFCC.1LUSHUI.PH,2021-08-16 07:00:00\r\nFCC.1LUSHUI.PH,2021-08-13 07:00:00\r\nFCC.1LUSHUI.PH,2021-08-16 07:00:00\r\nFCC.1LUSHUI.PH,2021-08-18 07:00:00\r\nFCC.1LUSHUI.PH,2021-08-16 07:00:00\r\nFCC.1LUSHUI.PH,2021-08-18 07:00:00\r\nFCC.1LUSHUI.PH,2021-08-20 07:00:00\r\nFCC.1LUSHUI.PH,2021-08-18 07:00:00\r\nFCC.1LUSHUI.PH,2021-08-20 07:00:00\r\nFCC.1LUSHUI.PH,2021-08-23 07:00:00\r\nFCC.1LUSHUI.PH,2021-08-20 07:00:00\r\nFCC.1LUSHUI.PH,2021-08-23 07:00:00\r\nFCC.1LUSHUI.PH,2021-08-23 07:00:00\r\nFCC.1LUSHUI.PH,2021-08-25 07:00:00\r\nFCC.1LUSHUI.PH,2021-08-25 07:00:00\r\nFCC.1LUSHUI.PH,2021-08-27 07:00:00\r\nFCC.1LUSHUI.PH,2021-08-27 07:00:00\r\nFCC.1LUSHUI.PH,2021-08-30 07:00:00\r\nFCC.1LUSHUI.PH,2021-08-27 07:00:00\r\nFCC.1LUSHUI.PH,2021-08-30 07:00:00\r\nFCC.1LUSHUI.PH,2021-09-01 07:00:00\r\nFCC.1LUSHUI.PH,2021-08-30 07:00:00\r\nFCC.1LUSHUI.PH,2021-09-01 07:00:00\r\nFCC.1LUSHUI.PH,2021-09-03 07:00:00\r\nFCC.1LUSHUI.PH,2021-09-01 07:00:00\r\nFCC.1LUSHUI.PH,2021-09-03 07:00:00\r\nFCC.1LUSHUI.PH,2021-09-06 07:00:00\r\nFCC.1LUSHUI.PH,2021-09-03 07:00:00\r\nFCC.1LUSHUI.PH,2021-09-06 07:00:00\r\nFCC.1LUSHUI.PH,2021-09-06 07:00:00\r\nFCC.1LUSHUI.PH,2021-09-08 07:00:00\r\nFCC.1LUSHUI.PH,2021-09-08 07:00:00\r\nFCC.1LUSHUI.PH,2021-09-10 07:00:00\r\nFCC.1LUSHUI.PH,2021-09-10 07:00:00\r\nFCC.1LUSHUI.PH,2021-09-13 07:00:00\r\nFCC.1LUSHUI.PH,2021-09-10 07:00:00\r\nFCC.1LUSHUI.PH,2021-09-13 07:00:00\r\nFCC.1LUSHUI.PH,2021-09-15 07:00:00\r\nFCC.1LUSHUI.PH,2021-09-13 07:00:00\r\nFCC.1LUSHUI.PH,2021-09-15 07:00:00\r\nFCC.1LUSHUI.PH,2021-09-17 07:00:00\r\nFCC.1LUSHUI.PH,2021-09-15 07:00:00\r\nFCC.1LUSHUI.PH,2021-09-17 07:00:00\r\nFCC.1LUSHUI.PH,2021-09-20 07:00:00\r\nFCC.1LUSHUI.PH,2021-09-17 07:00:00\r\nFCC.1LUSHUI.PH,2021-09-20 07:00:00\r\nFCC.1LUSHUI.PH,2021-09-20 07:00:00\r\nFCC.1LUSHUI.PH,2021-09-22 07:00:00\r\nFCC.1LUSHUI.PH,2021-09-22 07:00:00\r\nFCC.1LUSHUI.PH,2021-09-24 07:00:00\r\nFCC.1LUSHUI.PH,2021-09-24 07:00:00\r\nFCC.1LUSHUI.PH,2021-09-27 07:00:00\r\nFCC.1LUSHUI.PH,2021-09-24 07:00:00\r\nFCC.1LUSHUI.PH,2021-09-27 07:00:00\r\nFCC.1LUSHUI.PH,2021-09-29 07:00:00\r\nFCC.1LUSHUI.PH,2021-09-27 07:00:00\r\nFCC.1LUSHUI.PH,2021-09-29 07:00:00\r\nFCC.1LUSHUI.PH,2021-10-01 07:00:00\r\nFCC.1LUSHUI.PH,2021-09-29 07:00:00\r\nFCC.1LUSHUI.PH,2021-10-01 07:00:00\r\nFCC.1LUSHUI.PH,2021-10-02 07:00:00\r\nFCC.1LUSHUI.PH,2021-10-02 07:00:00\r\nFCC.1LUSHUI.PH,2021-10-06 07:00:00\r\nFCC.1LUSHUI.PH,2021-10-02 07:00:00\r\nFCC.1LUSHUI.PH,2021-10-06 07:00:00\r\nFCC.1LUSHUI.PH,2021-10-06 07:00:00\r\nFCC.1LUSHUI.PH,2021-10-08 07:00:00\r\nFCC.1LUSHUI.PH,2021-10-08 07:00:00\r\nFCC.1LUSHUI.PH,2021-10-11 07:00:00\r\nFCC.1LUSHUI.PH,2021-10-08 07:00:00\r\nFCC.1LUSHUI.PH,2021-10-11 07:00:00\r\nFCC.1LUSHUI.PH,2021-10-13 07:00:00\r\nFCC.1LUSHUI.PH,2021-10-11 07:00:00\r\nFCC.1LUSHUI.PH,2021-10-13 07:00:00\r\nFCC.1LUSHUI.PH,2021-10-15 07:00:00\r\nFCC.1LUSHUI.PH,2021-10-13 07:00:00\r\nFCC.1LUSHUI.PH,2021-10-15 07:00:00\r\nFCC.1LUSHUI.PH,2021-10-18 07:00:00\r\nFCC.1LUSHUI.PH,2021-10-15 07:00:00\r\nFCC.1LUSHUI.PH,2021-10-18 07:00:00\r\nFCC.1LUSHUI.PH,2021-10-18 07:00:00\r\nFCC.1LUSHUI.PH,2021-10-20 07:00:00\r\nFCC.1LUSHUI.PH,2021-10-20 07:00:00\r\nFCC.1LUSHUI.PH,2021-10-22 07:00:00\r\nFCC.1LUSHUI.PH,2021-10-22 07:00:00\r\nFCC.1LUSHUI.PH,2021-10-25 07:00:00\r\nFCC.1LUSHUI.PH,2021-10-22 07:00:00\r\nFCC.1LUSHUI.PH,2021-10-25 07:00:00\r\nFCC.1LUSHUI.PH,2021-10-27 07:00:00\r\nFCC.1LUSHUI.PH,2021-10-25 07:00:00\r\nFCC.1LUSHUI.PH,2021-10-27 07:00:00\r\nFCC.1LUSHUI.PH,2021-10-29 07:00:00\r\nFCC.1LUSHUI.PH,2021-10-27 07:00:00\r\nFCC.1LUSHUI.PH,2021-10-29 07:00:00\r\nFCC.1LUSHUI.PH,2021-11-01 07:00:00\r\nFCC.1LUSHUI.PH,2021-10-29 07:00:00\r\nFCC.1LUSHUI.PH,2021-11-01 07:00:00\r\nFCC.1LUSHUI.PH,2021-11-01 07:00:00\r\nFCC.1LUSHUI.PH,2021-11-03 07:00:00\r\nFCC.1LUSHUI.PH,2021-11-03 07:00:00\r\nFCC.1LUSHUI.PH,2021-11-05 07:00:00\r\nFCC.1LUSHUI.PH,2021-11-05 07:00:00\r\nFCC.1LUSHUI.PH,2021-11-08 07:00:00\r\nFCC.1LUSHUI.PH,2021-11-05 07:00:00\r\nFCC.1LUSHUI.PH,2021-11-08 07:00:00\r\nFCC.1LUSHUI.PH,2021-11-10 07:00:00\r\nFCC.1LUSHUI.PH,2021-11-08 07:00:00\r\nFCC.1LUSHUI.PH,2021-11-10 07:00:00\r\nFCC.1LUSHUI.PH,2021-11-12 07:00:00\r\nFCC.1LUSHUI.PH,2021-11-10 07:00:00\r\nFCC.1LUSHUI.PH,2021-11-12 07:00:00\r\nFCC.1LUSHUI.PH,2021-11-15 07:00:00\r\nFCC.1LUSHUI.PH,2021-11-12 07:00:00\r\nFCC.1LUSHUI.PH,2021-11-15 07:00:00\r\nFCC.1LUSHUI.PH,2021-11-15 07:00:00\r\nFCC.1LUSHUI.PH,2021-11-17 07:00:00\r\nFCC.1LUSHUI.PH,2021-11-17 07:00:00\r\nFCC.1LUSHUI.PH,2021-11-19 07:00:00\r\nFCC.1LUSHUI.PH,2021-11-19 07:00:00\r\nFCC.1LUSHUI.PH,2021-11-22 07:00:00\r\nFCC.1LUSHUI.PH,2021-11-19 07:00:00\r\nFCC.1LUSHUI.PH,2021-11-22 07:00:00\r\nFCC.1LUSHUI.PH,2021-11-24 07:00:00\r\nFCC.1LUSHUI.PH,2021-11-22 07:00:00\r\nFCC.1LUSHUI.PH,2021-11-24 07:00:00\r\nFCC.1LUSHUI.PH,2021-11-26 07:00:00\r\nFCC.1LUSHUI.PH,2021-11-24 07:00:00\r\nFCC.1LUSHUI.PH,2021-11-26 07:00:00\r\nFCC.1LUSHUI.PH,2021-11-29 07:00:00\r\nFCC.1LUSHUI.PH,2021-11-26 07:00:00\r\nFCC.1LUSHUI.PH,2021-11-29 07:00:00\r\nFCC.1LUSHUI.PH,2021-11-29 07:00:00\r\nFCC.1LUSHUI.PH,2021-12-01 07:00:00\r\nFCC.1LUSHUI.PH,2021-12-01 07:00:00\r\nFCC.1LUSHUI.PH,2021-12-03 07:00:00\r\nFCC.1LUSHUI.PH,2021-12-03 07:00:00\r\nFCC.1LUSHUI.PH,2021-12-06 07:00:00\r\nFCC.1LUSHUI.PH,2021-12-03 07:00:00\r\nFCC.1LUSHUI.PH,2021-12-06 07:00:00\r\nFCC.1LUSHUI.PH,2021-12-08 07:00:00\r\nFCC.1LUSHUI.PH,2021-12-06 07:00:00\r\nFCC.1LUSHUI.PH,2021-12-08 07:00:00\r\nFCC.1LUSHUI.PH,2021-12-10 07:00:00\r\nFCC.1LUSHUI.PH,2021-12-08 07:00:00\r\nFCC.1LUSHUI.PH,2021-12-10 07:00:00\r\nFCC.1LUSHUI.PH,2021-12-13 07:00:00\r\nFCC.1LUSHUI.PH,2021-12-10 07:00:00\r\nFCC.1LUSHUI.PH,2021-12-13 07:00:00\r\nFCC.1LUSHUI.PH,2021-12-13 07:00:00\r\nFCC.1LUSHUI.PH,2021-12-15 07:00:00\r\nFCC.1LUSHUI.PH,2021-12-15 07:00:00\r\nFCC.1LUSHUI.PH,2021-12-17 07:00:00\r\nFCC.1LUSHUI.PH,2021-12-17 07:00:00\r\nFCC.1LUSHUI.PH,2021-12-20 07:00:00\r\nFCC.1LUSHUI.PH,2021-12-17 07:00:00\r\nFCC.1LUSHUI.PH,2021-12-20 07:00:00\r\nFCC.1LUSHUI.PH,2021-12-22 07:00:00\r\nFCC.1LUSHUI.PH,2021-12-20 07:00:00\r\nFCC.1LUSHUI.PH,2021-12-22 07:00:00\r\nFCC.1LUSHUI.PH,2021-12-24 07:00:00\r\nFCC.1LUSHUI.PH,2021-12-22 07:00:00\r\nFCC.1LUSHUI.PH,2021-12-24 07:00:00\r\nFCC.1LUSHUI.PH,2021-12-27 07:00:00\r\nFCC.1LUSHUI.PH,2021-12-24 07:00:00\r\nFCC.1LUSHUI.PH,2021-12-27 07:00:00\r\nFCC.1LUSHUI.PH,2021-12-27 07:00:00\r\nFCC.1LUSHUI.PH,2021-12-29 07:00:00\r\nFCC.1LUSHUI.PH,2021-12-29 07:00:00\r\nFCC.1LUSHUI.PH,2021-12-31 07:00:00\r\nFCC.1LUSHUI.PH,2021-12-31 07:00:00\r\nFCC.1LUSHUI.PH,2022-01-03 07:00:00\r\nFCC.1LUSHUI.PH,2021-12-31 07:00:00\r\nFCC.1LUSHUI.PH,2022-01-03 07:00:00\r\nFCC.1LUSHUI.PH,2022-01-05 07:00:00\r\nFCC.1LUSHUI.PH,2022-01-03 07:00:00\r\nFCC.1LUSHUI.PH,2022-01-05 07:00:00\r\nFCC.1LUSHUI.PH,2022-01-07 07:00:00\r\nFCC.1LUSHUI.PH,2022-01-05 07:00:00\r\nFCC.1LUSHUI.PH,2022-01-07 07:00:00\r\nFCC.1LUSHUI.PH,2022-01-10 07:00:00\r\nFCC.1LUSHUI.PH,2022-01-07 07:00:00\r\nFCC.1LUSHUI.PH,2022-01-10 07:00:00\r\nFCC.1LUSHUI.PH,2022-01-10 07:00:00\r\nFCC.1LUSHUI.PH,2022-01-12 07:00:00\r\nFCC.1LUSHUI.PH,2022-01-12 07:00:00\r\nFCC.1LUSHUI.PH,2022-01-14 07:00:00\r\nFCC.1LUSHUI.PH,2022-01-14 07:00:00\r\nFCC.1LUSHUI.PH,2022-01-17 07:00:00\r\nFCC.1LUSHUI.PH,2022-01-14 07:00:00\r\nFCC.1LUSHUI.PH,2022-01-17 07:00:00\r\nFCC.1LUSHUI.PH,2022-01-19 07:00:00\r\nFCC.1LUSHUI.PH,2022-01-17 07:00:00\r\nFCC.1LUSHUI.PH,2022-01-19 07:00:00\r\nFCC.1LUSHUI.PH,2022-01-21 07:00:00\r\nFCC.1LUSHUI.PH,2022-01-19 07:00:00\r\nFCC.1LUSHUI.PH,2022-01-21 07:00:00\r\nFCC.1LUSHUI.PH,2022-01-24 07:00:00\r\nFCC.1LUSHUI.PH,2022-01-21 07:00:00\r\nFCC.1LUSHUI.PH,2022-01-24 07:00:00\r\nFCC.1LUSHUI.PH,2022-01-24 07:00:00\r\nFCC.1LUSHUI.PH,2022-01-26 07:00:00\r\nFCC.1LUSHUI.PH,2022-01-26 07:00:00\r\nFCC.1LUSHUI.PH,2022-01-28 07:00:00\r\nFCC.1LUSHUI.PH,2022-01-28 07:00:00\r\nFCC.1LUSHUI.PH,2022-01-31 07:00:00\r\nFCC.1LUSHUI.PH,2022-01-28 07:00:00\r\nFCC.1LUSHUI.PH,2022-01-31 07:00:00\r\nFCC.1LUSHUI.PH,2022-02-02 07:00:00\r\nFCC.1LUSHUI.PH,2022-01-31 07:00:00\r\nFCC.1LUSHUI.PH,2022-02-02 07:00:00\r\nFCC.1LUSHUI.PH,2022-02-04 07:00:00\r\nFCC.1LUSHUI.PH,2022-02-02 07:00:00\r\nFCC.1LUSHUI.PH,2022-02-04 07:00:00\r\nFCC.1LUSHUI.PH,2022-02-07 07:00:00\r\nFCC.1LUSHUI.PH,2022-02-04 07:00:00\r\nFCC.1LUSHUI.PH,2022-02-07 07:00:00\r\nFCC.1LUSHUI.PH,2022-02-07 07:00:00\r\nFCC.1LUSHUI.PH,2022-02-09 07:00:00\r\nFCC.1LUSHUI.PH,2022-02-09 07:00:00\r\nFCC.1LUSHUI.PH,2022-02-11 07:00:00\r\nFCC.1LUSHUI.PH,2022-02-11 07:00:00\r\nFCC.1LUSHUI.PH,2022-02-14 07:00:00\r\nFCC.1LUSHUI.PH,2022-02-11 07:00:00\r\nFCC.1LUSHUI.PH,2022-02-14 07:00:00\r\nFCC.1LUSHUI.PH,2022-02-16 07:00:00\r\nFCC.1LUSHUI.PH,2022-02-14 07:00:00\r\nFCC.1LUSHUI.PH,2022-02-16 07:00:00\r\nFCC.1LUSHUI.PH,2022-02-18 07:00:00\r\nFCC.1LUSHUI.PH,2022-02-16 07:00:00\r\nFCC.1LUSHUI.PH,2022-02-18 07:00:00\r\nFCC.1LUSHUI.PH,2022-02-21 07:00:00\r\nFCC.1LUSHUI.PH,2022-02-18 07:00:00\r\nFCC.1LUSHUI.PH,2022-02-21 07:00:00\r\nFCC.1LUSHUI.PH,2022-02-21 07:00:00\r\nFCC.1LUSHUI.PH,2022-02-23 07:00:00\r\nFCC.1LUSHUI.PH,2022-02-23 07:00:00\r\nFCC.1LUSHUI.PH,2022-02-25 07:00:00\r\nFCC.1LUSHUI.PH,2022-02-25 07:00:00\r\nFCC.1LUSHUI.PH,2022-02-28 07:00:00\r\nFCC.1LUSHUI.PH,2022-02-25 07:00:00\r\nFCC.1LUSHUI.PH,2022-02-28 07:00:00\r\nFCC.1LUSHUI.PH,2022-03-02 07:00:00\r\nFCC.1LUSHUI.PH,2022-02-28 07:00:00\r\nFCC.1LUSHUI.PH,2022-03-02 07:00:00\r\nFCC.1LUSHUI.PH,2022-03-04 07:00:00\r\nFCC.1LUSHUI.PH,2022-03-02 07:00:00\r\nFCC.1LUSHUI.PH,2022-03-04 07:00:00\r\nFCC.1LUSHUI.PH,2022-03-07 07:00:00\r\nFCC.1LUSHUI.PH,2022-03-04 07:00:00\r\nFCC.1LUSHUI.PH,2022-03-07 07:00:00\r\nFCC.1LUSHUI.PH,2022-03-07 07:00:00\r\nFCC.1LUSHUI.PH,2022-03-09 07:00:00\r\nFCC.1LUSHUI.PH,2022-03-09 07:00:00\r\nFCC.1LUSHUI.PH,2022-03-11 07:00:00\r\nFCC.1LUSHUI.PH,2022-03-11 07:00:00\r\nFCC.1LUSHUI.PH,2022-03-14 07:00:00\r\nFCC.1LUSHUI.PH,2022-03-11 07:00:00\r\nFCC.1LUSHUI.PH,2022-03-14 07:00:00\r\nFCC.1LUSHUI.PH,2022-03-16 07:00:00\r\nFCC.1LUSHUI.PH,2022-03-14 07:00:00\r\nFCC.1LUSHUI.PH,2022-03-16 07:00:00\r\nFCC.1LUSHUI.PH,2022-03-18 07:00:00\r\nFCC.1LUSHUI.PH,2022-03-16 07:00:00\r\nFCC.1LUSHUI.PH,2022-03-18 07:00:00\r\nFCC.1LUSHUI.PH,2022-03-21 07:00:00\r\nFCC.1LUSHUI.PH,2022-03-18 07:00:00\r\nFCC.1LUSHUI.PH,2022-03-21 07:00:00\r\nFCC.1LUSHUI.PH,2022-03-21 07:00:00\r\nFCC.1LUSHUI.PH,2022-03-23 07:00:00\r\nFCC.1LUSHUI.PH,2022-03-23 07:00:00\r\nFCC.1LUSHUI.PH,2022-03-25 07:00:00\r\nFCC.1LUSHUI.PH,2022-03-25 07:00:00\r\nFCC.1LUSHUI.PH,2022-03-28 07:00:00\r\nFCC.1LUSHUI.PH,2022-03-25 07:00:00\r\nFCC.1LUSHUI.PH,2022-03-28 07:00:00\r\nFCC.1LUSHUI.PH,2022-03-30 07:00:00\r\nFCC.1LUSHUI.PH,2022-03-28 07:00:00\r\nFCC.1LUSHUI.PH,2022-03-30 07:00:00\r\nFCC.1LUSHUI.PH,2022-04-01 07:00:00\r\nFCC.1LUSHUI.PH,2022-03-30 07:00:00\r\nFCC.1LUSHUI.PH,2022-04-01 07:00:00\r\nFCC.1LUSHUI.PH,2022-04-04 07:00:00\r\nFCC.1LUSHUI.PH,2022-04-01 07:00:00\r\nFCC.1LUSHUI.PH,2022-04-04 07:00:00\r\nFCC.1LUSHUI.PH,2022-04-04 07:00:00\r\nFCC.1LUSHUI.PH,2022-04-06 07:00:00\r\nFCC.1LUSHUI.PH,2022-04-06 07:00:00\r\nFCC.1LUSHUI.PH,2022-04-08 07:00:00\r\nFCC.1LUSHUI.PH,2022-04-08 07:00:00\r\nFCC.1LUSHUI.PH,2022-04-11 07:00:00\r\nFCC.1LUSHUI.PH,2022-04-08 07:00:00\r\nFCC.1LUSHUI.PH,2022-04-11 07:00:00\r\nFCC.1LUSHUI.PH,2022-04-13 07:00:00\r\nFCC.1LUSHUI.PH,2022-04-11 07:00:00\r\nFCC.1LUSHUI.PH,2022-04-13 07:00:00\r\nFCC.1LUSHUI.PH,2022-04-15 07:00:00\r\nFCC.1LUSHUI.PH,2022-04-13 07:00:00\r\nFCC.1LUSHUI.PH,2022-04-15 07:00:00\r\nFCC.1LUSHUI.PH,2022-04-18 07:00:00\r\nFCC.1LUSHUI.PH,2022-04-15 07:00:00\r\nFCC.1LUSHUI.PH,2022-04-18 07:00:00\r\nFCC.1LUSHUI.PH,2022-04-18 07:00:00\r\nFCC.1LUSHUI.PH,2022-04-20 07:00:00\r\nFCC.1LUSHUI.PH,2022-04-20 07:00:00\r\nFCC.1LUSHUI.PH,2022-04-22 07:00:00\r\nFCC.1LUSHUI.PH,2022-04-22 07:00:00\r\nFCC.1LUSHUI.PH,2022-04-25 07:00:00\r\nFCC.1LUSHUI.PH,2022-04-22 07:00:00\r\nFCC.1LUSHUI.PH,2022-04-25 07:00:00\r\nFCC.1LUSHUI.PH,2022-04-27 07:00:00\r\nFCC.1LUSHUI.PH,2022-04-25 07:00:00\r\nFCC.1LUSHUI.PH,2022-04-27 07:00:00\r\nFCC.1LUSHUI.PH,2022-04-29 07:00:00\r\nFCC.1LUSHUI.PH,2022-04-27 07:00:00\r\nFCC.1LUSHUI.PH,2022-04-29 07:00:00\r\nFCC.1LUSHUI.PH,2022-05-02 07:00:00\r\nFCC.1LUSHUI.PH,2022-04-29 07:00:00\r\nFCC.1LUSHUI.PH,2022-05-02 07:00:00\r\nFCC.1LUSHUI.PH,2022-05-02 07:00:00\r\nFCC.1LUSHUI.PH,2022-05-04 07:00:00\r\nFCC.1LUSHUI.PH,2022-05-04 07:00:00\r\nFCC.1LUSHUI.PH,2022-05-06 07:00:00\r\nFCC.1LUSHUI.PH,2022-05-06 07:00:00\r\nFCC.1LUSHUI.PH,2022-05-09 07:00:00\r\nFCC.1LUSHUI.PH,2022-05-06 07:00:00\r\nFCC.1LUSHUI.PH,2022-05-09 07:00:00\r\nFCC.1LUSHUI.PH,2022-05-11 07:00:00\r\nFCC.1LUSHUI.PH,2022-05-09 07:00:00\r\nFCC.1LUSHUI.PH,2022-05-11 07:00:00\r\nFCC.1LUSHUI.PH,2022-05-13 07:00:00\r\nFCC.1LUSHUI.PH,2022-05-11 07:00:00\r\nFCC.1LUSHUI.PH,2022-05-13 07:00:00\r\nFCC.1LUSHUI.PH,2022-05-16 07:00:00\r\nFCC.1LUSHUI.PH,2022-05-13 07:00:00\r\nFCC.1LUSHUI.PH,2022-05-16 07:00:00\r\nFCC.1LUSHUI.PH,2022-05-16 07:00:00\r\nFCC.1LUSHUI.PH,2022-05-18 07:00:00\r\nFCC.1LUSHUI.PH,2022-05-18 07:00:00\r\nFCC.1LUSHUI.PH,2022-05-20 07:00:00\r', '2023-09-13 21:09:37', '2023-09-13 21:09:37', '1', '1', '0');
INSERT INTO `sample_set` VALUES ('27', 'new Name[I@3fd31ef6', 'new description[I@3fd31ef6', 'input\r\ntag,collect_time\r\nFCC.1LUSHUI.PH,2020-04-30 17:00:00\r\nFCC.1LUSHUI.PH,2020-05-01 07:00:00\r\nFCC.1LUSHUI.PH,2020-05-01 17:00:00\r\nFCC.1LUSHUI.PH,2020-05-02 07:00:00\r\nFCC.1LUSHUI.PH,2020-05-02 17:00:00\r\nFCC.1LUSHUI.PH,2020-05-03 07:00:00\r\nFCC.1LUSHUI.PH,2020-05-03 17:00:00\r\nFCC.1LUSHUI.PH,2020-05-04 07:00:00\r\nFCC.1LUSHUI.PH,2020-05-04 17:00:00\r\nFCC.1LUSHUI.PH,2020-05-05 07:00:00\r\nFCC.1LUSHUI.PH,2020-05-05 17:00:00\r\nFCC.1LUSHUI.PH,2020-05-06 07:00:00\r\nFCC.1LUSHUI.PH,2020-05-06 17:00:00\r\nFCC.1LUSHUI.PH,2020-05-07 07:00:00\r\nFCC.1LUSHUI.PH,2020-05-07 17:00:00\r\nFCC.1LUSHUI.PH,2020-05-08 07:00:00\r\nFCC.1LUSHUI.PH,2020-05-08 17:00:00\r\nFCC.1LUSHUI.PH,2020-05-09 07:00:00\r\nFCC.1LUSHUI.PH,2020-05-09 17:00:00\r\nFCC.1LUSHUI.PH,2020-05-10 07:00:00\r\nFCC.1LUSHUI.PH,2020-05-10 17:00:00\r\nFCC.1LUSHUI.PH,2020-05-11 07:00:00\r\nFCC.1LUSHUI.PH,2020-05-11 17:00:00\r\nFCC.1LUSHUI.PH,2020-05-12 07:00:00\r\nFCC.1LUSHUI.PH,2020-05-12 17:00:00\r\nFCC.1LUSHUI.PH,2020-05-13 07:00:00\r\nFCC.1LUSHUI.PH,2020-05-13 17:00:00\r\nFCC.1LUSHUI.PH,2020-05-14 07:00:00\r\nFCC.1LUSHUI.PH,2020-05-14 17:00:00\r\nFCC.1LUSHUI.PH,2020-05-15 07:00:00\r\nFCC.1LUSHUI.PH,2020-05-15 17:00:00\r\nFCC.1LUSHUI.PH,2020-05-16 07:00:00\r\nFCC.1LUSHUI.PH,2020-05-16 17:00:00\r\nFCC.1LUSHUI.PH,2020-05-17 07:00:00\r\nFCC.1LUSHUI.PH,2020-05-17 17:00:00\r\nFCC.1LUSHUI.PH,2020-05-18 07:00:00\r\nFCC.1LUSHUI.PH,2020-05-18 17:00:00\r\nFCC.1LUSHUI.PH,2020-05-19 07:00:00\r\nFCC.1LUSHUI.PH,2020-05-19 17:00:00\r\nFCC.1LUSHUI.PH,2020-05-20 07:00:00\r\nFCC.1LUSHUI.PH,2020-05-20 17:00:00\r\nFCC.1LUSHUI.PH,2020-05-21 07:00:00\r\nFCC.1LUSHUI.PH,2020-05-21 17:00:00\r\nFCC.1LUSHUI.PH,2020-05-22 07:00:00\r\nFCC.1LUSHUI.PH,2020-05-22 07:00:00\r\nFCC.1LUSHUI.PH,2020-05-23 17:00:00\r\nFCC.1LUSHUI.PH,2020-05-24 07:00:00\r\nFCC.1LUSHUI.PH,2020-05-24 17:00:00\r\nFCC.1LUSHUI.PH,2020-05-25 07:00:00\r\nFCC.1LUSHUI.PH,2020-05-25 17:00:00\r\nFCC.1LUSHUI.PH,2020-05-26 07:00:00\r\nFCC.1LUSHUI.PH,2020-05-26 17:00:00\r\nFCC.1LUSHUI.PH,2020-05-27 07:00:00\r\nFCC.1LUSHUI.PH,2020-05-27 17:00:00\r\nFCC.1LUSHUI.PH,2020-05-28 07:00:00\r\nFCC.1LUSHUI.PH,2020-05-28 17:00:00\r\nFCC.1LUSHUI.PH,2020-05-29 07:00:00\r\nFCC.1LUSHUI.PH,2020-05-29 17:00:00\r\nFCC.1LUSHUI.PH,2020-05-30 07:00:00\r\nFCC.1LUSHUI.PH,2020-05-30 17:00:00\r\nFCC.1LUSHUI.PH,2020-05-31 07:00:00\r\nFCC.1LUSHUI.PH,2020-05-31 17:00:00\r\nFCC.1LUSHUI.PH,2020-06-01 07:00:00\r\nFCC.1LUSHUI.PH,2020-06-01 17:00:00\r\nFCC.1LUSHUI.PH,2020-06-02 07:00:00\r\nFCC.1LUSHUI.PH,2020-06-02 17:00:00\r\nFCC.1LUSHUI.PH,2020-06-03 07:00:00\r\nFCC.1LUSHUI.PH,2020-06-03 17:00:00\r\nFCC.1LUSHUI.PH,2020-06-04 07:00:00\r\nFCC.1LUSHUI.PH,2020-06-04 17:00:00\r\nFCC.1LUSHUI.PH,2020-06-05 07:00:00\r\nFCC.1LUSHUI.PH,2020-06-05 17:00:00\r\nFCC.1LUSHUI.PH,2020-06-06 07:00:00\r\nFCC.1LUSHUI.PH,2020-06-06 17:00:00\r\nFCC.1LUSHUI.PH,2020-06-07 07:00:00\r\nFCC.1LUSHUI.PH,2020-06-07 17:00:00\r\nFCC.1LUSHUI.PH,2020-06-08 07:00:00\r\nFCC.1LUSHUI.PH,2020-06-08 17:00:00\r\nFCC.1LUSHUI.PH,2020-06-09 07:00:00\r\nFCC.1LUSHUI.PH,2020-06-09 17:00:00\r\nFCC.1LUSHUI.PH,2020-06-10 07:00:00\r\nFCC.1LUSHUI.PH,2020-06-10 17:00:00\r\nFCC.1LUSHUI.PH,2020-06-11 07:00:00\r\nFCC.1LUSHUI.PH,2020-06-11 17:00:00\r\nFCC.1LUSHUI.PH,2020-06-12 07:00:00\r\nFCC.1LUSHUI.PH,2020-06-12 17:00:00\r\nFCC.1LUSHUI.PH,2020-06-13 07:00:00\r\nFCC.1LUSHUI.PH,2020-06-13 17:00:00\r\nFCC.1LUSHUI.PH,2020-06-14 07:00:00\r\nFCC.1LUSHUI.PH,2020-06-14 17:00:00\r\nFCC.1LUSHUI.PH,2020-06-15 07:00:00\r\nFCC.1LUSHUI.PH,2020-06-15 17:00:00\r\nFCC.1LUSHUI.PH,2020-06-16 07:00:00\r\nFCC.1LUSHUI.PH,2020-06-16 17:00:00\r\nFCC.1LUSHUI.PH,2020-06-17 07:00:00\r\nFCC.1LUSHUI.PH,2020-06-17 17:00:00\r\nFCC.1LUSHUI.PH,2020-06-18 07:00:00\r\nFCC.1LUSHUI.PH,2020-06-18 17:00:00\r\nFCC.1LUSHUI.PH,2020-06-19 07:00:00\r\nFCC.1LUSHUI.PH,2020-06-19 17:00:00\r\nFCC.1LUSHUI.PH,2020-06-20 07:00:00\r\nFCC.1LUSHUI.PH,2020-06-20 17:00:00\r\nFCC.1LUSHUI.PH,2020-06-21 07:00:00\r\nFCC.1LUSHUI.PH,2020-06-21 17:00:00\r\nFCC.1LUSHUI.PH,2020-06-22 07:00:00\r\nFCC.1LUSHUI.PH,2020-06-22 17:00:00\r\nFCC.1LUSHUI.PH,2020-06-23 07:00:00\r\nFCC.1LUSHUI.PH,2020-06-23 17:00:00\r\nFCC.1LUSHUI.PH,2020-06-24 07:00:00\r\nFCC.1LUSHUI.PH,2020-06-24 17:00:00\r\nFCC.1LUSHUI.PH,2020-06-25 07:00:00\r\nFCC.1LUSHUI.PH,2020-06-25 17:00:00\r\nFCC.1LUSHUI.PH,2020-06-26 07:00:00\r\nFCC.1LUSHUI.PH,2020-06-26 17:00:00\r\nFCC.1LUSHUI.PH,2020-06-27 07:00:00\r\nFCC.1LUSHUI.PH,2020-06-27 17:00:00\r\nFCC.1LUSHUI.PH,2020-06-28 07:00:00\r\nFCC.1LUSHUI.PH,2020-06-28 17:00:00\r\nFCC.1LUSHUI.PH,2020-06-29 07:00:00\r\nFCC.1LUSHUI.PH,2020-06-29 21:00:00\r\nFCC.1LUSHUI.PH,2020-06-30 07:00:00\r\nFCC.1LUSHUI.PH,2020-06-30 17:00:00\r\nFCC.1LUSHUI.PH,2020-07-01 07:00:00\r\nFCC.1LUSHUI.PH,2020-07-01 17:00:00\r\nFCC.1LUSHUI.PH,2020-07-02 07:00:00\r\nFCC.1LUSHUI.PH,2020-07-02 17:00:00\r\nFCC.1LUSHUI.PH,2020-07-03 07:00:00\r\nFCC.1LUSHUI.PH,2020-07-03 17:00:00\r\nFCC.1LUSHUI.PH,2020-07-04 07:00:00\r\nFCC.1LUSHUI.PH,2020-07-04 17:00:00\r\nFCC.1LUSHUI.PH,2020-07-05 07:00:00\r\nFCC.1LUSHUI.PH,2020-07-05 17:00:00\r\nFCC.1LUSHUI.PH,2020-07-06 07:00:00\r\nFCC.1LUSHUI.PH,2020-07-06 17:00:00\r\nFCC.1LUSHUI.PH,2020-07-07 07:00:00\r\nFCC.1LUSHUI.PH,2020-07-07 17:00:00\r\nFCC.1LUSHUI.PH,2020-07-08 07:00:00\r\nFCC.1LUSHUI.PH,2020-07-08 17:00:00\r\nFCC.1LUSHUI.PH,2020-07-09 07:00:00\r\nFCC.1LUSHUI.PH,2020-07-09 17:00:00\r\nFCC.1LUSHUI.PH,2020-07-10 07:00:00\r\nFCC.1LUSHUI.PH,2020-07-10 17:00:00\r\nFCC.1LUSHUI.PH,2020-07-11 07:00:00\r\nFCC.1LUSHUI.PH,2020-07-11 17:00:00\r\nFCC.1LUSHUI.PH,2020-07-12 07:00:00\r\nFCC.1LUSHUI.PH,2020-07-12 17:00:00\r\nFCC.1LUSHUI.PH,2020-07-13 07:00:00\r\nFCC.1LUSHUI.PH,2020-07-13 17:00:00\r\nFCC.1LUSHUI.PH,2020-07-14 07:00:00\r\nFCC.1LUSHUI.PH,2020-07-14 17:00:00\r\nFCC.1LUSHUI.PH,2020-07-15 07:00:00\r\nFCC.1LUSHUI.PH,2020-07-15 17:00:00\r\nFCC.1LUSHUI.PH,2020-07-16 07:00:00\r\nFCC.1LUSHUI.PH,2020-07-16 17:00:00\r\nFCC.1LUSHUI.PH,2020-07-17 07:00:00\r\nFCC.1LUSHUI.PH,2020-07-17 17:00:00\r\nFCC.1LUSHUI.PH,2020-07-18 07:00:00\r\nFCC.1LUSHUI.PH,2020-07-18 17:00:00\r\nFCC.1LUSHUI.PH,2020-07-19 07:00:00\r\nFCC.1LUSHUI.PH,2020-07-19 17:00:00\r\nFCC.1LUSHUI.PH,2020-07-20 07:00:00\r\nFCC.1LUSHUI.PH,2020-07-20 17:00:00\r\nFCC.1LUSHUI.PH,2020-07-21 07:00:00\r\nFCC.1LUSHUI.PH,2020-07-21 17:00:00\r\nFCC.1LUSHUI.PH,2020-07-22 07:00:00\r\nFCC.1LUSHUI.PH,2020-07-22 17:00:00\r\nFCC.1LUSHUI.PH,2020-07-23 07:00:00\r\nFCC.1LUSHUI.PH,2020-07-23 17:00:00\r\nFCC.1LUSHUI.PH,2020-07-24 07:00:00\r\nFCC.1LUSHUI.PH,2020-07-24 17:00:00\r\nFCC.1LUSHUI.PH,2020-07-25 07:00:00\r\nFCC.1LUSHUI.PH,2020-07-25 17:00:00\r\nFCC.1LUSHUI.PH,2020-07-26 07:00:00\r\nFCC.1LUSHUI.PH,2020-07-26 17:00:00\r\nFCC.1LUSHUI.PH,2020-07-27 07:00:00\r\nFCC.1LUSHUI.PH,2020-07-27 17:00:00\r\nFCC.1LUSHUI.PH,2020-07-28 07:00:00\r\nFCC.1LUSHUI.PH,2020-07-28 17:00:00\r\nFCC.1LUSHUI.PH,2020-07-29 07:00:00\r\nFCC.1LUSHUI.PH,2020-07-29 17:00:00\r\nFCC.1LUSHUI.PH,2020-07-30 07:00:00\r\nFCC.1LUSHUI.PH,2020-07-30 17:00:00\r\nFCC.1LUSHUI.PH,2020-07-31 07:00:00\r\nFCC.1LUSHUI.PH,2020-07-31 17:00:00\r\nFCC.1LUSHUI.PH,2020-08-01 07:00:00\r\nFCC.1LUSHUI.PH,2020-08-01 17:00:00\r\nFCC.1LUSHUI.PH,2020-08-02 07:00:00\r\nFCC.1LUSHUI.PH,2020-08-02 17:00:00\r\nFCC.1LUSHUI.PH,2020-08-03 07:00:00\r\nFCC.1LUSHUI.PH,2020-08-03 17:00:00\r\nFCC.1LUSHUI.PH,2020-08-04 07:00:00\r\nFCC.1LUSHUI.PH,2020-08-04 17:00:00\r\nFCC.1LUSHUI.PH,2020-08-05 07:00:00\r\nFCC.1LUSHUI.PH,2020-08-05 17:00:00\r\nFCC.1LUSHUI.PH,2020-08-06 07:00:00\r\nFCC.1LUSHUI.PH,2020-08-06 17:00:00\r\nFCC.1LUSHUI.PH,2020-08-07 07:00:00\r\nFCC.1LUSHUI.PH,2020-08-07 17:00:00\r\nFCC.1LUSHUI.PH,2020-08-08 07:00:00\r\nFCC.1LUSHUI.PH,2020-08-08 17:00:00\r\nFCC.1LUSHUI.PH,2020-08-09 07:00:00\r\nFCC.1LUSHUI.PH,2020-08-09 17:00:00\r\nFCC.1LUSHUI.PH,2020-08-10 07:00:00\r\nFCC.1LUSHUI.PH,2020-08-10 17:00:00\r\nFCC.1LUSHUI.PH,2020-08-11 07:00:00\r\nFCC.1LUSHUI.PH,2020-08-11 17:00:00\r\nFCC.1LUSHUI.PH,2020-08-12 07:00:00\r\nFCC.1LUSHUI.PH,2020-08-12 17:00:00\r\nFCC.1LUSHUI.PH,2020-08-13 07:00:00\r\nFCC.1LUSHUI.PH,2020-08-13 17:00:00\r\nFCC.1LUSHUI.PH,2020-08-14 07:00:00\r\nFCC.1LUSHUI.PH,2020-08-14 17:00:00\r\nFCC.1LUSHUI.PH,2020-08-15 07:00:00\r\nFCC.1LUSHUI.PH,2020-08-15 17:00:00\r\nFCC.1LUSHUI.PH,2020-08-16 07:00:00\r\nFCC.1LUSHUI.PH,2020-08-16 17:00:00\r\nFCC.1LUSHUI.PH,2020-08-17 07:00:00\r\nFCC.1LUSHUI.PH,2020-08-17 17:00:00\r\nFCC.1LUSHUI.PH,2020-08-18 07:00:00\r\nFCC.1LUSHUI.PH,2020-08-18 17:00:00\r\nFCC.1LUSHUI.PH,2020-08-19 07:00:00\r\nFCC.1LUSHUI.PH,2020-08-19 17:00:00\r\nFCC.1LUSHUI.PH,2020-08-20 07:00:00\r\nFCC.1LUSHUI.PH,2020-08-20 17:00:00\r\nFCC.1LUSHUI.PH,2020-08-21 07:00:00\r\nFCC.1LUSHUI.PH,2020-08-21 17:00:00\r\nFCC.1LUSHUI.PH,2020-08-22 07:00:00\r\nFCC.1LUSHUI.PH,2020-08-22 17:00:00\r\nFCC.1LUSHUI.PH,2020-08-23 07:00:00\r\nFCC.1LUSHUI.PH,2020-08-23 17:00:00\r\nFCC.1LUSHUI.PH,2020-08-24 07:00:00\r\nFCC.1LUSHUI.PH,2020-08-24 17:00:00\r\nFCC.1LUSHUI.PH,2020-08-25 07:00:00\r\nFCC.1LUSHUI.PH,2020-08-25 17:00:00\r\nFCC.1LUSHUI.PH,2020-08-26 07:00:00\r\nFCC.1LUSHUI.PH,2020-08-26 17:00:00\r\nFCC.1LUSHUI.PH,2020-08-27 07:00:00\r\nFCC.1LUSHUI.PH,2020-08-27 17:00:00\r\nFCC.1LUSHUI.PH,2020-08-28 07:00:00\r\nFCC.1LUSHUI.PH,2020-08-28 17:00:00\r\nFCC.1LUSHUI.PH,2020-08-29 07:00:00\r\nFCC.1LUSHUI.PH,2020-08-29 17:00:00\r\nFCC.1LUSHUI.PH,2020-08-30 07:00:00\r\nFCC.1LUSHUI.PH,2020-08-30 17:00:00\r\nFCC.1LUSHUI.PH,2020-08-31 07:00:00\r\nFCC.1LUSHUI.PH,2020-08-31 17:00:00\r\nFCC.1LUSHUI.PH,2020-09-01 07:00:00\r\nFCC.1LUSHUI.PH,2020-09-01 17:00:00\r\nFCC.1LUSHUI.PH,2020-09-02 07:00:00\r\nFCC.1LUSHUI.PH,2020-09-02 17:00:00\r\nFCC.1LUSHUI.PH,2020-09-03 07:00:00\r\nFCC.1LUSHUI.PH,2020-09-03 17:00:00\r\nFCC.1LUSHUI.PH,2020-09-04 07:00:00\r\nFCC.1LUSHUI.PH,2020-09-04 17:00:00\r\nFCC.1LUSHUI.PH,2020-09-05 07:00:00\r\nFCC.1LUSHUI.PH,2020-09-05 17:00:00\r\nFCC.1LUSHUI.PH,2020-09-06 07:00:00\r\nFCC.1LUSHUI.PH,2020-09-06 17:00:00\r\nFCC.1LUSHUI.PH,2020-09-07 07:00:00\r\nFCC.1LUSHUI.PH,2020-09-07 17:00:00\r\nFCC.1LUSHUI.PH,2020-09-08 07:00:00\r\nFCC.1LUSHUI.PH,2020-09-08 17:00:00\r\nFCC.1LUSHUI.PH,2020-09-09 07:00:00\r\nFCC.1LUSHUI.PH,2020-09-09 17:00:00\r\nFCC.1LUSHUI.PH,2020-09-10 07:00:00\r\nFCC.1LUSHUI.PH,2020-09-10 17:00:00\r\nFCC.1LUSHUI.PH,2020-09-11 07:00:00\r\nFCC.1LUSHUI.PH,2020-09-11 17:00:00\r\nFCC.1LUSHUI.PH,2020-09-12 07:00:00\r\nFCC.1LUSHUI.PH,2020-09-12 17:00:00\r\nFCC.1LUSHUI.PH,2020-09-13 07:00:00\r\nFCC.1LUSHUI.PH,2020-09-13 17:00:00\r\nFCC.1LUSHUI.PH,2020-09-14 07:00:00\r\nFCC.1LUSHUI.PH,2020-09-14 17:00:00\r\nFCC.1LUSHUI.PH,2020-09-15 07:00:00\r\nFCC.1LUSHUI.PH,2020-09-15 17:00:00\r\nFCC.1LUSHUI.PH,2020-09-16 07:00:00\r\nFCC.1LUSHUI.PH,2020-09-16 17:00:00\r\nFCC.1LUSHUI.PH,2020-09-17 07:00:00\r\nFCC.1LUSHUI.PH,2020-09-17 17:00:00\r\nFCC.1LUSHUI.PH,2020-09-18 07:00:00\r\nFCC.1LUSHUI.PH,2020-09-18 17:00:00\r\nFCC.1LUSHUI.PH,2020-09-19 07:00:00\r\nFCC.1LUSHUI.PH,2020-09-19 17:00:00\r\nFCC.1LUSHUI.PH,2020-09-20 07:00:00\r\nFCC.1LUSHUI.PH,2020-09-20 17:00:00\r\nFCC.1LUSHUI.PH,2020-09-21 07:00:00\r\nFCC.1LUSHUI.PH,2020-09-21 17:00:00\r\nFCC.1LUSHUI.PH,2020-09-22 07:00:00\r\nFCC.1LUSHUI.PH,2020-09-22 17:00:00\r\nFCC.1LUSHUI.PH,2020-09-23 07:00:00\r\nFCC.1LUSHUI.PH,2020-09-23 17:00:00\r\nFCC.1LUSHUI.PH,2020-09-24 07:00:00\r\nFCC.1LUSHUI.PH,2020-09-24 17:00:00\r\nFCC.1LUSHUI.PH,2020-09-25 07:00:00\r\nFCC.1LUSHUI.PH,2020-09-25 17:00:00\r\nFCC.1LUSHUI.PH,2020-09-26 07:00:00\r\nFCC.1LUSHUI.PH,2020-09-26 17:00:00\r\nFCC.1LUSHUI.PH,2020-09-27 07:00:00\r\nFCC.1LUSHUI.PH,2020-09-27 17:00:00\r\nFCC.1LUSHUI.PH,2020-09-28 07:00:00\r\nFCC.1LUSHUI.PH,2020-09-28 17:00:00\r\nFCC.1LUSHUI.PH,2020-09-29 07:00:00\r\nFCC.1LUSHUI.PH,2020-09-29 17:00:00\r\nFCC.1LUSHUI.PH,2020-09-30 07:00:00\r\nFCC.1LUSHUI.PH,2020-09-30 17:00:00\r\nFCC.1LUSHUI.PH,2020-10-01 07:00:00\r\nFCC.1LUSHUI.PH,2020-10-01 17:00:00\r\nFCC.1LUSHUI.PH,2020-10-02 07:00:00\r\nFCC.1LUSHUI.PH,2020-10-05 07:00:00\r\nFCC.1LUSHUI.PH,2020-10-02 07:00:00\r\nFCC.1LUSHUI.PH,2020-10-05 07:00:00\r\nFCC.1LUSHUI.PH,2020-10-05 07:00:00\r\nFCC.1LUSHUI.PH,2020-10-07 07:00:00\r\nFCC.1LUSHUI.PH,2020-10-07 07:00:00\r\nFCC.1LUSHUI.PH,2020-10-09 07:00:00\r\nFCC.1LUSHUI.PH,2020-10-09 07:00:00\r\nFCC.1LUSHUI.PH,2020-10-12 07:00:00\r\nFCC.1LUSHUI.PH,2020-10-09 07:00:00\r\nFCC.1LUSHUI.PH,2020-10-12 07:00:00\r\nFCC.1LUSHUI.PH,2020-10-14 07:00:00\r\nFCC.1LUSHUI.PH,2020-10-12 07:00:00\r\nFCC.1LUSHUI.PH,2020-10-14 07:00:00\r\nFCC.1LUSHUI.PH,2020-10-16 07:00:00\r\nFCC.1LUSHUI.PH,2020-10-14 07:00:00\r\nFCC.1LUSHUI.PH,2020-10-16 07:00:00\r\nFCC.1LUSHUI.PH,2020-10-19 07:00:00\r\nFCC.1LUSHUI.PH,2020-10-16 07:00:00\r\nFCC.1LUSHUI.PH,2020-10-19 07:00:00\r\nFCC.1LUSHUI.PH,2020-10-19 07:00:00\r\nFCC.1LUSHUI.PH,2020-10-21 07:00:00\r\nFCC.1LUSHUI.PH,2020-10-21 07:00:00\r\nFCC.1LUSHUI.PH,2020-10-23 07:00:00\r\nFCC.1LUSHUI.PH,2020-10-23 07:00:00\r\nFCC.1LUSHUI.PH,2020-10-26 07:00:00\r\nFCC.1LUSHUI.PH,2020-10-23 07:00:00\r\nFCC.1LUSHUI.PH,2020-10-26 07:00:00\r\nFCC.1LUSHUI.PH,2020-10-28 07:00:00\r\nFCC.1LUSHUI.PH,2020-10-26 07:00:00\r\nFCC.1LUSHUI.PH,2020-10-28 07:00:00\r\nFCC.1LUSHUI.PH,2020-10-30 07:00:00\r\nFCC.1LUSHUI.PH,2020-10-28 07:00:00\r\nFCC.1LUSHUI.PH,2020-10-30 07:00:00\r\nFCC.1LUSHUI.PH,2020-11-02 07:00:00\r\nFCC.1LUSHUI.PH,2020-10-30 07:00:00\r\nFCC.1LUSHUI.PH,2020-11-02 07:00:00\r\nFCC.1LUSHUI.PH,2020-11-02 07:00:00\r\nFCC.1LUSHUI.PH,2020-11-04 07:00:00\r\nFCC.1LUSHUI.PH,2020-11-04 07:00:00\r\nFCC.1LUSHUI.PH,2020-11-06 07:00:00\r\nFCC.1LUSHUI.PH,2020-11-06 07:00:00\r\nFCC.1LUSHUI.PH,2020-11-09 07:00:00\r\nFCC.1LUSHUI.PH,2020-11-06 07:00:00\r\nFCC.1LUSHUI.PH,2020-11-09 07:00:00\r\nFCC.1LUSHUI.PH,2020-11-11 07:00:00\r\nFCC.1LUSHUI.PH,2020-11-09 07:00:00\r\nFCC.1LUSHUI.PH,2020-11-11 07:00:00\r\nFCC.1LUSHUI.PH,2020-11-13 07:00:00\r\nFCC.1LUSHUI.PH,2020-11-11 07:00:00\r\nFCC.1LUSHUI.PH,2020-11-13 07:00:00\r\nFCC.1LUSHUI.PH,2020-11-16 07:00:00\r\nFCC.1LUSHUI.PH,2020-11-13 07:00:00\r\nFCC.1LUSHUI.PH,2020-11-16 07:00:00\r\nFCC.1LUSHUI.PH,2020-11-16 07:00:00\r\nFCC.1LUSHUI.PH,2020-11-18 07:00:00\r\nFCC.1LUSHUI.PH,2020-11-18 07:00:00\r\nFCC.1LUSHUI.PH,2020-11-20 07:00:00\r\nFCC.1LUSHUI.PH,2020-11-20 07:00:00\r\nFCC.1LUSHUI.PH,2020-11-23 07:00:00\r\nFCC.1LUSHUI.PH,2020-11-20 07:00:00\r\nFCC.1LUSHUI.PH,2020-11-23 07:00:00\r\nFCC.1LUSHUI.PH,2020-11-25 07:00:00\r\nFCC.1LUSHUI.PH,2020-11-23 07:00:00\r\nFCC.1LUSHUI.PH,2020-11-25 07:00:00\r\nFCC.1LUSHUI.PH,2020-11-27 07:00:00\r\nFCC.1LUSHUI.PH,2020-11-25 07:00:00\r\nFCC.1LUSHUI.PH,2020-11-27 07:00:00\r\nFCC.1LUSHUI.PH,2020-11-30 07:00:00\r\nFCC.1LUSHUI.PH,2020-11-27 07:00:00\r\nFCC.1LUSHUI.PH,2020-11-30 07:00:00\r\nFCC.1LUSHUI.PH,2020-11-30 07:00:00\r\nFCC.1LUSHUI.PH,2020-12-02 07:00:00\r\nFCC.1LUSHUI.PH,2020-12-02 07:00:00\r\nFCC.1LUSHUI.PH,2020-12-04 07:00:00\r\nFCC.1LUSHUI.PH,2020-12-04 07:00:00\r\nFCC.1LUSHUI.PH,2020-12-07 07:00:00\r\nFCC.1LUSHUI.PH,2020-12-04 07:00:00\r\nFCC.1LUSHUI.PH,2020-12-07 07:00:00\r\nFCC.1LUSHUI.PH,2020-12-09 07:00:00\r\nFCC.1LUSHUI.PH,2020-12-07 07:00:00\r\nFCC.1LUSHUI.PH,2020-12-09 07:00:00\r\nFCC.1LUSHUI.PH,2020-12-11 07:00:00\r\nFCC.1LUSHUI.PH,2020-12-09 07:00:00\r\nFCC.1LUSHUI.PH,2020-12-11 07:00:00\r\nFCC.1LUSHUI.PH,2020-12-14 07:00:00\r\nFCC.1LUSHUI.PH,2020-12-11 07:00:00\r\nFCC.1LUSHUI.PH,2020-12-14 07:00:00\r\nFCC.1LUSHUI.PH,2020-12-14 07:00:00\r\nFCC.1LUSHUI.PH,2020-12-16 07:00:00\r\nFCC.1LUSHUI.PH,2020-12-16 07:00:00\r\nFCC.1LUSHUI.PH,2020-12-18 07:00:00\r\nFCC.1LUSHUI.PH,2020-12-18 07:00:00\r\nFCC.1LUSHUI.PH,2020-12-21 07:00:00\r\nFCC.1LUSHUI.PH,2020-12-18 07:00:00\r\nFCC.1LUSHUI.PH,2020-12-21 07:00:00\r\nFCC.1LUSHUI.PH,2020-12-23 07:00:00\r\nFCC.1LUSHUI.PH,2020-12-21 07:00:00\r\nFCC.1LUSHUI.PH,2020-12-23 07:00:00\r\nFCC.1LUSHUI.PH,2020-12-25 07:00:00\r\nFCC.1LUSHUI.PH,2020-12-23 07:00:00\r\nFCC.1LUSHUI.PH,2020-12-25 07:00:00\r\nFCC.1LUSHUI.PH,2020-12-28 07:00:00\r\nFCC.1LUSHUI.PH,2020-12-25 07:00:00\r\nFCC.1LUSHUI.PH,2020-12-28 07:00:00\r\nFCC.1LUSHUI.PH,2020-12-28 07:00:00\r\nFCC.1LUSHUI.PH,2020-12-30 07:00:00\r\nFCC.1LUSHUI.PH,2020-12-30 07:00:00\r\nFCC.1LUSHUI.PH,2021-01-01 07:00:00\r\nFCC.1LUSHUI.PH,2021-01-01 07:00:00\r\nFCC.1LUSHUI.PH,2021-01-04 07:00:00\r\nFCC.1LUSHUI.PH,2021-01-01 07:00:00\r\nFCC.1LUSHUI.PH,2021-01-04 07:00:00\r\nFCC.1LUSHUI.PH,2021-01-06 07:00:00\r\nFCC.1LUSHUI.PH,2021-01-04 07:00:00\r\nFCC.1LUSHUI.PH,2021-01-06 07:00:00\r\nFCC.1LUSHUI.PH,2021-01-08 07:00:00\r\nFCC.1LUSHUI.PH,2021-01-06 07:00:00\r\nFCC.1LUSHUI.PH,2021-01-08 07:00:00\r\nFCC.1LUSHUI.PH,2021-01-11 07:00:00\r\nFCC.1LUSHUI.PH,2021-01-08 07:00:00\r\nFCC.1LUSHUI.PH,2021-01-11 07:00:00\r\nFCC.1LUSHUI.PH,2021-01-11 07:00:00\r\nFCC.1LUSHUI.PH,2021-01-13 07:00:00\r\nFCC.1LUSHUI.PH,2021-01-13 07:00:00\r\nFCC.1LUSHUI.PH,2021-01-15 07:00:00\r\nFCC.1LUSHUI.PH,2021-01-15 07:00:00\r\nFCC.1LUSHUI.PH,2021-01-18 07:00:00\r\nFCC.1LUSHUI.PH,2021-01-15 07:00:00\r\nFCC.1LUSHUI.PH,2021-01-18 07:00:00\r\nFCC.1LUSHUI.PH,2021-01-20 07:00:00\r\nFCC.1LUSHUI.PH,2021-01-18 07:00:00\r\nFCC.1LUSHUI.PH,2021-01-20 07:00:00\r\nFCC.1LUSHUI.PH,2021-01-22 07:00:00\r\nFCC.1LUSHUI.PH,2021-01-20 07:00:00\r\nFCC.1LUSHUI.PH,2021-01-22 07:00:00\r\nFCC.1LUSHUI.PH,2021-01-25 07:00:00\r\nFCC.1LUSHUI.PH,2021-01-22 07:00:00\r\nFCC.1LUSHUI.PH,2021-01-25 07:00:00\r\nFCC.1LUSHUI.PH,2021-01-25 07:00:00\r\nFCC.1LUSHUI.PH,2021-01-27 07:00:00\r\nFCC.1LUSHUI.PH,2021-01-27 07:00:00\r\nFCC.1LUSHUI.PH,2021-01-29 07:00:00\r\nFCC.1LUSHUI.PH,2021-01-29 07:00:00\r\nFCC.1LUSHUI.PH,2021-02-01 07:00:00\r\nFCC.1LUSHUI.PH,2021-01-29 07:00:00\r\nFCC.1LUSHUI.PH,2021-02-01 07:00:00\r\nFCC.1LUSHUI.PH,2021-02-03 07:00:00\r\nFCC.1LUSHUI.PH,2021-02-01 07:00:00\r\nFCC.1LUSHUI.PH,2021-02-03 07:00:00\r\nFCC.1LUSHUI.PH,2021-02-05 07:00:00\r\nFCC.1LUSHUI.PH,2021-02-03 07:00:00\r\nFCC.1LUSHUI.PH,2021-02-05 07:00:00\r\nFCC.1LUSHUI.PH,2021-02-08 07:00:00\r\nFCC.1LUSHUI.PH,2021-02-05 07:00:00\r\nFCC.1LUSHUI.PH,2021-02-08 07:00:00\r\nFCC.1LUSHUI.PH,2021-02-08 07:00:00\r\nFCC.1LUSHUI.PH,2021-02-10 07:00:00\r\nFCC.1LUSHUI.PH,2021-02-10 07:00:00\r\nFCC.1LUSHUI.PH,2021-02-12 07:00:00\r\nFCC.1LUSHUI.PH,2021-02-12 07:00:00\r\nFCC.1LUSHUI.PH,2021-02-15 07:00:00\r\nFCC.1LUSHUI.PH,2021-02-12 07:00:00\r\nFCC.1LUSHUI.PH,2021-02-15 07:00:00\r\nFCC.1LUSHUI.PH,2021-02-17 07:00:00\r\nFCC.1LUSHUI.PH,2021-02-15 07:00:00\r\nFCC.1LUSHUI.PH,2021-02-17 07:00:00\r\nFCC.1LUSHUI.PH,2021-02-19 07:00:00\r\nFCC.1LUSHUI.PH,2021-02-17 07:00:00\r\nFCC.1LUSHUI.PH,2021-02-19 07:00:00\r\nFCC.1LUSHUI.PH,2021-02-22 07:00:00\r\nFCC.1LUSHUI.PH,2021-02-19 07:00:00\r\nFCC.1LUSHUI.PH,2021-02-22 07:00:00\r\nFCC.1LUSHUI.PH,2021-02-22 07:00:00\r\nFCC.1LUSHUI.PH,2021-02-24 07:00:00\r\nFCC.1LUSHUI.PH,2021-02-24 07:00:00\r\nFCC.1LUSHUI.PH,2021-02-26 07:00:00\r\nFCC.1LUSHUI.PH,2021-02-26 07:00:00\r\nFCC.1LUSHUI.PH,2021-03-01 07:00:00\r\nFCC.1LUSHUI.PH,2021-02-26 07:00:00\r\nFCC.1LUSHUI.PH,2021-03-01 07:00:00\r\nFCC.1LUSHUI.PH,2021-03-03 07:00:00\r\nFCC.1LUSHUI.PH,2021-03-01 07:00:00\r\nFCC.1LUSHUI.PH,2021-03-03 07:00:00\r\nFCC.1LUSHUI.PH,2021-03-05 07:00:00\r\nFCC.1LUSHUI.PH,2021-03-03 07:00:00\r\nFCC.1LUSHUI.PH,2021-03-05 07:00:00\r\nFCC.1LUSHUI.PH,2021-03-08 07:00:00\r\nFCC.1LUSHUI.PH,2021-03-05 07:00:00\r\nFCC.1LUSHUI.PH,2021-03-08 07:00:00\r\nFCC.1LUSHUI.PH,2021-03-08 07:00:00\r\nFCC.1LUSHUI.PH,2021-03-10 07:00:00\r\nFCC.1LUSHUI.PH,2021-03-10 07:00:00\r\nFCC.1LUSHUI.PH,2021-03-12 07:00:00\r\nFCC.1LUSHUI.PH,2021-03-12 07:00:00\r\nFCC.1LUSHUI.PH,2021-03-15 07:00:00\r\nFCC.1LUSHUI.PH,2021-03-12 07:00:00\r\nFCC.1LUSHUI.PH,2021-03-15 07:00:00\r\nFCC.1LUSHUI.PH,2021-03-17 07:00:00\r\nFCC.1LUSHUI.PH,2021-03-15 07:00:00\r\nFCC.1LUSHUI.PH,2021-03-17 07:00:00\r\nFCC.1LUSHUI.PH,2021-03-19 07:00:00\r\nFCC.1LUSHUI.PH,2021-03-17 07:00:00\r\nFCC.1LUSHUI.PH,2021-03-19 07:00:00\r\nFCC.1LUSHUI.PH,2021-03-22 07:00:00\r\nFCC.1LUSHUI.PH,2021-03-19 07:00:00\r\nFCC.1LUSHUI.PH,2021-03-22 07:00:00\r\nFCC.1LUSHUI.PH,2021-03-22 07:00:00\r\nFCC.1LUSHUI.PH,2021-03-24 07:00:00\r\nFCC.1LUSHUI.PH,2021-03-24 07:00:00\r\nFCC.1LUSHUI.PH,2021-03-26 07:00:00\r\nFCC.1LUSHUI.PH,2021-03-26 07:00:00\r\nFCC.1LUSHUI.PH,2021-03-29 07:00:00\r\nFCC.1LUSHUI.PH,2021-03-26 07:00:00\r\nFCC.1LUSHUI.PH,2021-03-29 07:00:00\r\nFCC.1LUSHUI.PH,2021-03-31 07:00:00\r\nFCC.1LUSHUI.PH,2021-03-29 07:00:00\r\nFCC.1LUSHUI.PH,2021-03-31 07:00:00\r\nFCC.1LUSHUI.PH,2021-04-02 07:00:00\r\nFCC.1LUSHUI.PH,2021-03-31 07:00:00\r\nFCC.1LUSHUI.PH,2021-04-02 07:00:00\r\nFCC.1LUSHUI.PH,2021-04-04 07:00:00\r\nFCC.1LUSHUI.PH,2021-04-02 07:00:00\r\nFCC.1LUSHUI.PH,2021-04-04 07:00:00\r\nFCC.1LUSHUI.PH,2021-04-07 07:00:00\r\nFCC.1LUSHUI.PH,2021-04-04 07:00:00\r\nFCC.1LUSHUI.PH,2021-04-07 07:00:00\r\nFCC.1LUSHUI.PH,2021-04-07 07:00:00\r\nFCC.1LUSHUI.PH,2021-04-09 07:00:00\r\nFCC.1LUSHUI.PH,2021-04-09 07:00:00\r\nFCC.1LUSHUI.PH,2021-04-12 07:00:00\r\nFCC.1LUSHUI.PH,2021-04-09 07:00:00\r\nFCC.1LUSHUI.PH,2021-04-12 07:00:00\r\nFCC.1LUSHUI.PH,2021-04-14 07:00:00\r\nFCC.1LUSHUI.PH,2021-04-12 07:00:00\r\nFCC.1LUSHUI.PH,2021-04-14 07:00:00\r\nFCC.1LUSHUI.PH,2021-04-16 07:00:00\r\nFCC.1LUSHUI.PH,2021-04-14 07:00:00\r\nFCC.1LUSHUI.PH,2021-04-16 07:00:00\r\nFCC.1LUSHUI.PH,2021-04-19 07:00:00\r\nFCC.1LUSHUI.PH,2021-04-16 07:00:00\r\nFCC.1LUSHUI.PH,2021-04-19 07:00:00\r\nFCC.1LUSHUI.PH,2021-04-19 07:00:00\r\nFCC.1LUSHUI.PH,2021-04-21 07:00:00\r\nFCC.1LUSHUI.PH,2021-04-21 07:00:00\r\nFCC.1LUSHUI.PH,2021-04-23 07:00:00\r\nFCC.1LUSHUI.PH,2021-04-23 07:00:00\r\nFCC.1LUSHUI.PH,2021-04-26 07:00:00\r\nFCC.1LUSHUI.PH,2021-04-23 07:00:00\r\nFCC.1LUSHUI.PH,2021-04-26 07:00:00\r\nFCC.1LUSHUI.PH,2021-04-28 07:00:00\r\nFCC.1LUSHUI.PH,2021-04-26 07:00:00\r\nFCC.1LUSHUI.PH,2021-04-28 07:00:00\r\nFCC.1LUSHUI.PH,2021-04-30 07:00:00\r\nFCC.1LUSHUI.PH,2021-04-28 07:00:00\r\nFCC.1LUSHUI.PH,2021-04-30 07:00:00\r\nFCC.1LUSHUI.PH,2021-05-03 07:00:00\r\nFCC.1LUSHUI.PH,2021-04-30 07:00:00\r\nFCC.1LUSHUI.PH,2021-05-03 07:00:00\r\nFCC.1LUSHUI.PH,2021-05-03 07:00:00\r\nFCC.1LUSHUI.PH,2021-05-05 07:00:00\r\nFCC.1LUSHUI.PH,2021-05-05 07:00:00\r\nFCC.1LUSHUI.PH,2021-05-07 07:00:00\r\nFCC.1LUSHUI.PH,2021-05-07 07:00:00\r\nFCC.1LUSHUI.PH,2021-05-10 07:00:00\r\nFCC.1LUSHUI.PH,2021-05-07 07:00:00\r\nFCC.1LUSHUI.PH,2021-05-10 07:00:00\r\nFCC.1LUSHUI.PH,2021-05-12 07:00:00\r\nFCC.1LUSHUI.PH,2021-05-10 07:00:00\r\nFCC.1LUSHUI.PH,2021-05-12 07:00:00\r\nFCC.1LUSHUI.PH,2021-05-14 07:00:00\r\nFCC.1LUSHUI.PH,2021-05-12 07:00:00\r\nFCC.1LUSHUI.PH,2021-05-14 07:00:00\r\nFCC.1LUSHUI.PH,2021-05-17 07:00:00\r\nFCC.1LUSHUI.PH,2021-05-14 07:00:00\r\nFCC.1LUSHUI.PH,2021-05-17 07:00:00\r\nFCC.1LUSHUI.PH,2021-05-17 07:00:00\r\nFCC.1LUSHUI.PH,2021-05-19 07:00:00\r\nFCC.1LUSHUI.PH,2021-05-19 07:00:00\r\nFCC.1LUSHUI.PH,2021-05-21 07:00:00\r\nFCC.1LUSHUI.PH,2021-05-21 07:00:00\r\nFCC.1LUSHUI.PH,2021-05-24 07:00:00\r\nFCC.1LUSHUI.PH,2021-05-21 07:00:00\r\nFCC.1LUSHUI.PH,2021-05-24 07:00:00\r\nFCC.1LUSHUI.PH,2021-05-26 07:00:00\r\nFCC.1LUSHUI.PH,2021-05-24 07:00:00\r\nFCC.1LUSHUI.PH,2021-05-26 07:00:00\r\nFCC.1LUSHUI.PH,2021-05-28 07:00:00\r\nFCC.1LUSHUI.PH,2021-05-26 07:00:00\r\nFCC.1LUSHUI.PH,2021-05-28 07:00:00\r\nFCC.1LUSHUI.PH,2021-05-31 07:00:00\r\nFCC.1LUSHUI.PH,2021-05-28 07:00:00\r\nFCC.1LUSHUI.PH,2021-05-31 07:00:00\r\nFCC.1LUSHUI.PH,2021-05-31 07:00:00\r\nFCC.1LUSHUI.PH,2021-06-02 07:00:00\r\nFCC.1LUSHUI.PH,2021-06-02 07:00:00\r\nFCC.1LUSHUI.PH,2021-06-04 07:00:00\r\nFCC.1LUSHUI.PH,2021-06-04 07:00:00\r\nFCC.1LUSHUI.PH,2021-06-07 07:00:00\r\nFCC.1LUSHUI.PH,2021-06-04 07:00:00\r\nFCC.1LUSHUI.PH,2021-06-07 07:00:00\r\nFCC.1LUSHUI.PH,2021-06-09 07:00:00\r\nFCC.1LUSHUI.PH,2021-06-07 07:00:00\r\nFCC.1LUSHUI.PH,2021-06-09 07:00:00\r\nFCC.1LUSHUI.PH,2021-06-11 07:00:00\r\nFCC.1LUSHUI.PH,2021-06-09 07:00:00\r\nFCC.1LUSHUI.PH,2021-06-11 07:00:00\r\nFCC.1LUSHUI.PH,2021-06-14 07:00:00\r\nFCC.1LUSHUI.PH,2021-06-11 07:00:00\r\nFCC.1LUSHUI.PH,2021-06-14 07:00:00\r\nFCC.1LUSHUI.PH,2021-06-14 07:00:00\r\nFCC.1LUSHUI.PH,2021-06-16 07:00:00\r\nFCC.1LUSHUI.PH,2021-06-16 07:00:00\r\nFCC.1LUSHUI.PH,2021-06-18 07:00:00\r\nFCC.1LUSHUI.PH,2021-06-18 07:00:00\r\nFCC.1LUSHUI.PH,2021-06-21 07:00:00\r\nFCC.1LUSHUI.PH,2021-06-18 07:00:00\r\nFCC.1LUSHUI.PH,2021-06-21 07:00:00\r\nFCC.1LUSHUI.PH,2021-06-23 07:00:00\r\nFCC.1LUSHUI.PH,2021-06-21 07:00:00\r\nFCC.1LUSHUI.PH,2021-06-23 07:00:00\r\nFCC.1LUSHUI.PH,2021-06-25 07:00:00\r\nFCC.1LUSHUI.PH,2021-06-23 07:00:00\r\nFCC.1LUSHUI.PH,2021-06-25 07:00:00\r\nFCC.1LUSHUI.PH,2021-06-28 07:00:00\r\nFCC.1LUSHUI.PH,2021-06-25 07:00:00\r\nFCC.1LUSHUI.PH,2021-06-28 07:00:00\r\nFCC.1LUSHUI.PH,2021-06-28 07:00:00\r\nFCC.1LUSHUI.PH,2021-06-30 07:00:00\r\nFCC.1LUSHUI.PH,2021-06-30 07:00:00\r\nFCC.1LUSHUI.PH,2021-07-02 07:00:00\r\nFCC.1LUSHUI.PH,2021-07-02 07:00:00\r\nFCC.1LUSHUI.PH,2021-07-05 07:00:00\r\nFCC.1LUSHUI.PH,2021-07-02 07:00:00\r\nFCC.1LUSHUI.PH,2021-07-05 07:00:00\r\nFCC.1LUSHUI.PH,2021-07-07 07:00:00\r\nFCC.1LUSHUI.PH,2021-07-05 07:00:00\r\nFCC.1LUSHUI.PH,2021-07-07 07:00:00\r\nFCC.1LUSHUI.PH,2021-07-09 07:00:00\r\nFCC.1LUSHUI.PH,2021-07-07 07:00:00\r\nFCC.1LUSHUI.PH,2021-07-09 07:00:00\r\nFCC.1LUSHUI.PH,2021-07-12 07:00:00\r\nFCC.1LUSHUI.PH,2021-07-09 07:00:00\r\nFCC.1LUSHUI.PH,2021-07-12 07:00:00\r\nFCC.1LUSHUI.PH,2021-07-12 07:00:00\r\nFCC.1LUSHUI.PH,2021-07-14 07:00:00\r\nFCC.1LUSHUI.PH,2021-07-14 07:00:00\r\nFCC.1LUSHUI.PH,2021-07-16 07:00:00\r\nFCC.1LUSHUI.PH,2021-07-16 07:00:00\r\nFCC.1LUSHUI.PH,2021-07-19 07:00:00\r\nFCC.1LUSHUI.PH,2021-07-16 07:00:00\r\nFCC.1LUSHUI.PH,2021-07-19 07:00:00\r\nFCC.1LUSHUI.PH,2021-07-21 07:00:00\r\nFCC.1LUSHUI.PH,2021-07-19 07:00:00\r\nFCC.1LUSHUI.PH,2021-07-21 07:00:00\r\nFCC.1LUSHUI.PH,2021-07-23 07:00:00\r\nFCC.1LUSHUI.PH,2021-07-21 07:00:00\r\nFCC.1LUSHUI.PH,2021-07-23 07:00:00\r\nFCC.1LUSHUI.PH,2021-07-26 07:00:00\r\nFCC.1LUSHUI.PH,2021-07-23 07:00:00\r\nFCC.1LUSHUI.PH,2021-07-26 07:00:00\r\nFCC.1LUSHUI.PH,2021-07-26 07:00:00\r\nFCC.1LUSHUI.PH,2021-07-28 07:00:00\r\nFCC.1LUSHUI.PH,2021-07-28 07:00:00\r\nFCC.1LUSHUI.PH,2021-07-30 07:00:00\r\nFCC.1LUSHUI.PH,2021-07-30 07:00:00\r\nFCC.1LUSHUI.PH,2021-08-02 07:00:00\r\nFCC.1LUSHUI.PH,2021-07-30 07:00:00\r\nFCC.1LUSHUI.PH,2021-08-02 07:00:00\r\nFCC.1LUSHUI.PH,2021-08-04 07:00:00\r\nFCC.1LUSHUI.PH,2021-08-02 07:00:00\r\nFCC.1LUSHUI.PH,2021-08-04 07:00:00\r\nFCC.1LUSHUI.PH,2021-08-06 07:00:00\r\nFCC.1LUSHUI.PH,2021-08-04 07:00:00\r\nFCC.1LUSHUI.PH,2021-08-06 07:00:00\r\nFCC.1LUSHUI.PH,2021-08-09 07:00:00\r\nFCC.1LUSHUI.PH,2021-08-06 07:00:00\r\nFCC.1LUSHUI.PH,2021-08-09 07:00:00\r\nFCC.1LUSHUI.PH,2021-08-09 07:00:00\r\nFCC.1LUSHUI.PH,2021-08-11 07:00:00\r\nFCC.1LUSHUI.PH,2021-08-11 07:00:00\r\nFCC.1LUSHUI.PH,2021-08-13 07:00:00\r\nFCC.1LUSHUI.PH,2021-08-13 07:00:00\r\nFCC.1LUSHUI.PH,2021-08-16 07:00:00\r\nFCC.1LUSHUI.PH,2021-08-13 07:00:00\r\nFCC.1LUSHUI.PH,2021-08-16 07:00:00\r\nFCC.1LUSHUI.PH,2021-08-18 07:00:00\r\nFCC.1LUSHUI.PH,2021-08-16 07:00:00\r\nFCC.1LUSHUI.PH,2021-08-18 07:00:00\r\nFCC.1LUSHUI.PH,2021-08-20 07:00:00\r\nFCC.1LUSHUI.PH,2021-08-18 07:00:00\r\nFCC.1LUSHUI.PH,2021-08-20 07:00:00\r\nFCC.1LUSHUI.PH,2021-08-23 07:00:00\r\nFCC.1LUSHUI.PH,2021-08-20 07:00:00\r\nFCC.1LUSHUI.PH,2021-08-23 07:00:00\r\nFCC.1LUSHUI.PH,2021-08-23 07:00:00\r\nFCC.1LUSHUI.PH,2021-08-25 07:00:00\r\nFCC.1LUSHUI.PH,2021-08-25 07:00:00\r\nFCC.1LUSHUI.PH,2021-08-27 07:00:00\r\nFCC.1LUSHUI.PH,2021-08-27 07:00:00\r\nFCC.1LUSHUI.PH,2021-08-30 07:00:00\r\nFCC.1LUSHUI.PH,2021-08-27 07:00:00\r\nFCC.1LUSHUI.PH,2021-08-30 07:00:00\r\nFCC.1LUSHUI.PH,2021-09-01 07:00:00\r\nFCC.1LUSHUI.PH,2021-08-30 07:00:00\r\nFCC.1LUSHUI.PH,2021-09-01 07:00:00\r\nFCC.1LUSHUI.PH,2021-09-03 07:00:00\r\nFCC.1LUSHUI.PH,2021-09-01 07:00:00\r\nFCC.1LUSHUI.PH,2021-09-03 07:00:00\r\nFCC.1LUSHUI.PH,2021-09-06 07:00:00\r\nFCC.1LUSHUI.PH,2021-09-03 07:00:00\r\nFCC.1LUSHUI.PH,2021-09-06 07:00:00\r\nFCC.1LUSHUI.PH,2021-09-06 07:00:00\r\nFCC.1LUSHUI.PH,2021-09-08 07:00:00\r\nFCC.1LUSHUI.PH,2021-09-08 07:00:00\r\nFCC.1LUSHUI.PH,2021-09-10 07:00:00\r\nFCC.1LUSHUI.PH,2021-09-10 07:00:00\r\nFCC.1LUSHUI.PH,2021-09-13 07:00:00\r\nFCC.1LUSHUI.PH,2021-09-10 07:00:00\r\nFCC.1LUSHUI.PH,2021-09-13 07:00:00\r\nFCC.1LUSHUI.PH,2021-09-15 07:00:00\r\nFCC.1LUSHUI.PH,2021-09-13 07:00:00\r\nFCC.1LUSHUI.PH,2021-09-15 07:00:00\r\nFCC.1LUSHUI.PH,2021-09-17 07:00:00\r\nFCC.1LUSHUI.PH,2021-09-15 07:00:00\r\nFCC.1LUSHUI.PH,2021-09-17 07:00:00\r\nFCC.1LUSHUI.PH,2021-09-20 07:00:00\r\nFCC.1LUSHUI.PH,2021-09-17 07:00:00\r\nFCC.1LUSHUI.PH,2021-09-20 07:00:00\r\nFCC.1LUSHUI.PH,2021-09-20 07:00:00\r\nFCC.1LUSHUI.PH,2021-09-22 07:00:00\r\nFCC.1LUSHUI.PH,2021-09-22 07:00:00\r\nFCC.1LUSHUI.PH,2021-09-24 07:00:00\r\nFCC.1LUSHUI.PH,2021-09-24 07:00:00\r\nFCC.1LUSHUI.PH,2021-09-27 07:00:00\r\nFCC.1LUSHUI.PH,2021-09-24 07:00:00\r\nFCC.1LUSHUI.PH,2021-09-27 07:00:00\r\nFCC.1LUSHUI.PH,2021-09-29 07:00:00\r\nFCC.1LUSHUI.PH,2021-09-27 07:00:00\r\nFCC.1LUSHUI.PH,2021-09-29 07:00:00\r\nFCC.1LUSHUI.PH,2021-10-01 07:00:00\r\nFCC.1LUSHUI.PH,2021-09-29 07:00:00\r\nFCC.1LUSHUI.PH,2021-10-01 07:00:00\r\nFCC.1LUSHUI.PH,2021-10-02 07:00:00\r\nFCC.1LUSHUI.PH,2021-10-02 07:00:00\r\nFCC.1LUSHUI.PH,2021-10-06 07:00:00\r\nFCC.1LUSHUI.PH,2021-10-02 07:00:00\r\nFCC.1LUSHUI.PH,2021-10-06 07:00:00\r\nFCC.1LUSHUI.PH,2021-10-06 07:00:00\r\nFCC.1LUSHUI.PH,2021-10-08 07:00:00\r\nFCC.1LUSHUI.PH,2021-10-08 07:00:00\r\nFCC.1LUSHUI.PH,2021-10-11 07:00:00\r\nFCC.1LUSHUI.PH,2021-10-08 07:00:00\r\nFCC.1LUSHUI.PH,2021-10-11 07:00:00\r\nFCC.1LUSHUI.PH,2021-10-13 07:00:00\r\nFCC.1LUSHUI.PH,2021-10-11 07:00:00\r\nFCC.1LUSHUI.PH,2021-10-13 07:00:00\r\nFCC.1LUSHUI.PH,2021-10-15 07:00:00\r\nFCC.1LUSHUI.PH,2021-10-13 07:00:00\r\nFCC.1LUSHUI.PH,2021-10-15 07:00:00\r\nFCC.1LUSHUI.PH,2021-10-18 07:00:00\r\nFCC.1LUSHUI.PH,2021-10-15 07:00:00\r\nFCC.1LUSHUI.PH,2021-10-18 07:00:00\r\nFCC.1LUSHUI.PH,2021-10-18 07:00:00\r\nFCC.1LUSHUI.PH,2021-10-20 07:00:00\r\nFCC.1LUSHUI.PH,2021-10-20 07:00:00\r\nFCC.1LUSHUI.PH,2021-10-22 07:00:00\r\nFCC.1LUSHUI.PH,2021-10-22 07:00:00\r\nFCC.1LUSHUI.PH,2021-10-25 07:00:00\r\nFCC.1LUSHUI.PH,2021-10-22 07:00:00\r\nFCC.1LUSHUI.PH,2021-10-25 07:00:00\r\nFCC.1LUSHUI.PH,2021-10-27 07:00:00\r\nFCC.1LUSHUI.PH,2021-10-25 07:00:00\r\nFCC.1LUSHUI.PH,2021-10-27 07:00:00\r\nFCC.1LUSHUI.PH,2021-10-29 07:00:00\r\nFCC.1LUSHUI.PH,2021-10-27 07:00:00\r\nFCC.1LUSHUI.PH,2021-10-29 07:00:00\r\nFCC.1LUSHUI.PH,2021-11-01 07:00:00\r\nFCC.1LUSHUI.PH,2021-10-29 07:00:00\r\nFCC.1LUSHUI.PH,2021-11-01 07:00:00\r\nFCC.1LUSHUI.PH,2021-11-01 07:00:00\r\nFCC.1LUSHUI.PH,2021-11-03 07:00:00\r\nFCC.1LUSHUI.PH,2021-11-03 07:00:00\r\nFCC.1LUSHUI.PH,2021-11-05 07:00:00\r\nFCC.1LUSHUI.PH,2021-11-05 07:00:00\r\nFCC.1LUSHUI.PH,2021-11-08 07:00:00\r\nFCC.1LUSHUI.PH,2021-11-05 07:00:00\r\nFCC.1LUSHUI.PH,2021-11-08 07:00:00\r\nFCC.1LUSHUI.PH,2021-11-10 07:00:00\r\nFCC.1LUSHUI.PH,2021-11-08 07:00:00\r\nFCC.1LUSHUI.PH,2021-11-10 07:00:00\r\nFCC.1LUSHUI.PH,2021-11-12 07:00:00\r\nFCC.1LUSHUI.PH,2021-11-10 07:00:00\r\nFCC.1LUSHUI.PH,2021-11-12 07:00:00\r\nFCC.1LUSHUI.PH,2021-11-15 07:00:00\r\nFCC.1LUSHUI.PH,2021-11-12 07:00:00\r\nFCC.1LUSHUI.PH,2021-11-15 07:00:00\r\nFCC.1LUSHUI.PH,2021-11-15 07:00:00\r\nFCC.1LUSHUI.PH,2021-11-17 07:00:00\r\nFCC.1LUSHUI.PH,2021-11-17 07:00:00\r\nFCC.1LUSHUI.PH,2021-11-19 07:00:00\r\nFCC.1LUSHUI.PH,2021-11-19 07:00:00\r\nFCC.1LUSHUI.PH,2021-11-22 07:00:00\r\nFCC.1LUSHUI.PH,2021-11-19 07:00:00\r\nFCC.1LUSHUI.PH,2021-11-22 07:00:00\r\nFCC.1LUSHUI.PH,2021-11-24 07:00:00\r\nFCC.1LUSHUI.PH,2021-11-22 07:00:00\r\nFCC.1LUSHUI.PH,2021-11-24 07:00:00\r\nFCC.1LUSHUI.PH,2021-11-26 07:00:00\r\nFCC.1LUSHUI.PH,2021-11-24 07:00:00\r\nFCC.1LUSHUI.PH,2021-11-26 07:00:00\r\nFCC.1LUSHUI.PH,2021-11-29 07:00:00\r\nFCC.1LUSHUI.PH,2021-11-26 07:00:00\r\nFCC.1LUSHUI.PH,2021-11-29 07:00:00\r\nFCC.1LUSHUI.PH,2021-11-29 07:00:00\r\nFCC.1LUSHUI.PH,2021-12-01 07:00:00\r\nFCC.1LUSHUI.PH,2021-12-01 07:00:00\r\nFCC.1LUSHUI.PH,2021-12-03 07:00:00\r\nFCC.1LUSHUI.PH,2021-12-03 07:00:00\r\nFCC.1LUSHUI.PH,2021-12-06 07:00:00\r\nFCC.1LUSHUI.PH,2021-12-03 07:00:00\r\nFCC.1LUSHUI.PH,2021-12-06 07:00:00\r\nFCC.1LUSHUI.PH,2021-12-08 07:00:00\r\nFCC.1LUSHUI.PH,2021-12-06 07:00:00\r\nFCC.1LUSHUI.PH,2021-12-08 07:00:00\r\nFCC.1LUSHUI.PH,2021-12-10 07:00:00\r\nFCC.1LUSHUI.PH,2021-12-08 07:00:00\r\nFCC.1LUSHUI.PH,2021-12-10 07:00:00\r\nFCC.1LUSHUI.PH,2021-12-13 07:00:00\r\nFCC.1LUSHUI.PH,2021-12-10 07:00:00\r\nFCC.1LUSHUI.PH,2021-12-13 07:00:00\r\nFCC.1LUSHUI.PH,2021-12-13 07:00:00\r\nFCC.1LUSHUI.PH,2021-12-15 07:00:00\r\nFCC.1LUSHUI.PH,2021-12-15 07:00:00\r\nFCC.1LUSHUI.PH,2021-12-17 07:00:00\r\nFCC.1LUSHUI.PH,2021-12-17 07:00:00\r\nFCC.1LUSHUI.PH,2021-12-20 07:00:00\r\nFCC.1LUSHUI.PH,2021-12-17 07:00:00\r\nFCC.1LUSHUI.PH,2021-12-20 07:00:00\r\nFCC.1LUSHUI.PH,2021-12-22 07:00:00\r\nFCC.1LUSHUI.PH,2021-12-20 07:00:00\r\nFCC.1LUSHUI.PH,2021-12-22 07:00:00\r\nFCC.1LUSHUI.PH,2021-12-24 07:00:00\r\nFCC.1LUSHUI.PH,2021-12-22 07:00:00\r\nFCC.1LUSHUI.PH,2021-12-24 07:00:00\r\nFCC.1LUSHUI.PH,2021-12-27 07:00:00\r\nFCC.1LUSHUI.PH,2021-12-24 07:00:00\r\nFCC.1LUSHUI.PH,2021-12-27 07:00:00\r\nFCC.1LUSHUI.PH,2021-12-27 07:00:00\r\nFCC.1LUSHUI.PH,2021-12-29 07:00:00\r\nFCC.1LUSHUI.PH,2021-12-29 07:00:00\r\nFCC.1LUSHUI.PH,2021-12-31 07:00:00\r\nFCC.1LUSHUI.PH,2021-12-31 07:00:00\r\nFCC.1LUSHUI.PH,2022-01-03 07:00:00\r\nFCC.1LUSHUI.PH,2021-12-31 07:00:00\r\nFCC.1LUSHUI.PH,2022-01-03 07:00:00\r\nFCC.1LUSHUI.PH,2022-01-05 07:00:00\r\nFCC.1LUSHUI.PH,2022-01-03 07:00:00\r\nFCC.1LUSHUI.PH,2022-01-05 07:00:00\r\nFCC.1LUSHUI.PH,2022-01-07 07:00:00\r\nFCC.1LUSHUI.PH,2022-01-05 07:00:00\r\nFCC.1LUSHUI.PH,2022-01-07 07:00:00\r\nFCC.1LUSHUI.PH,2022-01-10 07:00:00\r\nFCC.1LUSHUI.PH,2022-01-07 07:00:00\r\nFCC.1LUSHUI.PH,2022-01-10 07:00:00\r\nFCC.1LUSHUI.PH,2022-01-10 07:00:00\r\nFCC.1LUSHUI.PH,2022-01-12 07:00:00\r\nFCC.1LUSHUI.PH,2022-01-12 07:00:00\r\nFCC.1LUSHUI.PH,2022-01-14 07:00:00\r\nFCC.1LUSHUI.PH,2022-01-14 07:00:00\r\nFCC.1LUSHUI.PH,2022-01-17 07:00:00\r\nFCC.1LUSHUI.PH,2022-01-14 07:00:00\r\nFCC.1LUSHUI.PH,2022-01-17 07:00:00\r\nFCC.1LUSHUI.PH,2022-01-19 07:00:00\r\nFCC.1LUSHUI.PH,2022-01-17 07:00:00\r\nFCC.1LUSHUI.PH,2022-01-19 07:00:00\r\nFCC.1LUSHUI.PH,2022-01-21 07:00:00\r\nFCC.1LUSHUI.PH,2022-01-19 07:00:00\r\nFCC.1LUSHUI.PH,2022-01-21 07:00:00\r\nFCC.1LUSHUI.PH,2022-01-24 07:00:00\r\nFCC.1LUSHUI.PH,2022-01-21 07:00:00\r\nFCC.1LUSHUI.PH,2022-01-24 07:00:00\r\nFCC.1LUSHUI.PH,2022-01-24 07:00:00\r\nFCC.1LUSHUI.PH,2022-01-26 07:00:00\r\nFCC.1LUSHUI.PH,2022-01-26 07:00:00\r\nFCC.1LUSHUI.PH,2022-01-28 07:00:00\r\nFCC.1LUSHUI.PH,2022-01-28 07:00:00\r\nFCC.1LUSHUI.PH,2022-01-31 07:00:00\r\nFCC.1LUSHUI.PH,2022-01-28 07:00:00\r\nFCC.1LUSHUI.PH,2022-01-31 07:00:00\r\nFCC.1LUSHUI.PH,2022-02-02 07:00:00\r\nFCC.1LUSHUI.PH,2022-01-31 07:00:00\r\nFCC.1LUSHUI.PH,2022-02-02 07:00:00\r\nFCC.1LUSHUI.PH,2022-02-04 07:00:00\r\nFCC.1LUSHUI.PH,2022-02-02 07:00:00\r\nFCC.1LUSHUI.PH,2022-02-04 07:00:00\r\nFCC.1LUSHUI.PH,2022-02-07 07:00:00\r\nFCC.1LUSHUI.PH,2022-02-04 07:00:00\r\nFCC.1LUSHUI.PH,2022-02-07 07:00:00\r\nFCC.1LUSHUI.PH,2022-02-07 07:00:00\r\nFCC.1LUSHUI.PH,2022-02-09 07:00:00\r\nFCC.1LUSHUI.PH,2022-02-09 07:00:00\r\nFCC.1LUSHUI.PH,2022-02-11 07:00:00\r\nFCC.1LUSHUI.PH,2022-02-11 07:00:00\r\nFCC.1LUSHUI.PH,2022-02-14 07:00:00\r\nFCC.1LUSHUI.PH,2022-02-11 07:00:00\r\nFCC.1LUSHUI.PH,2022-02-14 07:00:00\r\nFCC.1LUSHUI.PH,2022-02-16 07:00:00\r\nFCC.1LUSHUI.PH,2022-02-14 07:00:00\r\nFCC.1LUSHUI.PH,2022-02-16 07:00:00\r\nFCC.1LUSHUI.PH,2022-02-18 07:00:00\r\nFCC.1LUSHUI.PH,2022-02-16 07:00:00\r\nFCC.1LUSHUI.PH,2022-02-18 07:00:00\r\nFCC.1LUSHUI.PH,2022-02-21 07:00:00\r\nFCC.1LUSHUI.PH,2022-02-18 07:00:00\r\nFCC.1LUSHUI.PH,2022-02-21 07:00:00\r\nFCC.1LUSHUI.PH,2022-02-21 07:00:00\r\nFCC.1LUSHUI.PH,2022-02-23 07:00:00\r\nFCC.1LUSHUI.PH,2022-02-23 07:00:00\r\nFCC.1LUSHUI.PH,2022-02-25 07:00:00\r\nFCC.1LUSHUI.PH,2022-02-25 07:00:00\r\nFCC.1LUSHUI.PH,2022-02-28 07:00:00\r\nFCC.1LUSHUI.PH,2022-02-25 07:00:00\r\nFCC.1LUSHUI.PH,2022-02-28 07:00:00\r\nFCC.1LUSHUI.PH,2022-03-02 07:00:00\r\nFCC.1LUSHUI.PH,2022-02-28 07:00:00\r\nFCC.1LUSHUI.PH,2022-03-02 07:00:00\r\nFCC.1LUSHUI.PH,2022-03-04 07:00:00\r\nFCC.1LUSHUI.PH,2022-03-02 07:00:00\r\nFCC.1LUSHUI.PH,2022-03-04 07:00:00\r\nFCC.1LUSHUI.PH,2022-03-07 07:00:00\r\nFCC.1LUSHUI.PH,2022-03-04 07:00:00\r\nFCC.1LUSHUI.PH,2022-03-07 07:00:00\r\nFCC.1LUSHUI.PH,2022-03-07 07:00:00\r\nFCC.1LUSHUI.PH,2022-03-09 07:00:00\r\nFCC.1LUSHUI.PH,2022-03-09 07:00:00\r\nFCC.1LUSHUI.PH,2022-03-11 07:00:00\r\nFCC.1LUSHUI.PH,2022-03-11 07:00:00\r\nFCC.1LUSHUI.PH,2022-03-14 07:00:00\r\nFCC.1LUSHUI.PH,2022-03-11 07:00:00\r\nFCC.1LUSHUI.PH,2022-03-14 07:00:00\r\nFCC.1LUSHUI.PH,2022-03-16 07:00:00\r\nFCC.1LUSHUI.PH,2022-03-14 07:00:00\r\nFCC.1LUSHUI.PH,2022-03-16 07:00:00\r\nFCC.1LUSHUI.PH,2022-03-18 07:00:00\r\nFCC.1LUSHUI.PH,2022-03-16 07:00:00\r\nFCC.1LUSHUI.PH,2022-03-18 07:00:00\r\nFCC.1LUSHUI.PH,2022-03-21 07:00:00\r\nFCC.1LUSHUI.PH,2022-03-18 07:00:00\r\nFCC.1LUSHUI.PH,2022-03-21 07:00:00\r\nFCC.1LUSHUI.PH,2022-03-21 07:00:00\r\nFCC.1LUSHUI.PH,2022-03-23 07:00:00\r\nFCC.1LUSHUI.PH,2022-03-23 07:00:00\r\nFCC.1LUSHUI.PH,2022-03-25 07:00:00\r\nFCC.1LUSHUI.PH,2022-03-25 07:00:00\r\nFCC.1LUSHUI.PH,2022-03-28 07:00:00\r\nFCC.1LUSHUI.PH,2022-03-25 07:00:00\r\nFCC.1LUSHUI.PH,2022-03-28 07:00:00\r\nFCC.1LUSHUI.PH,2022-03-30 07:00:00\r\nFCC.1LUSHUI.PH,2022-03-28 07:00:00\r\nFCC.1LUSHUI.PH,2022-03-30 07:00:00\r\nFCC.1LUSHUI.PH,2022-04-01 07:00:00\r\nFCC.1LUSHUI.PH,2022-03-30 07:00:00\r\nFCC.1LUSHUI.PH,2022-04-01 07:00:00\r\nFCC.1LUSHUI.PH,2022-04-04 07:00:00\r\nFCC.1LUSHUI.PH,2022-04-01 07:00:00\r\nFCC.1LUSHUI.PH,2022-04-04 07:00:00\r\nFCC.1LUSHUI.PH,2022-04-04 07:00:00\r\nFCC.1LUSHUI.PH,2022-04-06 07:00:00\r\nFCC.1LUSHUI.PH,2022-04-06 07:00:00\r\nFCC.1LUSHUI.PH,2022-04-08 07:00:00\r\nFCC.1LUSHUI.PH,2022-04-08 07:00:00\r\nFCC.1LUSHUI.PH,2022-04-11 07:00:00\r\nFCC.1LUSHUI.PH,2022-04-08 07:00:00\r\nFCC.1LUSHUI.PH,2022-04-11 07:00:00\r\nFCC.1LUSHUI.PH,2022-04-13 07:00:00\r\nFCC.1LUSHUI.PH,2022-04-11 07:00:00\r\nFCC.1LUSHUI.PH,2022-04-13 07:00:00\r\nFCC.1LUSHUI.PH,2022-04-15 07:00:00\r\nFCC.1LUSHUI.PH,2022-04-13 07:00:00\r\nFCC.1LUSHUI.PH,2022-04-15 07:00:00\r\nFCC.1LUSHUI.PH,2022-04-18 07:00:00\r\nFCC.1LUSHUI.PH,2022-04-15 07:00:00\r\nFCC.1LUSHUI.PH,2022-04-18 07:00:00\r\nFCC.1LUSHUI.PH,2022-04-18 07:00:00\r\nFCC.1LUSHUI.PH,2022-04-20 07:00:00\r\nFCC.1LUSHUI.PH,2022-04-20 07:00:00\r\nFCC.1LUSHUI.PH,2022-04-22 07:00:00\r\nFCC.1LUSHUI.PH,2022-04-22 07:00:00\r\nFCC.1LUSHUI.PH,2022-04-25 07:00:00\r\nFCC.1LUSHUI.PH,2022-04-22 07:00:00\r\nFCC.1LUSHUI.PH,2022-04-25 07:00:00\r\nFCC.1LUSHUI.PH,2022-04-27 07:00:00\r\nFCC.1LUSHUI.PH,2022-04-25 07:00:00\r\nFCC.1LUSHUI.PH,2022-04-27 07:00:00\r\nFCC.1LUSHUI.PH,2022-04-29 07:00:00\r\nFCC.1LUSHUI.PH,2022-04-27 07:00:00\r\nFCC.1LUSHUI.PH,2022-04-29 07:00:00\r\nFCC.1LUSHUI.PH,2022-05-02 07:00:00\r\nFCC.1LUSHUI.PH,2022-04-29 07:00:00\r\nFCC.1LUSHUI.PH,2022-05-02 07:00:00\r\nFCC.1LUSHUI.PH,2022-05-02 07:00:00\r\nFCC.1LUSHUI.PH,2022-05-04 07:00:00\r\nFCC.1LUSHUI.PH,2022-05-04 07:00:00\r\nFCC.1LUSHUI.PH,2022-05-06 07:00:00\r\nFCC.1LUSHUI.PH,2022-05-06 07:00:00\r\nFCC.1LUSHUI.PH,2022-05-09 07:00:00\r\nFCC.1LUSHUI.PH,2022-05-06 07:00:00\r\nFCC.1LUSHUI.PH,2022-05-09 07:00:00\r\nFCC.1LUSHUI.PH,2022-05-11 07:00:00\r\nFCC.1LUSHUI.PH,2022-05-09 07:00:00\r\nFCC.1LUSHUI.PH,2022-05-11 07:00:00\r\nFCC.1LUSHUI.PH,2022-05-13 07:00:00\r\nFCC.1LUSHUI.PH,2022-05-11 07:00:00\r\nFCC.1LUSHUI.PH,2022-05-13 07:00:00\r\nFCC.1LUSHUI.PH,2022-05-16 07:00:00\r\nFCC.1LUSHUI.PH,2022-05-13 07:00:00\r\nFCC.1LUSHUI.PH,2022-05-16 07:00:00\r\nFCC.1LUSHUI.PH,2022-05-16 07:00:00\r\nFCC.1LUSHUI.PH,2022-05-18 07:00:00\r\nFCC.1LUSHUI.PH,2022-05-18 07:00:00\r\nFCC.1LUSHUI.PH,2022-05-20 07:00:00\r', '2023-09-13 21:42:14', '2023-09-13 21:42:14', '1', '1', '1');
INSERT INTO `sample_set` VALUES ('33', 'new Name[I@864824c[I@779ebba5', 'new description[I@864824c[I@779ebba5', 'input				output\r\ntag,collect_time,	value\r\nFCC.1LUSHUI.PH,2020-04-30 17:00:00,	9.5\r\nFCC.1LUSHUI.PH,2020-05-01 07:00:00,	9.2\r\nFCC.1LUSHUI.PH,2020-05-01 17:00:00,	9.6\r\nFCC.1LUSHUI.PH,2020-05-02 07:00:00,	9.8\r\nFCC.1LUSHUI.PH,2020-05-02 17:00:00,	9.4\r\nFCC.1LUSHUI.PH,2020-05-03 07:00:00,	9.6\r\nFCC.1LUSHUI.PH,2020-05-03 17:00:00,	9.7\r\nFCC.1LUSHUI.PH,2020-05-04 07:00:00,	9.6\r\nFCC.1LUSHUI.PH,2020-05-04 17:00:00,	9.8\r\nFCC.1LUSHUI.PH,2020-05-05 07:00:00,	9.9\r\nFCC.1LUSHUI.PH,2020-05-05 17:00:00,	9.6\r\nFCC.1LUSHUI.PH,2020-05-06 07:00:00,	9.8\r\nFCC.1LUSHUI.PH,2020-05-06 17:00:00,	9.7\r\nFCC.1LUSHUI.PH,2020-05-07 07:00:00,	9.9\r\nFCC.1LUSHUI.PH,2020-05-07 17:00:00,	9.6\r\nFCC.1LUSHUI.PH,2020-05-08 07:00:00,	9.8\r\nFCC.1LUSHUI.PH,2020-05-08 17:00:00,	9.6\r\nFCC.1LUSHUI.PH,2020-05-09 07:00:00,	10.1\r\nFCC.1LUSHUI.PH,2020-05-09 17:00:00,	9.8\r\nFCC.1LUSHUI.PH,2020-05-10 07:00:00,	9.7\r\nFCC.1LUSHUI.PH,2020-05-10 17:00:00,	10.1\r\nFCC.1LUSHUI.PH,2020-05-11 07:00:00,	9.8\r\nFCC.1LUSHUI.PH,2020-05-11 17:00:00,	9.7\r\nFCC.1LUSHUI.PH,2020-05-12 07:00:00,	9.7\r\nFCC.1LUSHUI.PH,2020-05-12 17:00:00,	9.7\r\nFCC.1LUSHUI.PH,2020-05-13 07:00:00,	9.9\r\nFCC.1LUSHUI.PH,2020-05-13 17:00:00,	9.7\r\nFCC.1LUSHUI.PH,2020-05-14 07:00:00,	10\r\nFCC.1LUSHUI.PH,2020-05-14 17:00:00,	9.9\r\nFCC.1LUSHUI.PH,2020-05-15 07:00:00,	10\r\nFCC.1LUSHUI.PH,2020-05-15 17:00:00,	9.5\r\nFCC.1LUSHUI.PH,2020-05-16 07:00:00,	9.8\r\nFCC.1LUSHUI.PH,2020-05-16 17:00:00,	9.6\r\nFCC.1LUSHUI.PH,2020-05-17 07:00:00,	9.8\r\nFCC.1LUSHUI.PH,2020-05-17 17:00:00,	9.7\r\nFCC.1LUSHUI.PH,2020-05-18 07:00:00,	9.9\r\nFCC.1LUSHUI.PH,2020-05-18 17:00:00,	9.8\r\nFCC.1LUSHUI.PH,2020-05-19 07:00:00,	10\r\nFCC.1LUSHUI.PH,2020-05-19 17:00:00,	9.5\r\nFCC.1LUSHUI.PH,2020-05-20 07:00:00,	9.8\r\nFCC.1LUSHUI.PH,2020-05-20 17:00:00,	9.5\r\nFCC.1LUSHUI.PH,2020-05-21 07:00:00,	9.7\r\nFCC.1LUSHUI.PH,2020-05-21 17:00:00,	9.5\r\nFCC.1LUSHUI.PH,2020-05-22 07:00:00,	9.7\r\nFCC.1LUSHUI.PH,2020-05-22 07:00:00,	9.7\r\nFCC.1LUSHUI.PH,2020-05-23 17:00:00,	9.3\r\nFCC.1LUSHUI.PH,2020-05-24 07:00:00,	9.5\r\nFCC.1LUSHUI.PH,2020-05-24 17:00:00,	9.8\r\nFCC.1LUSHUI.PH,2020-05-25 07:00:00,	9.7\r\nFCC.1LUSHUI.PH,2020-05-25 17:00:00,	9.7\r\nFCC.1LUSHUI.PH,2020-05-26 07:00:00,	9.9\r\nFCC.1LUSHUI.PH,2020-05-26 17:00:00,	9.5\r\nFCC.1LUSHUI.PH,2020-05-27 07:00:00,	9.8\r\nFCC.1LUSHUI.PH,2020-05-27 17:00:00,	9.3\r\nFCC.1LUSHUI.PH,2020-05-28 07:00:00,	9.9\r\nFCC.1LUSHUI.PH,2020-05-28 17:00:00,	9.7\r\nFCC.1LUSHUI.PH,2020-05-29 07:00:00,	9.7\r\nFCC.1LUSHUI.PH,2020-05-29 17:00:00,	9.5\r\nFCC.1LUSHUI.PH,2020-05-30 07:00:00,	9.2\r\nFCC.1LUSHUI.PH,2020-05-30 17:00:00,	9.6\r\nFCC.1LUSHUI.PH,2020-05-31 07:00:00,	9.3\r\nFCC.1LUSHUI.PH,2020-05-31 17:00:00,	9.3\r\nFCC.1LUSHUI.PH,2020-06-01 07:00:00,	9.7\r\nFCC.1LUSHUI.PH,2020-06-01 17:00:00,	9.9\r\nFCC.1LUSHUI.PH,2020-06-02 07:00:00,	9.4\r\nFCC.1LUSHUI.PH,2020-06-02 17:00:00,	9.6\r\nFCC.1LUSHUI.PH,2020-06-03 07:00:00,	9.9\r\nFCC.1LUSHUI.PH,2020-06-03 17:00:00,	9.8\r\nFCC.1LUSHUI.PH,2020-06-04 07:00:00,	9.8\r\nFCC.1LUSHUI.PH,2020-06-04 17:00:00,	9.8\r\nFCC.1LUSHUI.PH,2020-06-05 07:00:00,	9.9\r\nFCC.1LUSHUI.PH,2020-06-05 17:00:00,	9.8\r\nFCC.1LUSHUI.PH,2020-06-06 07:00:00,	9.9\r\nFCC.1LUSHUI.PH,2020-06-06 17:00:00,	9.8\r\nFCC.1LUSHUI.PH,2020-06-07 07:00:00,	9.9\r\nFCC.1LUSHUI.PH,2020-06-07 17:00:00,	9.8\r\nFCC.1LUSHUI.PH,2020-06-08 07:00:00,	10\r\nFCC.1LUSHUI.PH,2020-06-08 17:00:00,	9.9\r\nFCC.1LUSHUI.PH,2020-06-09 07:00:00,	10\r\nFCC.1LUSHUI.PH,2020-06-09 17:00:00,	9.7\r\nFCC.1LUSHUI.PH,2020-06-10 07:00:00,	9.8\r\nFCC.1LUSHUI.PH,2020-06-10 17:00:00,	9.8\r\nFCC.1LUSHUI.PH,2020-06-11 07:00:00,	9.9\r\nFCC.1LUSHUI.PH,2020-06-11 17:00:00,	9.9\r\nFCC.1LUSHUI.PH,2020-06-12 07:00:00,	9.7\r\nFCC.1LUSHUI.PH,2020-06-12 17:00:00,	9.6\r\nFCC.1LUSHUI.PH,2020-06-13 07:00:00,	10.1\r\nFCC.1LUSHUI.PH,2020-06-13 17:00:00,	9.7\r\nFCC.1LUSHUI.PH,2020-06-14 07:00:00,	9.8\r\nFCC.1LUSHUI.PH,2020-06-14 17:00:00,	9.9\r\nFCC.1LUSHUI.PH,2020-06-15 07:00:00,	9.8\r\nFCC.1LUSHUI.PH,2020-06-15 17:00:00,	9.6\r\nFCC.1LUSHUI.PH,2020-06-16 07:00:00,	9.8\r\nFCC.1LUSHUI.PH,2020-06-16 17:00:00,	10.1\r\nFCC.1LUSHUI.PH,2020-06-17 07:00:00,	10.1\r\nFCC.1LUSHUI.PH,2020-06-17 17:00:00,	9.8\r\nFCC.1LUSHUI.PH,2020-06-18 07:00:00,	9.8\r\nFCC.1LUSHUI.PH,2020-06-18 17:00:00,	9.8\r\nFCC.1LUSHUI.PH,2020-06-19 07:00:00,	9.8\r\nFCC.1LUSHUI.PH,2020-06-19 17:00:00,	9.6\r\nFCC.1LUSHUI.PH,2020-06-20 07:00:00,	9.6\r\nFCC.1LUSHUI.PH,2020-06-20 17:00:00,	9.2\r\nFCC.1LUSHUI.PH,2020-06-21 07:00:00,	9.5\r\nFCC.1LUSHUI.PH,2020-06-21 17:00:00,	9.5\r\nFCC.1LUSHUI.PH,2020-06-22 07:00:00,	9.5\r\nFCC.1LUSHUI.PH,2020-06-22 17:00:00,	9.6\r\nFCC.1LUSHUI.PH,2020-06-23 07:00:00,	9.8\r\nFCC.1LUSHUI.PH,2020-06-23 17:00:00,	9.7\r\nFCC.1LUSHUI.PH,2020-06-24 07:00:00,	9.7\r\nFCC.1LUSHUI.PH,2020-06-24 17:00:00,	9.5\r\nFCC.1LUSHUI.PH,2020-06-25 07:00:00,	9.4\r\nFCC.1LUSHUI.PH,2020-06-25 17:00:00,	9.4\r\nFCC.1LUSHUI.PH,2020-06-26 07:00:00,	9.8\r\nFCC.1LUSHUI.PH,2020-06-26 17:00:00,	9.6\r\nFCC.1LUSHUI.PH,2020-06-27 07:00:00,	9.9\r\nFCC.1LUSHUI.PH,2020-06-27 17:00:00,	9.6\r\nFCC.1LUSHUI.PH,2020-06-28 07:00:00,	9.6\r\nFCC.1LUSHUI.PH,2020-06-28 17:00:00,	9.4\r\nFCC.1LUSHUI.PH,2020-06-29 07:00:00,	9.3\r\nFCC.1LUSHUI.PH,2020-06-29 21:00:00,	8.5\r\nFCC.1LUSHUI.PH,2020-06-30 07:00:00,	9.9\r\nFCC.1LUSHUI.PH,2020-06-30 17:00:00,	9.8\r\nFCC.1LUSHUI.PH,2020-07-01 07:00:00,	9.5\r\nFCC.1LUSHUI.PH,2020-07-01 17:00:00,	9.6\r\nFCC.1LUSHUI.PH,2020-07-02 07:00:00,	9.7\r\nFCC.1LUSHUI.PH,2020-07-02 17:00:00,	9.7\r\nFCC.1LUSHUI.PH,2020-07-03 07:00:00,	9.9\r\nFCC.1LUSHUI.PH,2020-07-03 17:00:00,	9.8\r\nFCC.1LUSHUI.PH,2020-07-04 07:00:00,	9.7\r\nFCC.1LUSHUI.PH,2020-07-04 17:00:00,	9.8\r\nFCC.1LUSHUI.PH,2020-07-05 07:00:00,	10\r\nFCC.1LUSHUI.PH,2020-07-05 17:00:00,	9.9\r\nFCC.1LUSHUI.PH,2020-07-06 07:00:00,	9.8\r\nFCC.1LUSHUI.PH,2020-07-06 17:00:00,	9.9\r\nFCC.1LUSHUI.PH,2020-07-07 07:00:00,	10\r\nFCC.1LUSHUI.PH,2020-07-07 17:00:00,	9.7\r\nFCC.1LUSHUI.PH,2020-07-08 07:00:00,	9.7\r\nFCC.1LUSHUI.PH,2020-07-08 17:00:00,	9.6\r\nFCC.1LUSHUI.PH,2020-07-09 07:00:00,	9.9\r\nFCC.1LUSHUI.PH,2020-07-09 17:00:00,	9.7\r\nFCC.1LUSHUI.PH,2020-07-10 07:00:00,	9.9\r\nFCC.1LUSHUI.PH,2020-07-10 17:00:00,	9.6\r\nFCC.1LUSHUI.PH,2020-07-11 07:00:00,	9.7\r\nFCC.1LUSHUI.PH,2020-07-11 17:00:00,	9.6\r\nFCC.1LUSHUI.PH,2020-07-12 07:00:00,	9.5\r\nFCC.1LUSHUI.PH,2020-07-12 17:00:00,	9\r\nFCC.1LUSHUI.PH,2020-07-13 07:00:00,	8.4\r\nFCC.1LUSHUI.PH,2020-07-13 17:00:00,	10.6\r\nFCC.1LUSHUI.PH,2020-07-14 07:00:00,	10.9\r\nFCC.1LUSHUI.PH,2020-07-14 17:00:00,	10\r\nFCC.1LUSHUI.PH,2020-07-15 07:00:00,	10.3\r\nFCC.1LUSHUI.PH,2020-07-15 17:00:00,	10.2\r\nFCC.1LUSHUI.PH,2020-07-16 07:00:00,	9.6\r\nFCC.1LUSHUI.PH,2020-07-16 17:00:00,	9.6\r\nFCC.1LUSHUI.PH,2020-07-17 07:00:00,	10.2\r\nFCC.1LUSHUI.PH,2020-07-17 17:00:00,	9.8\r\nFCC.1LUSHUI.PH,2020-07-18 07:00:00,	10\r\nFCC.1LUSHUI.PH,2020-07-18 17:00:00,	9.7\r\nFCC.1LUSHUI.PH,2020-07-19 07:00:00,	10.2\r\nFCC.1LUSHUI.PH,2020-07-19 17:00:00,	9.6\r\nFCC.1LUSHUI.PH,2020-07-20 07:00:00,	9.7\r\nFCC.1LUSHUI.PH,2020-07-20 17:00:00,	9.8\r\nFCC.1LUSHUI.PH,2020-07-21 07:00:00,	10\r\nFCC.1LUSHUI.PH,2020-07-21 17:00:00,	9.7\r\nFCC.1LUSHUI.PH,2020-07-22 07:00:00,	10.5\r\nFCC.1LUSHUI.PH,2020-07-22 17:00:00,	10.3\r\nFCC.1LUSHUI.PH,2020-07-23 07:00:00,	10.1\r\nFCC.1LUSHUI.PH,2020-07-23 17:00:00,	9.9\r\nFCC.1LUSHUI.PH,2020-07-24 07:00:00,	9.8\r\nFCC.1LUSHUI.PH,2020-07-24 17:00:00,	9.8\r\nFCC.1LUSHUI.PH,2020-07-25 07:00:00,	9.8\r\nFCC.1LUSHUI.PH,2020-07-25 17:00:00,	9.9\r\nFCC.1LUSHUI.PH,2020-07-26 07:00:00,	10.7\r\nFCC.1LUSHUI.PH,2020-07-26 17:00:00,	10.4\r\nFCC.1LUSHUI.PH,2020-07-27 07:00:00,	10.5\r\nFCC.1LUSHUI.PH,2020-07-27 17:00:00,	10\r\nFCC.1LUSHUI.PH,2020-07-28 07:00:00,	10.7\r\nFCC.1LUSHUI.PH,2020-07-28 17:00:00,	9.7\r\nFCC.1LUSHUI.PH,2020-07-29 07:00:00,	9.8\r\nFCC.1LUSHUI.PH,2020-07-29 17:00:00,	9.8\r\nFCC.1LUSHUI.PH,2020-07-30 07:00:00,	11\r\nFCC.1LUSHUI.PH,2020-07-30 17:00:00,	11\r\nFCC.1LUSHUI.PH,2020-07-31 07:00:00,	10.8\r\nFCC.1LUSHUI.PH,2020-07-31 17:00:00,	10.8\r\nFCC.1LUSHUI.PH,2020-08-01 07:00:00,	9.7\r\nFCC.1LUSHUI.PH,2020-08-01 17:00:00,	9.7\r\nFCC.1LUSHUI.PH,2020-08-02 07:00:00,	10.2\r\nFCC.1LUSHUI.PH,2020-08-02 17:00:00,	9.7\r\nFCC.1LUSHUI.PH,2020-08-03 07:00:00,	10\r\nFCC.1LUSHUI.PH,2020-08-03 17:00:00,	9.8\r\nFCC.1LUSHUI.PH,2020-08-04 07:00:00,	10\r\nFCC.1LUSHUI.PH,2020-08-04 17:00:00,	9.8\r\nFCC.1LUSHUI.PH,2020-08-05 07:00:00,	10.8\r\nFCC.1LUSHUI.PH,2020-08-05 17:00:00,	9.4\r\nFCC.1LUSHUI.PH,2020-08-06 07:00:00,	10.4\r\nFCC.1LUSHUI.PH,2020-08-06 17:00:00,	9.8\r\nFCC.1LUSHUI.PH,2020-08-07 07:00:00,	9.8\r\nFCC.1LUSHUI.PH,2020-08-07 17:00:00,	10.2\r\nFCC.1LUSHUI.PH,2020-08-08 07:00:00,	10\r\nFCC.1LUSHUI.PH,2020-08-08 17:00:00,	9.7\r\nFCC.1LUSHUI.PH,2020-08-09 07:00:00,	10\r\nFCC.1LUSHUI.PH,2020-08-09 17:00:00,	9.7\r\nFCC.1LUSHUI.PH,2020-08-10 07:00:00,	10.5\r\nFCC.1LUSHUI.PH,2020-08-10 17:00:00,	9.9\r\nFCC.1LUSHUI.PH,2020-08-11 07:00:00,	9.9\r\nFCC.1LUSHUI.PH,2020-08-11 17:00:00,	9.7\r\nFCC.1LUSHUI.PH,2020-08-12 07:00:00,	9.7\r\nFCC.1LUSHUI.PH,2020-08-12 17:00:00,	10.9\r\nFCC.1LUSHUI.PH,2020-08-13 07:00:00,	10.8\r\nFCC.1LUSHUI.PH,2020-08-13 17:00:00,	10.2\r\nFCC.1LUSHUI.PH,2020-08-14 07:00:00,	10.4\r\nFCC.1LUSHUI.PH,2020-08-14 17:00:00,	9.8\r\nFCC.1LUSHUI.PH,2020-08-15 07:00:00,	10.1\r\nFCC.1LUSHUI.PH,2020-08-15 17:00:00,	10\r\nFCC.1LUSHUI.PH,2020-08-16 07:00:00,	10.2\r\nFCC.1LUSHUI.PH,2020-08-16 17:00:00,	10\r\nFCC.1LUSHUI.PH,2020-08-17 07:00:00,	10.4\r\nFCC.1LUSHUI.PH,2020-08-17 17:00:00,	9.9\r\nFCC.1LUSHUI.PH,2020-08-18 07:00:00,	9.8\r\nFCC.1LUSHUI.PH,2020-08-18 17:00:00,	9.9\r\nFCC.1LUSHUI.PH,2020-08-19 07:00:00,	10.3\r\nFCC.1LUSHUI.PH,2020-08-19 17:00:00,	10\r\nFCC.1LUSHUI.PH,2020-08-20 07:00:00,	10.1\r\nFCC.1LUSHUI.PH,2020-08-20 17:00:00,	10.1\r\nFCC.1LUSHUI.PH,2020-08-21 07:00:00,	10.3\r\nFCC.1LUSHUI.PH,2020-08-21 17:00:00,	9.6\r\nFCC.1LUSHUI.PH,2020-08-22 07:00:00,	10\r\nFCC.1LUSHUI.PH,2020-08-22 17:00:00,	10\r\nFCC.1LUSHUI.PH,2020-08-23 07:00:00,	9.7\r\nFCC.1LUSHUI.PH,2020-08-23 17:00:00,	9.8\r\nFCC.1LUSHUI.PH,2020-08-24 07:00:00,	9.8\r\nFCC.1LUSHUI.PH,2020-08-24 17:00:00,	9.8\r\nFCC.1LUSHUI.PH,2020-08-25 07:00:00,	10\r\nFCC.1LUSHUI.PH,2020-08-25 17:00:00,	9.6\r\nFCC.1LUSHUI.PH,2020-08-26 07:00:00,	10\r\nFCC.1LUSHUI.PH,2020-08-26 17:00:00,	9.7\r\nFCC.1LUSHUI.PH,2020-08-27 07:00:00,	9.9\r\nFCC.1LUSHUI.PH,2020-08-27 17:00:00,	9.8\r\nFCC.1LUSHUI.PH,2020-08-28 07:00:00,	9.7\r\nFCC.1LUSHUI.PH,2020-08-28 17:00:00,	9.7\r\nFCC.1LUSHUI.PH,2020-08-29 07:00:00,	9.7\r\nFCC.1LUSHUI.PH,2020-08-29 17:00:00,	10\r\nFCC.1LUSHUI.PH,2020-08-30 07:00:00,	10\r\nFCC.1LUSHUI.PH,2020-08-30 17:00:00,	9.8\r\nFCC.1LUSHUI.PH,2020-08-31 07:00:00,	10\r\nFCC.1LUSHUI.PH,2020-08-31 17:00:00,	9.8\r\nFCC.1LUSHUI.PH,2020-09-01 07:00:00,	9.9\r\nFCC.1LUSHUI.PH,2020-09-01 17:00:00,	9.8\r\nFCC.1LUSHUI.PH,2020-09-02 07:00:00,	9.5\r\nFCC.1LUSHUI.PH,2020-09-02 17:00:00,	9.7\r\nFCC.1LUSHUI.PH,2020-09-03 07:00:00,	9.8\r\nFCC.1LUSHUI.PH,2020-09-03 17:00:00,	9.6\r\nFCC.1LUSHUI.PH,2020-09-04 07:00:00,	9.9\r\nFCC.1LUSHUI.PH,2020-09-04 17:00:00,	9.7\r\nFCC.1LUSHUI.PH,2020-09-05 07:00:00,	10\r\nFCC.1LUSHUI.PH,2020-09-05 17:00:00,	9.8\r\nFCC.1LUSHUI.PH,2020-09-06 07:00:00,	9.8\r\nFCC.1LUSHUI.PH,2020-09-06 17:00:00,	10\r\nFCC.1LUSHUI.PH,2020-09-07 07:00:00,	9.8\r\nFCC.1LUSHUI.PH,2020-09-07 17:00:00,	10.1\r\nFCC.1LUSHUI.PH,2020-09-08 07:00:00,	9.9\r\nFCC.1LUSHUI.PH,2020-09-08 17:00:00,	10.1\r\nFCC.1LUSHUI.PH,2020-09-09 07:00:00,	10.2\r\nFCC.1LUSHUI.PH,2020-09-09 17:00:00,	9.9\r\nFCC.1LUSHUI.PH,2020-09-10 07:00:00,	11.5\r\nFCC.1LUSHUI.PH,2020-09-10 17:00:00,	10.8\r\nFCC.1LUSHUI.PH,2020-09-11 07:00:00,	11.5\r\nFCC.1LUSHUI.PH,2020-09-11 17:00:00,	10.6\r\nFCC.1LUSHUI.PH,2020-09-12 07:00:00,	10.2\r\nFCC.1LUSHUI.PH,2020-09-12 17:00:00,	10.4\r\nFCC.1LUSHUI.PH,2020-09-13 07:00:00,	10.5\r\nFCC.1LUSHUI.PH,2020-09-13 17:00:00,	10.2\r\nFCC.1LUSHUI.PH,2020-09-14 07:00:00,	10.1\r\nFCC.1LUSHUI.PH,2020-09-14 17:00:00,	10.4\r\nFCC.1LUSHUI.PH,2020-09-15 07:00:00,	10.2\r\nFCC.1LUSHUI.PH,2020-09-15 17:00:00,	10\r\nFCC.1LUSHUI.PH,2020-09-16 07:00:00,	10.4\r\nFCC.1LUSHUI.PH,2020-09-16 17:00:00,	9.2\r\nFCC.1LUSHUI.PH,2020-09-17 07:00:00,	9.8\r\nFCC.1LUSHUI.PH,2020-09-17 17:00:00,	9.8\r\nFCC.1LUSHUI.PH,2020-09-18 07:00:00,	10.3\r\nFCC.1LUSHUI.PH,2020-09-18 17:00:00,	10.1\r\nFCC.1LUSHUI.PH,2020-09-19 07:00:00,	10.9\r\nFCC.1LUSHUI.PH,2020-09-19 17:00:00,	11\r\nFCC.1LUSHUI.PH,2020-09-20 07:00:00,	11\r\nFCC.1LUSHUI.PH,2020-09-20 17:00:00,	10\r\nFCC.1LUSHUI.PH,2020-09-21 07:00:00,	10.6\r\nFCC.1LUSHUI.PH,2020-09-21 17:00:00,	10.1\r\nFCC.1LUSHUI.PH,2020-09-22 07:00:00,	10.1\r\nFCC.1LUSHUI.PH,2020-09-22 17:00:00,	9.9\r\nFCC.1LUSHUI.PH,2020-09-23 07:00:00,	11\r\nFCC.1LUSHUI.PH,2020-09-23 17:00:00,	11\r\nFCC.1LUSHUI.PH,2020-09-24 07:00:00,	11\r\nFCC.1LUSHUI.PH,2020-09-24 17:00:00,	10.7\r\nFCC.1LUSHUI.PH,2020-09-25 07:00:00,	9.3\r\nFCC.1LUSHUI.PH,2020-09-25 17:00:00,	10.1\r\nFCC.1LUSHUI.PH,2020-09-26 07:00:00,	10.3\r\nFCC.1LUSHUI.PH,2020-09-26 17:00:00,	10.1\r\nFCC.1LUSHUI.PH,2020-09-27 07:00:00,	11\r\nFCC.1LUSHUI.PH,2020-09-27 17:00:00,	10.8\r\nFCC.1LUSHUI.PH,2020-09-28 07:00:00,	10.6\r\nFCC.1LUSHUI.PH,2020-09-28 17:00:00,	10.4\r\nFCC.1LUSHUI.PH,2020-09-29 07:00:00,	9.9\r\nFCC.1LUSHUI.PH,2020-09-29 17:00:00,	10\r\nFCC.1LUSHUI.PH,2020-09-30 07:00:00,	10\r\nFCC.1LUSHUI.PH,2020-09-30 17:00:00,	10.2\r\nFCC.1LUSHUI.PH,2020-10-01 07:00:00,	11\r\nFCC.1LUSHUI.PH,2020-10-01 17:00:00,	10.8\r\nFCC.1LUSHUI.PH,2020-10-02 07:00:00,	10.6\r\nFCC.1LUSHUI.PH,2020-10-05 07:00:00,	9.9\r\nFCC.1LUSHUI.PH,2020-10-02 07:00:00,	10.6\r\nFCC.1LUSHUI.PH,2020-10-05 07:00:00,	9.9\r\nFCC.1LUSHUI.PH,2020-10-05 07:00:00,	9.9\r\nFCC.1LUSHUI.PH,2020-10-07 07:00:00,	10.8\r\nFCC.1LUSHUI.PH,2020-10-07 07:00:00,	10.8\r\nFCC.1LUSHUI.PH,2020-10-09 07:00:00,	10.1\r\nFCC.1LUSHUI.PH,2020-10-09 07:00:00,	10.1\r\nFCC.1LUSHUI.PH,2020-10-12 07:00:00,	9.7\r\nFCC.1LUSHUI.PH,2020-10-09 07:00:00,	10.1\r\nFCC.1LUSHUI.PH,2020-10-12 07:00:00,	9.7\r\nFCC.1LUSHUI.PH,2020-10-14 07:00:00,	9.7\r\nFCC.1LUSHUI.PH,2020-10-12 07:00:00,	9.7\r\nFCC.1LUSHUI.PH,2020-10-14 07:00:00,	9.7\r\nFCC.1LUSHUI.PH,2020-10-16 07:00:00,	10.1\r\nFCC.1LUSHUI.PH,2020-10-14 07:00:00,	9.7\r\nFCC.1LUSHUI.PH,2020-10-16 07:00:00,	10.1\r\nFCC.1LUSHUI.PH,2020-10-19 07:00:00,	10.8\r\nFCC.1LUSHUI.PH,2020-10-16 07:00:00,	10.1\r\nFCC.1LUSHUI.PH,2020-10-19 07:00:00,	10.8\r\nFCC.1LUSHUI.PH,2020-10-19 07:00:00,	10.8\r\nFCC.1LUSHUI.PH,2020-10-21 07:00:00,	10\r\nFCC.1LUSHUI.PH,2020-10-21 07:00:00,	10\r\nFCC.1LUSHUI.PH,2020-10-23 07:00:00,	10\r\nFCC.1LUSHUI.PH,2020-10-23 07:00:00,	10\r\nFCC.1LUSHUI.PH,2020-10-26 07:00:00,	10\r\nFCC.1LUSHUI.PH,2020-10-23 07:00:00,	10\r\nFCC.1LUSHUI.PH,2020-10-26 07:00:00,	10\r\nFCC.1LUSHUI.PH,2020-10-28 07:00:00,	9.6\r\nFCC.1LUSHUI.PH,2020-10-26 07:00:00,	10\r\nFCC.1LUSHUI.PH,2020-10-28 07:00:00,	9.6\r\nFCC.1LUSHUI.PH,2020-10-30 07:00:00,	10.4\r\nFCC.1LUSHUI.PH,2020-10-28 07:00:00,	9.6\r\nFCC.1LUSHUI.PH,2020-10-30 07:00:00,	10.4\r\nFCC.1LUSHUI.PH,2020-11-02 07:00:00,	9.8\r\nFCC.1LUSHUI.PH,2020-10-30 07:00:00,	10.4\r\nFCC.1LUSHUI.PH,2020-11-02 07:00:00,	9.8\r\nFCC.1LUSHUI.PH,2020-11-02 07:00:00,	9.8\r\nFCC.1LUSHUI.PH,2020-11-04 07:00:00,	10.3\r\nFCC.1LUSHUI.PH,2020-11-04 07:00:00,	10.3\r\nFCC.1LUSHUI.PH,2020-11-06 07:00:00,	10.3\r\nFCC.1LUSHUI.PH,2020-11-06 07:00:00,	10.3\r\nFCC.1LUSHUI.PH,2020-11-09 07:00:00,	9.9\r\nFCC.1LUSHUI.PH,2020-11-06 07:00:00,	10.3\r\nFCC.1LUSHUI.PH,2020-11-09 07:00:00,	9.9\r\nFCC.1LUSHUI.PH,2020-11-11 07:00:00,	10\r\nFCC.1LUSHUI.PH,2020-11-09 07:00:00,	9.9\r\nFCC.1LUSHUI.PH,2020-11-11 07:00:00,	10\r\nFCC.1LUSHUI.PH,2020-11-13 07:00:00,	10\r\nFCC.1LUSHUI.PH,2020-11-11 07:00:00,	10\r\nFCC.1LUSHUI.PH,2020-11-13 07:00:00,	10\r\nFCC.1LUSHUI.PH,2020-11-16 07:00:00,	10.1\r\nFCC.1LUSHUI.PH,2020-11-13 07:00:00,	10\r\nFCC.1LUSHUI.PH,2020-11-16 07:00:00,	10.1\r\nFCC.1LUSHUI.PH,2020-11-16 07:00:00,	10.1\r\nFCC.1LUSHUI.PH,2020-11-18 07:00:00,	10\r\nFCC.1LUSHUI.PH,2020-11-18 07:00:00,	10\r\nFCC.1LUSHUI.PH,2020-11-20 07:00:00,	10\r\nFCC.1LUSHUI.PH,2020-11-20 07:00:00,	10\r\nFCC.1LUSHUI.PH,2020-11-23 07:00:00,	9.9\r\nFCC.1LUSHUI.PH,2020-11-20 07:00:00,	10\r\nFCC.1LUSHUI.PH,2020-11-23 07:00:00,	9.9\r\nFCC.1LUSHUI.PH,2020-11-25 07:00:00,	9.7\r\nFCC.1LUSHUI.PH,2020-11-23 07:00:00,	9.9\r\nFCC.1LUSHUI.PH,2020-11-25 07:00:00,	9.7\r\nFCC.1LUSHUI.PH,2020-11-27 07:00:00,	9.9\r\nFCC.1LUSHUI.PH,2020-11-25 07:00:00,	9.7\r\nFCC.1LUSHUI.PH,2020-11-27 07:00:00,	9.9\r\nFCC.1LUSHUI.PH,2020-11-30 07:00:00,	10.1\r\nFCC.1LUSHUI.PH,2020-11-27 07:00:00,	9.9\r\nFCC.1LUSHUI.PH,2020-11-30 07:00:00,	10.1\r\nFCC.1LUSHUI.PH,2020-11-30 07:00:00,	10.1\r\nFCC.1LUSHUI.PH,2020-12-02 07:00:00,	9.9\r\nFCC.1LUSHUI.PH,2020-12-02 07:00:00,	9.9\r\nFCC.1LUSHUI.PH,2020-12-04 07:00:00,	10\r\nFCC.1LUSHUI.PH,2020-12-04 07:00:00,	10\r\nFCC.1LUSHUI.PH,2020-12-07 07:00:00,	10\r\nFCC.1LUSHUI.PH,2020-12-04 07:00:00,	10\r\nFCC.1LUSHUI.PH,2020-12-07 07:00:00,	10\r\nFCC.1LUSHUI.PH,2020-12-09 07:00:00,	9.8\r\nFCC.1LUSHUI.PH,2020-12-07 07:00:00,	10\r\nFCC.1LUSHUI.PH,2020-12-09 07:00:00,	9.8\r\nFCC.1LUSHUI.PH,2020-12-11 07:00:00,	9.8\r\nFCC.1LUSHUI.PH,2020-12-09 07:00:00,	9.8\r\nFCC.1LUSHUI.PH,2020-12-11 07:00:00,	9.8\r\nFCC.1LUSHUI.PH,2020-12-14 07:00:00,	10\r\nFCC.1LUSHUI.PH,2020-12-11 07:00:00,	9.8\r\nFCC.1LUSHUI.PH,2020-12-14 07:00:00,	10\r\nFCC.1LUSHUI.PH,2020-12-14 07:00:00,	10\r\nFCC.1LUSHUI.PH,2020-12-16 07:00:00,	10.2\r\nFCC.1LUSHUI.PH,2020-12-16 07:00:00,	10.2\r\nFCC.1LUSHUI.PH,2020-12-18 07:00:00,	10.2\r\nFCC.1LUSHUI.PH,2020-12-18 07:00:00,	10.2\r\nFCC.1LUSHUI.PH,2020-12-21 07:00:00,	10.2\r\nFCC.1LUSHUI.PH,2020-12-18 07:00:00,	10.2\r\nFCC.1LUSHUI.PH,2020-12-21 07:00:00,	10.2\r\nFCC.1LUSHUI.PH,2020-12-23 07:00:00,	10\r\nFCC.1LUSHUI.PH,2020-12-21 07:00:00,	10.2\r\nFCC.1LUSHUI.PH,2020-12-23 07:00:00,	10\r\nFCC.1LUSHUI.PH,2020-12-25 07:00:00,	10\r\nFCC.1LUSHUI.PH,2020-12-23 07:00:00,	10\r\nFCC.1LUSHUI.PH,2020-12-25 07:00:00,	10\r\nFCC.1LUSHUI.PH,2020-12-28 07:00:00,	10.1\r\nFCC.1LUSHUI.PH,2020-12-25 07:00:00,	10\r\nFCC.1LUSHUI.PH,2020-12-28 07:00:00,	10.1\r\nFCC.1LUSHUI.PH,2020-12-28 07:00:00,	10.1\r\nFCC.1LUSHUI.PH,2020-12-30 07:00:00,	9.8\r\nFCC.1LUSHUI.PH,2020-12-30 07:00:00,	9.8\r\nFCC.1LUSHUI.PH,2021-01-01 07:00:00,	10\r\nFCC.1LUSHUI.PH,2021-01-01 07:00:00,	10\r\nFCC.1LUSHUI.PH,2021-01-04 07:00:00,	9.8\r\nFCC.1LUSHUI.PH,2021-01-01 07:00:00,	10\r\nFCC.1LUSHUI.PH,2021-01-04 07:00:00,	9.8\r\nFCC.1LUSHUI.PH,2021-01-06 07:00:00,	9.8\r\nFCC.1LUSHUI.PH,2021-01-04 07:00:00,	9.8\r\nFCC.1LUSHUI.PH,2021-01-06 07:00:00,	9.8\r\nFCC.1LUSHUI.PH,2021-01-08 07:00:00,	10.1\r\nFCC.1LUSHUI.PH,2021-01-06 07:00:00,	9.8\r\nFCC.1LUSHUI.PH,2021-01-08 07:00:00,	10.1\r\nFCC.1LUSHUI.PH,2021-01-11 07:00:00,	10.2\r\nFCC.1LUSHUI.PH,2021-01-08 07:00:00,	10.1\r\nFCC.1LUSHUI.PH,2021-01-11 07:00:00,	10.2\r\nFCC.1LUSHUI.PH,2021-01-11 07:00:00,	10.2\r\nFCC.1LUSHUI.PH,2021-01-13 07:00:00,	10.2\r\nFCC.1LUSHUI.PH,2021-01-13 07:00:00,	10.2\r\nFCC.1LUSHUI.PH,2021-01-15 07:00:00,	10\r\nFCC.1LUSHUI.PH,2021-01-15 07:00:00,	10\r\nFCC.1LUSHUI.PH,2021-01-18 07:00:00,	9.8\r\nFCC.1LUSHUI.PH,2021-01-15 07:00:00,	10\r\nFCC.1LUSHUI.PH,2021-01-18 07:00:00,	9.8\r\nFCC.1LUSHUI.PH,2021-01-20 07:00:00,	9.5\r\nFCC.1LUSHUI.PH,2021-01-18 07:00:00,	9.8\r\nFCC.1LUSHUI.PH,2021-01-20 07:00:00,	9.5\r\nFCC.1LUSHUI.PH,2021-01-22 07:00:00,	9.6\r\nFCC.1LUSHUI.PH,2021-01-20 07:00:00,	9.5\r\nFCC.1LUSHUI.PH,2021-01-22 07:00:00,	9.6\r\nFCC.1LUSHUI.PH,2021-01-25 07:00:00,	9.6\r\nFCC.1LUSHUI.PH,2021-01-22 07:00:00,	9.6\r\nFCC.1LUSHUI.PH,2021-01-25 07:00:00,	9.6\r\nFCC.1LUSHUI.PH,2021-01-25 07:00:00,	9.6\r\nFCC.1LUSHUI.PH,2021-01-27 07:00:00,	9.7\r\nFCC.1LUSHUI.PH,2021-01-27 07:00:00,	9.7\r\nFCC.1LUSHUI.PH,2021-01-29 07:00:00,	9.7\r\nFCC.1LUSHUI.PH,2021-01-29 07:00:00,	9.7\r\nFCC.1LUSHUI.PH,2021-02-01 07:00:00,	9.5\r\nFCC.1LUSHUI.PH,2021-01-29 07:00:00,	9.7\r\nFCC.1LUSHUI.PH,2021-02-01 07:00:00,	9.5\r\nFCC.1LUSHUI.PH,2021-02-03 07:00:00,	9.7\r\nFCC.1LUSHUI.PH,2021-02-01 07:00:00,	9.5\r\nFCC.1LUSHUI.PH,2021-02-03 07:00:00,	9.7\r\nFCC.1LUSHUI.PH,2021-02-05 07:00:00,	9.8\r\nFCC.1LUSHUI.PH,2021-02-03 07:00:00,	9.7\r\nFCC.1LUSHUI.PH,2021-02-05 07:00:00,	9.8\r\nFCC.1LUSHUI.PH,2021-02-08 07:00:00,	9.7\r\nFCC.1LUSHUI.PH,2021-02-05 07:00:00,	9.8\r\nFCC.1LUSHUI.PH,2021-02-08 07:00:00,	9.7\r\nFCC.1LUSHUI.PH,2021-02-08 07:00:00,	9.7\r\nFCC.1LUSHUI.PH,2021-02-10 07:00:00,	9.5\r\nFCC.1LUSHUI.PH,2021-02-10 07:00:00,	9.5\r\nFCC.1LUSHUI.PH,2021-02-12 07:00:00,	9.9\r\nFCC.1LUSHUI.PH,2021-02-12 07:00:00,	9.9\r\nFCC.1LUSHUI.PH,2021-02-15 07:00:00,	9.9\r\nFCC.1LUSHUI.PH,2021-02-12 07:00:00,	9.9\r\nFCC.1LUSHUI.PH,2021-02-15 07:00:00,	9.9\r\nFCC.1LUSHUI.PH,2021-02-17 07:00:00,	10\r\nFCC.1LUSHUI.PH,2021-02-15 07:00:00,	9.9\r\nFCC.1LUSHUI.PH,2021-02-17 07:00:00,	10\r\nFCC.1LUSHUI.PH,2021-02-19 07:00:00,	10.1\r\nFCC.1LUSHUI.PH,2021-02-17 07:00:00,	10\r\nFCC.1LUSHUI.PH,2021-02-19 07:00:00,	10.1\r\nFCC.1LUSHUI.PH,2021-02-22 07:00:00,	9.9\r\nFCC.1LUSHUI.PH,2021-02-19 07:00:00,	10.1\r\nFCC.1LUSHUI.PH,2021-02-22 07:00:00,	9.9\r\nFCC.1LUSHUI.PH,2021-02-22 07:00:00,	9.9\r\nFCC.1LUSHUI.PH,2021-02-24 07:00:00,	10\r\nFCC.1LUSHUI.PH,2021-02-24 07:00:00,	10\r\nFCC.1LUSHUI.PH,2021-02-26 07:00:00,	9.9\r\nFCC.1LUSHUI.PH,2021-02-26 07:00:00,	9.9\r\nFCC.1LUSHUI.PH,2021-03-01 07:00:00,	9.9\r\nFCC.1LUSHUI.PH,2021-02-26 07:00:00,	9.9\r\nFCC.1LUSHUI.PH,2021-03-01 07:00:00,	9.9\r\nFCC.1LUSHUI.PH,2021-03-03 07:00:00,	10\r\nFCC.1LUSHUI.PH,2021-03-01 07:00:00,	9.9\r\nFCC.1LUSHUI.PH,2021-03-03 07:00:00,	10\r\nFCC.1LUSHUI.PH,2021-03-05 07:00:00,	10.2\r\nFCC.1LUSHUI.PH,2021-03-03 07:00:00,	10\r\nFCC.1LUSHUI.PH,2021-03-05 07:00:00,	10.2\r\nFCC.1LUSHUI.PH,2021-03-08 07:00:00,	9.8\r\nFCC.1LUSHUI.PH,2021-03-05 07:00:00,	10.2\r\nFCC.1LUSHUI.PH,2021-03-08 07:00:00,	9.8\r\nFCC.1LUSHUI.PH,2021-03-08 07:00:00,	9.8\r\nFCC.1LUSHUI.PH,2021-03-10 07:00:00,	9.6\r\nFCC.1LUSHUI.PH,2021-03-10 07:00:00,	9.6\r\nFCC.1LUSHUI.PH,2021-03-12 07:00:00,	9.7\r\nFCC.1LUSHUI.PH,2021-03-12 07:00:00,	9.7\r\nFCC.1LUSHUI.PH,2021-03-15 07:00:00,	9.6\r\nFCC.1LUSHUI.PH,2021-03-12 07:00:00,	9.7\r\nFCC.1LUSHUI.PH,2021-03-15 07:00:00,	9.6\r\nFCC.1LUSHUI.PH,2021-03-17 07:00:00,	9.8\r\nFCC.1LUSHUI.PH,2021-03-15 07:00:00,	9.6\r\nFCC.1LUSHUI.PH,2021-03-17 07:00:00,	9.8\r\nFCC.1LUSHUI.PH,2021-03-19 07:00:00,	9.6\r\nFCC.1LUSHUI.PH,2021-03-17 07:00:00,	9.8\r\nFCC.1LUSHUI.PH,2021-03-19 07:00:00,	9.6\r\nFCC.1LUSHUI.PH,2021-03-22 07:00:00,	10\r\nFCC.1LUSHUI.PH,2021-03-19 07:00:00,	9.6\r\nFCC.1LUSHUI.PH,2021-03-22 07:00:00,	10\r\nFCC.1LUSHUI.PH,2021-03-22 07:00:00,	10\r\nFCC.1LUSHUI.PH,2021-03-24 07:00:00,	9.7\r\nFCC.1LUSHUI.PH,2021-03-24 07:00:00,	9.7\r\nFCC.1LUSHUI.PH,2021-03-26 07:00:00,	9.9\r\nFCC.1LUSHUI.PH,2021-03-26 07:00:00,	9.9\r\nFCC.1LUSHUI.PH,2021-03-29 07:00:00,	9.6\r\nFCC.1LUSHUI.PH,2021-03-26 07:00:00,	9.9\r\nFCC.1LUSHUI.PH,2021-03-29 07:00:00,	9.6\r\nFCC.1LUSHUI.PH,2021-03-31 07:00:00,	9.6\r\nFCC.1LUSHUI.PH,2021-03-29 07:00:00,	9.6\r\nFCC.1LUSHUI.PH,2021-03-31 07:00:00,	9.6\r\nFCC.1LUSHUI.PH,2021-04-02 07:00:00,	9.9\r\nFCC.1LUSHUI.PH,2021-03-31 07:00:00,	9.6\r\nFCC.1LUSHUI.PH,2021-04-02 07:00:00,	9.9\r\nFCC.1LUSHUI.PH,2021-04-04 07:00:00,	9.8\r\nFCC.1LUSHUI.PH,2021-04-02 07:00:00,	9.9\r\nFCC.1LUSHUI.PH,2021-04-04 07:00:00,	9.8\r\nFCC.1LUSHUI.PH,2021-04-07 07:00:00,	9.7\r\nFCC.1LUSHUI.PH,2021-04-04 07:00:00,	9.8\r\nFCC.1LUSHUI.PH,2021-04-07 07:00:00,	9.7\r\nFCC.1LUSHUI.PH,2021-04-07 07:00:00,	9.7\r\nFCC.1LUSHUI.PH,2021-04-09 07:00:00,	9.8\r\nFCC.1LUSHUI.PH,2021-04-09 07:00:00,	9.8\r\nFCC.1LUSHUI.PH,2021-04-12 07:00:00,	9.9\r\nFCC.1LUSHUI.PH,2021-04-09 07:00:00,	9.8\r\nFCC.1LUSHUI.PH,2021-04-12 07:00:00,	9.9\r\nFCC.1LUSHUI.PH,2021-04-14 07:00:00,	10.2\r\nFCC.1LUSHUI.PH,2021-04-12 07:00:00,	9.9\r\nFCC.1LUSHUI.PH,2021-04-14 07:00:00,	10.2\r\nFCC.1LUSHUI.PH,2021-04-16 07:00:00,	10.2\r\nFCC.1LUSHUI.PH,2021-04-14 07:00:00,	10.2\r\nFCC.1LUSHUI.PH,2021-04-16 07:00:00,	10.2\r\nFCC.1LUSHUI.PH,2021-04-19 07:00:00,	9.9\r\nFCC.1LUSHUI.PH,2021-04-16 07:00:00,	10.2\r\nFCC.1LUSHUI.PH,2021-04-19 07:00:00,	9.9\r\nFCC.1LUSHUI.PH,2021-04-19 07:00:00,	9.9\r\nFCC.1LUSHUI.PH,2021-04-21 07:00:00,	10\r\nFCC.1LUSHUI.PH,2021-04-21 07:00:00,	10\r\nFCC.1LUSHUI.PH,2021-04-23 07:00:00,	10\r\nFCC.1LUSHUI.PH,2021-04-23 07:00:00,	10\r\nFCC.1LUSHUI.PH,2021-04-26 07:00:00,	10.1\r\nFCC.1LUSHUI.PH,2021-04-23 07:00:00,	10\r\nFCC.1LUSHUI.PH,2021-04-26 07:00:00,	10.1\r\nFCC.1LUSHUI.PH,2021-04-28 07:00:00,	9.8\r\nFCC.1LUSHUI.PH,2021-04-26 07:00:00,	10.1\r\nFCC.1LUSHUI.PH,2021-04-28 07:00:00,	9.8\r\nFCC.1LUSHUI.PH,2021-04-30 07:00:00,	9.9\r\nFCC.1LUSHUI.PH,2021-04-28 07:00:00,	9.8\r\nFCC.1LUSHUI.PH,2021-04-30 07:00:00,	9.9\r\nFCC.1LUSHUI.PH,2021-05-03 07:00:00,	9.9\r\nFCC.1LUSHUI.PH,2021-04-30 07:00:00,	9.9\r\nFCC.1LUSHUI.PH,2021-05-03 07:00:00,	9.9\r\nFCC.1LUSHUI.PH,2021-05-03 07:00:00,	9.9\r\nFCC.1LUSHUI.PH,2021-05-05 07:00:00,	9.3\r\nFCC.1LUSHUI.PH,2021-05-05 07:00:00,	9.3\r\nFCC.1LUSHUI.PH,2021-05-07 07:00:00,	9.9\r\nFCC.1LUSHUI.PH,2021-05-07 07:00:00,	9.9\r\nFCC.1LUSHUI.PH,2021-05-10 07:00:00,	9.7\r\nFCC.1LUSHUI.PH,2021-05-07 07:00:00,	9.9\r\nFCC.1LUSHUI.PH,2021-05-10 07:00:00,	9.7\r\nFCC.1LUSHUI.PH,2021-05-12 07:00:00,	9.9\r\nFCC.1LUSHUI.PH,2021-05-10 07:00:00,	9.7\r\nFCC.1LUSHUI.PH,2021-05-12 07:00:00,	9.9\r\nFCC.1LUSHUI.PH,2021-05-14 07:00:00,	9.3\r\nFCC.1LUSHUI.PH,2021-05-12 07:00:00,	9.9\r\nFCC.1LUSHUI.PH,2021-05-14 07:00:00,	9.3\r\nFCC.1LUSHUI.PH,2021-05-17 07:00:00,	9.4\r\nFCC.1LUSHUI.PH,2021-05-14 07:00:00,	9.3\r\nFCC.1LUSHUI.PH,2021-05-17 07:00:00,	9.4\r\nFCC.1LUSHUI.PH,2021-05-17 07:00:00,	9.4\r\nFCC.1LUSHUI.PH,2021-05-19 07:00:00,	9.7\r\nFCC.1LUSHUI.PH,2021-05-19 07:00:00,	9.7\r\nFCC.1LUSHUI.PH,2021-05-21 07:00:00,	9.2\r\nFCC.1LUSHUI.PH,2021-05-21 07:00:00,	9.2\r\nFCC.1LUSHUI.PH,2021-05-24 07:00:00,	9.7\r\nFCC.1LUSHUI.PH,2021-05-21 07:00:00,	9.2\r\nFCC.1LUSHUI.PH,2021-05-24 07:00:00,	9.7\r\nFCC.1LUSHUI.PH,2021-05-26 07:00:00,	9.2\r\nFCC.1LUSHUI.PH,2021-05-24 07:00:00,	9.7\r\nFCC.1LUSHUI.PH,2021-05-26 07:00:00,	9.2\r\nFCC.1LUSHUI.PH,2021-05-28 07:00:00,	9.9\r\nFCC.1LUSHUI.PH,2021-05-26 07:00:00,	9.2\r\nFCC.1LUSHUI.PH,2021-05-28 07:00:00,	9.9\r\nFCC.1LUSHUI.PH,2021-05-31 07:00:00,	9.6\r\nFCC.1LUSHUI.PH,2021-05-28 07:00:00,	9.9\r\nFCC.1LUSHUI.PH,2021-05-31 07:00:00,	9.6\r\nFCC.1LUSHUI.PH,2021-05-31 07:00:00,	9.6\r\nFCC.1LUSHUI.PH,2021-06-02 07:00:00,	9\r\nFCC.1LUSHUI.PH,2021-06-02 07:00:00,	9\r\nFCC.1LUSHUI.PH,2021-06-04 07:00:00,	9.3\r\nFCC.1LUSHUI.PH,2021-06-04 07:00:00,	9.3\r\nFCC.1LUSHUI.PH,2021-06-07 07:00:00,	9.7\r\nFCC.1LUSHUI.PH,2021-06-04 07:00:00,	9.3\r\nFCC.1LUSHUI.PH,2021-06-07 07:00:00,	9.7\r\nFCC.1LUSHUI.PH,2021-06-09 07:00:00,	9.6\r\nFCC.1LUSHUI.PH,2021-06-07 07:00:00,	9.7\r\nFCC.1LUSHUI.PH,2021-06-09 07:00:00,	9.6\r\nFCC.1LUSHUI.PH,2021-06-11 07:00:00,	9.4\r\nFCC.1LUSHUI.PH,2021-06-09 07:00:00,	9.6\r\nFCC.1LUSHUI.PH,2021-06-11 07:00:00,	9.4\r\nFCC.1LUSHUI.PH,2021-06-14 07:00:00,	9.4\r\nFCC.1LUSHUI.PH,2021-06-11 07:00:00,	9.4\r\nFCC.1LUSHUI.PH,2021-06-14 07:00:00,	9.4\r\nFCC.1LUSHUI.PH,2021-06-14 07:00:00,	9.4\r\nFCC.1LUSHUI.PH,2021-06-16 07:00:00,	9\r\nFCC.1LUSHUI.PH,2021-06-16 07:00:00,	9\r\nFCC.1LUSHUI.PH,2021-06-18 07:00:00,	10.2\r\nFCC.1LUSHUI.PH,2021-06-18 07:00:00,	10.2\r\nFCC.1LUSHUI.PH,2021-06-21 07:00:00,	9.3\r\nFCC.1LUSHUI.PH,2021-06-18 07:00:00,	10.2\r\nFCC.1LUSHUI.PH,2021-06-21 07:00:00,	9.3\r\nFCC.1LUSHUI.PH,2021-06-23 07:00:00,	9.1\r\nFCC.1LUSHUI.PH,2021-06-21 07:00:00,	9.3\r\nFCC.1LUSHUI.PH,2021-06-23 07:00:00,	9.1\r\nFCC.1LUSHUI.PH,2021-06-25 07:00:00,	9\r\nFCC.1LUSHUI.PH,2021-06-23 07:00:00,	9.1\r\nFCC.1LUSHUI.PH,2021-06-25 07:00:00,	9\r\nFCC.1LUSHUI.PH,2021-06-28 07:00:00,	9.7\r\nFCC.1LUSHUI.PH,2021-06-25 07:00:00,	9\r\nFCC.1LUSHUI.PH,2021-06-28 07:00:00,	9.7\r\nFCC.1LUSHUI.PH,2021-06-28 07:00:00,	9.7\r\nFCC.1LUSHUI.PH,2021-06-30 07:00:00,	9.4\r\nFCC.1LUSHUI.PH,2021-06-30 07:00:00,	9.4\r\nFCC.1LUSHUI.PH,2021-07-02 07:00:00,	9.5\r\nFCC.1LUSHUI.PH,2021-07-02 07:00:00,	9.5\r\nFCC.1LUSHUI.PH,2021-07-05 07:00:00,	9.4\r\nFCC.1LUSHUI.PH,2021-07-02 07:00:00,	9.5\r\nFCC.1LUSHUI.PH,2021-07-05 07:00:00,	9.4\r\nFCC.1LUSHUI.PH,2021-07-07 07:00:00,	9.3\r\nFCC.1LUSHUI.PH,2021-07-05 07:00:00,	9.4\r\nFCC.1LUSHUI.PH,2021-07-07 07:00:00,	9.3\r\nFCC.1LUSHUI.PH,2021-07-09 07:00:00,	9.5\r\nFCC.1LUSHUI.PH,2021-07-07 07:00:00,	9.3\r\nFCC.1LUSHUI.PH,2021-07-09 07:00:00,	9.5\r\nFCC.1LUSHUI.PH,2021-07-12 07:00:00,	9.8\r\nFCC.1LUSHUI.PH,2021-07-09 07:00:00,	9.5\r\nFCC.1LUSHUI.PH,2021-07-12 07:00:00,	9.8\r\nFCC.1LUSHUI.PH,2021-07-12 07:00:00,	9.8\r\nFCC.1LUSHUI.PH,2021-07-14 07:00:00,	10\r\nFCC.1LUSHUI.PH,2021-07-14 07:00:00,	10\r\nFCC.1LUSHUI.PH,2021-07-16 07:00:00,	9.4\r\nFCC.1LUSHUI.PH,2021-07-16 07:00:00,	9.4\r\nFCC.1LUSHUI.PH,2021-07-19 07:00:00,	9.4\r\nFCC.1LUSHUI.PH,2021-07-16 07:00:00,	9.4\r\nFCC.1LUSHUI.PH,2021-07-19 07:00:00,	9.4\r\nFCC.1LUSHUI.PH,2021-07-21 07:00:00,	9.3\r\nFCC.1LUSHUI.PH,2021-07-19 07:00:00,	9.4\r\nFCC.1LUSHUI.PH,2021-07-21 07:00:00,	9.3\r\nFCC.1LUSHUI.PH,2021-07-23 07:00:00,	9.6\r\nFCC.1LUSHUI.PH,2021-07-21 07:00:00,	9.3\r\nFCC.1LUSHUI.PH,2021-07-23 07:00:00,	9.6\r\nFCC.1LUSHUI.PH,2021-07-26 07:00:00,	9.3\r\nFCC.1LUSHUI.PH,2021-07-23 07:00:00,	9.6\r\nFCC.1LUSHUI.PH,2021-07-26 07:00:00,	9.3\r\nFCC.1LUSHUI.PH,2021-07-26 07:00:00,	9.3\r\nFCC.1LUSHUI.PH,2021-07-28 07:00:00,	9.4\r\nFCC.1LUSHUI.PH,2021-07-28 07:00:00,	9.4\r\nFCC.1LUSHUI.PH,2021-07-30 07:00:00,	9\r\nFCC.1LUSHUI.PH,2021-07-30 07:00:00,	9\r\nFCC.1LUSHUI.PH,2021-08-02 07:00:00,	9.2\r\nFCC.1LUSHUI.PH,2021-07-30 07:00:00,	9\r\nFCC.1LUSHUI.PH,2021-08-02 07:00:00,	9.2\r\nFCC.1LUSHUI.PH,2021-08-04 07:00:00,	9\r\nFCC.1LUSHUI.PH,2021-08-02 07:00:00,	9.2\r\nFCC.1LUSHUI.PH,2021-08-04 07:00:00,	9\r\nFCC.1LUSHUI.PH,2021-08-06 07:00:00,	10.2\r\nFCC.1LUSHUI.PH,2021-08-04 07:00:00,	9\r\nFCC.1LUSHUI.PH,2021-08-06 07:00:00,	10.2\r\nFCC.1LUSHUI.PH,2021-08-09 07:00:00,	9.7\r\nFCC.1LUSHUI.PH,2021-08-06 07:00:00,	10.2\r\nFCC.1LUSHUI.PH,2021-08-09 07:00:00,	9.7\r\nFCC.1LUSHUI.PH,2021-08-09 07:00:00,	9.7\r\nFCC.1LUSHUI.PH,2021-08-11 07:00:00,	9.4\r\nFCC.1LUSHUI.PH,2021-08-11 07:00:00,	9.4\r\nFCC.1LUSHUI.PH,2021-08-13 07:00:00,	9.9\r\nFCC.1LUSHUI.PH,2021-08-13 07:00:00,	9.9\r\nFCC.1LUSHUI.PH,2021-08-16 07:00:00,	9.9\r\nFCC.1LUSHUI.PH,2021-08-13 07:00:00,	9.9\r\nFCC.1LUSHUI.PH,2021-08-16 07:00:00,	9.9\r\nFCC.1LUSHUI.PH,2021-08-18 07:00:00,	9.9\r\nFCC.1LUSHUI.PH,2021-08-16 07:00:00,	9.9\r\nFCC.1LUSHUI.PH,2021-08-18 07:00:00,	9.9\r\nFCC.1LUSHUI.PH,2021-08-20 07:00:00,	9.6\r\nFCC.1LUSHUI.PH,2021-08-18 07:00:00,	9.9\r\nFCC.1LUSHUI.PH,2021-08-20 07:00:00,	9.6\r\nFCC.1LUSHUI.PH,2021-08-23 07:00:00,	9.9\r\nFCC.1LUSHUI.PH,2021-08-20 07:00:00,	9.6\r\nFCC.1LUSHUI.PH,2021-08-23 07:00:00,	9.9\r\nFCC.1LUSHUI.PH,2021-08-23 07:00:00,	9.9\r\nFCC.1LUSHUI.PH,2021-08-25 07:00:00,	9.2\r\nFCC.1LUSHUI.PH,2021-08-25 07:00:00,	9.2\r\nFCC.1LUSHUI.PH,2021-08-27 07:00:00,	9.2\r\nFCC.1LUSHUI.PH,2021-08-27 07:00:00,	9.2\r\nFCC.1LUSHUI.PH,2021-08-30 07:00:00,	9.2\r\nFCC.1LUSHUI.PH,2021-08-27 07:00:00,	9.2\r\nFCC.1LUSHUI.PH,2021-08-30 07:00:00,	9.2\r\nFCC.1LUSHUI.PH,2021-09-01 07:00:00,	9\r\nFCC.1LUSHUI.PH,2021-08-30 07:00:00,	9.2\r\nFCC.1LUSHUI.PH,2021-09-01 07:00:00,	9\r\nFCC.1LUSHUI.PH,2021-09-03 07:00:00,	9\r\nFCC.1LUSHUI.PH,2021-09-01 07:00:00,	9\r\nFCC.1LUSHUI.PH,2021-09-03 07:00:00,	9\r\nFCC.1LUSHUI.PH,2021-09-06 07:00:00,	9.4\r\nFCC.1LUSHUI.PH,2021-09-03 07:00:00,	9\r\nFCC.1LUSHUI.PH,2021-09-06 07:00:00,	9.4\r\nFCC.1LUSHUI.PH,2021-09-06 07:00:00,	9.4\r\nFCC.1LUSHUI.PH,2021-09-08 07:00:00,	9.4\r\nFCC.1LUSHUI.PH,2021-09-08 07:00:00,	9.4\r\nFCC.1LUSHUI.PH,2021-09-10 07:00:00,	9\r\nFCC.1LUSHUI.PH,2021-09-10 07:00:00,	9\r\nFCC.1LUSHUI.PH,2021-09-13 07:00:00,	9\r\nFCC.1LUSHUI.PH,2021-09-10 07:00:00,	9\r\nFCC.1LUSHUI.PH,2021-09-13 07:00:00,	9\r\nFCC.1LUSHUI.PH,2021-09-15 07:00:00,	9\r\nFCC.1LUSHUI.PH,2021-09-13 07:00:00,	9\r\nFCC.1LUSHUI.PH,2021-09-15 07:00:00,	9\r\nFCC.1LUSHUI.PH,2021-09-17 07:00:00,	9.7\r\nFCC.1LUSHUI.PH,2021-09-15 07:00:00,	9\r\nFCC.1LUSHUI.PH,2021-09-17 07:00:00,	9.7\r\nFCC.1LUSHUI.PH,2021-09-20 07:00:00,	9\r\nFCC.1LUSHUI.PH,2021-09-17 07:00:00,	9.7\r\nFCC.1LUSHUI.PH,2021-09-20 07:00:00,	9\r\nFCC.1LUSHUI.PH,2021-09-20 07:00:00,	9\r\nFCC.1LUSHUI.PH,2021-09-22 07:00:00,	10.1\r\nFCC.1LUSHUI.PH,2021-09-22 07:00:00,	10.1\r\nFCC.1LUSHUI.PH,2021-09-24 07:00:00,	9.2\r\nFCC.1LUSHUI.PH,2021-09-24 07:00:00,	9.2\r\nFCC.1LUSHUI.PH,2021-09-27 07:00:00,	10.6\r\nFCC.1LUSHUI.PH,2021-09-24 07:00:00,	9.2\r\nFCC.1LUSHUI.PH,2021-09-27 07:00:00,	10.6\r\nFCC.1LUSHUI.PH,2021-09-29 07:00:00,	9.3\r\nFCC.1LUSHUI.PH,2021-09-27 07:00:00,	10.6\r\nFCC.1LUSHUI.PH,2021-09-29 07:00:00,	9.3\r\nFCC.1LUSHUI.PH,2021-10-01 07:00:00,	9\r\nFCC.1LUSHUI.PH,2021-09-29 07:00:00,	9.3\r\nFCC.1LUSHUI.PH,2021-10-01 07:00:00,	9\r\nFCC.1LUSHUI.PH,2021-10-02 07:00:00,	9.5\r\nFCC.1LUSHUI.PH,2021-10-02 07:00:00,	9.5\r\nFCC.1LUSHUI.PH,2021-10-06 07:00:00,	9.5\r\nFCC.1LUSHUI.PH,2021-10-02 07:00:00,	9.5\r\nFCC.1LUSHUI.PH,2021-10-06 07:00:00,	9.5\r\nFCC.1LUSHUI.PH,2021-10-06 07:00:00,	9.5\r\nFCC.1LUSHUI.PH,2021-10-08 07:00:00,	10.1\r\nFCC.1LUSHUI.PH,2021-10-08 07:00:00,	10.1\r\nFCC.1LUSHUI.PH,2021-10-11 07:00:00,	10.4\r\nFCC.1LUSHUI.PH,2021-10-08 07:00:00,	10.1\r\nFCC.1LUSHUI.PH,2021-10-11 07:00:00,	10.4\r\nFCC.1LUSHUI.PH,2021-10-13 07:00:00,	10.2\r\nFCC.1LUSHUI.PH,2021-10-11 07:00:00,	10.4\r\nFCC.1LUSHUI.PH,2021-10-13 07:00:00,	10.2\r\nFCC.1LUSHUI.PH,2021-10-15 07:00:00,	11\r\nFCC.1LUSHUI.PH,2021-10-13 07:00:00,	10.2\r\nFCC.1LUSHUI.PH,2021-10-15 07:00:00,	11\r\nFCC.1LUSHUI.PH,2021-10-18 07:00:00,	9.9\r\nFCC.1LUSHUI.PH,2021-10-15 07:00:00,	11\r\nFCC.1LUSHUI.PH,2021-10-18 07:00:00,	9.9\r\nFCC.1LUSHUI.PH,2021-10-18 07:00:00,	9.9\r\nFCC.1LUSHUI.PH,2021-10-20 07:00:00,	9\r\nFCC.1LUSHUI.PH,2021-10-20 07:00:00,	9\r\nFCC.1LUSHUI.PH,2021-10-22 07:00:00,	10.4\r\nFCC.1LUSHUI.PH,2021-10-22 07:00:00,	10.4\r\nFCC.1LUSHUI.PH,2021-10-25 07:00:00,	10.4\r\nFCC.1LUSHUI.PH,2021-10-22 07:00:00,	10.4\r\nFCC.1LUSHUI.PH,2021-10-25 07:00:00,	10.4\r\nFCC.1LUSHUI.PH,2021-10-27 07:00:00,	11\r\nFCC.1LUSHUI.PH,2021-10-25 07:00:00,	10.4\r\nFCC.1LUSHUI.PH,2021-10-27 07:00:00,	11\r\nFCC.1LUSHUI.PH,2021-10-29 07:00:00,	9.9\r\nFCC.1LUSHUI.PH,2021-10-27 07:00:00,	11\r\nFCC.1LUSHUI.PH,2021-10-29 07:00:00,	9.9\r\nFCC.1LUSHUI.PH,2021-11-01 07:00:00,	10.4\r\nFCC.1LUSHUI.PH,2021-10-29 07:00:00,	9.9\r\nFCC.1LUSHUI.PH,2021-11-01 07:00:00,	10.4\r\nFCC.1LUSHUI.PH,2021-11-01 07:00:00,	10.4\r\nFCC.1LUSHUI.PH,2021-11-03 07:00:00,	10.5\r\nFCC.1LUSHUI.PH,2021-11-03 07:00:00,	10.5\r\nFCC.1LUSHUI.PH,2021-11-05 07:00:00,	9\r\nFCC.1LUSHUI.PH,2021-11-05 07:00:00,	9\r\nFCC.1LUSHUI.PH,2021-11-08 07:00:00,	10.4\r\nFCC.1LUSHUI.PH,2021-11-05 07:00:00,	9\r\nFCC.1LUSHUI.PH,2021-11-08 07:00:00,	10.4\r\nFCC.1LUSHUI.PH,2021-11-10 07:00:00,	9.8\r\nFCC.1LUSHUI.PH,2021-11-08 07:00:00,	10.4\r\nFCC.1LUSHUI.PH,2021-11-10 07:00:00,	9.8\r\nFCC.1LUSHUI.PH,2021-11-12 07:00:00,	11\r\nFCC.1LUSHUI.PH,2021-11-10 07:00:00,	9.8\r\nFCC.1LUSHUI.PH,2021-11-12 07:00:00,	11\r\nFCC.1LUSHUI.PH,2021-11-15 07:00:00,	9.1\r\nFCC.1LUSHUI.PH,2021-11-12 07:00:00,	11\r\nFCC.1LUSHUI.PH,2021-11-15 07:00:00,	9.1\r\nFCC.1LUSHUI.PH,2021-11-15 07:00:00,	9.1\r\nFCC.1LUSHUI.PH,2021-11-17 07:00:00,	10.4\r\nFCC.1LUSHUI.PH,2021-11-17 07:00:00,	10.4\r\nFCC.1LUSHUI.PH,2021-11-19 07:00:00,	10.4\r\nFCC.1LUSHUI.PH,2021-11-19 07:00:00,	10.4\r\nFCC.1LUSHUI.PH,2021-11-22 07:00:00,	11\r\nFCC.1LUSHUI.PH,2021-11-19 07:00:00,	10.4\r\nFCC.1LUSHUI.PH,2021-11-22 07:00:00,	11\r\nFCC.1LUSHUI.PH,2021-11-24 07:00:00,	10.9\r\nFCC.1LUSHUI.PH,2021-11-22 07:00:00,	11\r\nFCC.1LUSHUI.PH,2021-11-24 07:00:00,	10.9\r\nFCC.1LUSHUI.PH,2021-11-26 07:00:00,	10.1\r\nFCC.1LUSHUI.PH,2021-11-24 07:00:00,	10.9\r\nFCC.1LUSHUI.PH,2021-11-26 07:00:00,	10.1\r\nFCC.1LUSHUI.PH,2021-11-29 07:00:00,	10.3\r\nFCC.1LUSHUI.PH,2021-11-26 07:00:00,	10.1\r\nFCC.1LUSHUI.PH,2021-11-29 07:00:00,	10.3\r\nFCC.1LUSHUI.PH,2021-11-29 07:00:00,	10.3\r\nFCC.1LUSHUI.PH,2021-12-01 07:00:00,	10.6\r\nFCC.1LUSHUI.PH,2021-12-01 07:00:00,	10.6\r\nFCC.1LUSHUI.PH,2021-12-03 07:00:00,	10.5\r\nFCC.1LUSHUI.PH,2021-12-03 07:00:00,	10.5\r\nFCC.1LUSHUI.PH,2021-12-06 07:00:00,	10\r\nFCC.1LUSHUI.PH,2021-12-03 07:00:00,	10.5\r\nFCC.1LUSHUI.PH,2021-12-06 07:00:00,	10\r\nFCC.1LUSHUI.PH,2021-12-08 07:00:00,	9.6\r\nFCC.1LUSHUI.PH,2021-12-06 07:00:00,	10\r\nFCC.1LUSHUI.PH,2021-12-08 07:00:00,	9.6\r\nFCC.1LUSHUI.PH,2021-12-10 07:00:00,	9.9\r\nFCC.1LUSHUI.PH,2021-12-08 07:00:00,	9.6\r\nFCC.1LUSHUI.PH,2021-12-10 07:00:00,	9.9\r\nFCC.1LUSHUI.PH,2021-12-13 07:00:00,	10.4\r\nFCC.1LUSHUI.PH,2021-12-10 07:00:00,	9.9\r\nFCC.1LUSHUI.PH,2021-12-13 07:00:00,	10.4\r\nFCC.1LUSHUI.PH,2021-12-13 07:00:00,	10.4\r\nFCC.1LUSHUI.PH,2021-12-15 07:00:00,	11\r\nFCC.1LUSHUI.PH,2021-12-15 07:00:00,	11\r\nFCC.1LUSHUI.PH,2021-12-17 07:00:00,	10.8\r\nFCC.1LUSHUI.PH,2021-12-17 07:00:00,	10.8\r\nFCC.1LUSHUI.PH,2021-12-20 07:00:00,	10.8\r\nFCC.1LUSHUI.PH,2021-12-17 07:00:00,	10.8\r\nFCC.1LUSHUI.PH,2021-12-20 07:00:00,	10.8\r\nFCC.1LUSHUI.PH,2021-12-22 07:00:00,	10.6\r\nFCC.1LUSHUI.PH,2021-12-20 07:00:00,	10.8\r\nFCC.1LUSHUI.PH,2021-12-22 07:00:00,	10.6\r\nFCC.1LUSHUI.PH,2021-12-24 07:00:00,	10.6\r\nFCC.1LUSHUI.PH,2021-12-22 07:00:00,	10.6\r\nFCC.1LUSHUI.PH,2021-12-24 07:00:00,	10.6\r\nFCC.1LUSHUI.PH,2021-12-27 07:00:00,	10.6\r\nFCC.1LUSHUI.PH,2021-12-24 07:00:00,	10.6\r\nFCC.1LUSHUI.PH,2021-12-27 07:00:00,	10.6\r\nFCC.1LUSHUI.PH,2021-12-27 07:00:00,	10.6\r\nFCC.1LUSHUI.PH,2021-12-29 07:00:00,	10.5\r\nFCC.1LUSHUI.PH,2021-12-29 07:00:00,	10.5\r\nFCC.1LUSHUI.PH,2021-12-31 07:00:00,	9\r\nFCC.1LUSHUI.PH,2021-12-31 07:00:00,	9\r\nFCC.1LUSHUI.PH,2022-01-03 07:00:00,	9.8\r\nFCC.1LUSHUI.PH,2021-12-31 07:00:00,	9\r\nFCC.1LUSHUI.PH,2022-01-03 07:00:00,	9.8\r\nFCC.1LUSHUI.PH,2022-01-05 07:00:00,	10\r\nFCC.1LUSHUI.PH,2022-01-03 07:00:00,	9.8\r\nFCC.1LUSHUI.PH,2022-01-05 07:00:00,	10\r\nFCC.1LUSHUI.PH,2022-01-07 07:00:00,	9.8\r\nFCC.1LUSHUI.PH,2022-01-05 07:00:00,	10\r\nFCC.1LUSHUI.PH,2022-01-07 07:00:00,	9.8\r\nFCC.1LUSHUI.PH,2022-01-10 07:00:00,	10.3\r\nFCC.1LUSHUI.PH,2022-01-07 07:00:00,	9.8\r\nFCC.1LUSHUI.PH,2022-01-10 07:00:00,	10.3\r\nFCC.1LUSHUI.PH,2022-01-10 07:00:00,	10.3\r\nFCC.1LUSHUI.PH,2022-01-12 07:00:00,	10.7\r\nFCC.1LUSHUI.PH,2022-01-12 07:00:00,	10.7\r\nFCC.1LUSHUI.PH,2022-01-14 07:00:00,	10.4\r\nFCC.1LUSHUI.PH,2022-01-14 07:00:00,	10.4\r\nFCC.1LUSHUI.PH,2022-01-17 07:00:00,	10\r\nFCC.1LUSHUI.PH,2022-01-14 07:00:00,	10.4\r\nFCC.1LUSHUI.PH,2022-01-17 07:00:00,	10\r\nFCC.1LUSHUI.PH,2022-01-19 07:00:00,	9.4\r\nFCC.1LUSHUI.PH,2022-01-17 07:00:00,	10\r\nFCC.1LUSHUI.PH,2022-01-19 07:00:00,	9.4\r\nFCC.1LUSHUI.PH,2022-01-21 07:00:00,	9.7\r\nFCC.1LUSHUI.PH,2022-01-19 07:00:00,	9.4\r\nFCC.1LUSHUI.PH,2022-01-21 07:00:00,	9.7\r\nFCC.1LUSHUI.PH,2022-01-24 07:00:00,	9.3\r\nFCC.1LUSHUI.PH,2022-01-21 07:00:00,	9.7\r\nFCC.1LUSHUI.PH,2022-01-24 07:00:00,	9.3\r\nFCC.1LUSHUI.PH,2022-01-24 07:00:00,	9.3\r\nFCC.1LUSHUI.PH,2022-01-26 07:00:00,	10.7\r\nFCC.1LUSHUI.PH,2022-01-26 07:00:00,	10.7\r\nFCC.1LUSHUI.PH,2022-01-28 07:00:00,	11\r\nFCC.1LUSHUI.PH,2022-01-28 07:00:00,	11\r\nFCC.1LUSHUI.PH,2022-01-31 07:00:00,	10.8\r\nFCC.1LUSHUI.PH,2022-01-28 07:00:00,	11\r\nFCC.1LUSHUI.PH,2022-01-31 07:00:00,	10.8\r\nFCC.1LUSHUI.PH,2022-02-02 07:00:00,	10.7\r\nFCC.1LUSHUI.PH,2022-01-31 07:00:00,	10.8\r\nFCC.1LUSHUI.PH,2022-02-02 07:00:00,	10.7\r\nFCC.1LUSHUI.PH,2022-02-04 07:00:00,	9.7\r\nFCC.1LUSHUI.PH,2022-02-02 07:00:00,	10.7\r\nFCC.1LUSHUI.PH,2022-02-04 07:00:00,	9.7\r\nFCC.1LUSHUI.PH,2022-02-07 07:00:00,	10.2\r\nFCC.1LUSHUI.PH,2022-02-04 07:00:00,	9.7\r\nFCC.1LUSHUI.PH,2022-02-07 07:00:00,	10.2\r\nFCC.1LUSHUI.PH,2022-02-07 07:00:00,	10.2\r\nFCC.1LUSHUI.PH,2022-02-09 07:00:00,	10.2\r\nFCC.1LUSHUI.PH,2022-02-09 07:00:00,	10.2\r\nFCC.1LUSHUI.PH,2022-02-11 07:00:00,	9.8\r\nFCC.1LUSHUI.PH,2022-02-11 07:00:00,	9.8\r\nFCC.1LUSHUI.PH,2022-02-14 07:00:00,	10.4\r\nFCC.1LUSHUI.PH,2022-02-11 07:00:00,	9.8\r\nFCC.1LUSHUI.PH,2022-02-14 07:00:00,	10.4\r\nFCC.1LUSHUI.PH,2022-02-16 07:00:00,	10.4\r\nFCC.1LUSHUI.PH,2022-02-14 07:00:00,	10.4\r\nFCC.1LUSHUI.PH,2022-02-16 07:00:00,	10.4\r\nFCC.1LUSHUI.PH,2022-02-18 07:00:00,	9.4\r\nFCC.1LUSHUI.PH,2022-02-16 07:00:00,	10.4\r\nFCC.1LUSHUI.PH,2022-02-18 07:00:00,	9.4\r\nFCC.1LUSHUI.PH,2022-02-21 07:00:00,	10\r\nFCC.1LUSHUI.PH,2022-02-18 07:00:00,	9.4\r\nFCC.1LUSHUI.PH,2022-02-21 07:00:00,	10\r\nFCC.1LUSHUI.PH,2022-02-21 07:00:00,	10\r\nFCC.1LUSHUI.PH,2022-02-23 07:00:00,	9.4\r\nFCC.1LUSHUI.PH,2022-02-23 07:00:00,	9.4\r\nFCC.1LUSHUI.PH,2022-02-25 07:00:00,	9.4\r\nFCC.1LUSHUI.PH,2022-02-25 07:00:00,	9.4\r\nFCC.1LUSHUI.PH,2022-02-28 07:00:00,	9\r\nFCC.1LUSHUI.PH,2022-02-25 07:00:00,	9.4\r\nFCC.1LUSHUI.PH,2022-02-28 07:00:00,	9\r\nFCC.1LUSHUI.PH,2022-03-02 07:00:00,	10.9\r\nFCC.1LUSHUI.PH,2022-02-28 07:00:00,	9\r\nFCC.1LUSHUI.PH,2022-03-02 07:00:00,	10.9\r\nFCC.1LUSHUI.PH,2022-03-04 07:00:00,	10.4\r\nFCC.1LUSHUI.PH,2022-03-02 07:00:00,	10.9\r\nFCC.1LUSHUI.PH,2022-03-04 07:00:00,	10.4\r\nFCC.1LUSHUI.PH,2022-03-07 07:00:00,	9\r\nFCC.1LUSHUI.PH,2022-03-04 07:00:00,	10.4\r\nFCC.1LUSHUI.PH,2022-03-07 07:00:00,	9\r\nFCC.1LUSHUI.PH,2022-03-07 07:00:00,	9\r\nFCC.1LUSHUI.PH,2022-03-09 07:00:00,	11\r\nFCC.1LUSHUI.PH,2022-03-09 07:00:00,	11\r\nFCC.1LUSHUI.PH,2022-03-11 07:00:00,	9.8\r\nFCC.1LUSHUI.PH,2022-03-11 07:00:00,	9.8\r\nFCC.1LUSHUI.PH,2022-03-14 07:00:00,	10.2\r\nFCC.1LUSHUI.PH,2022-03-11 07:00:00,	9.8\r\nFCC.1LUSHUI.PH,2022-03-14 07:00:00,	10.2\r\nFCC.1LUSHUI.PH,2022-03-16 07:00:00,	10.7\r\nFCC.1LUSHUI.PH,2022-03-14 07:00:00,	10.2\r\nFCC.1LUSHUI.PH,2022-03-16 07:00:00,	10.7\r\nFCC.1LUSHUI.PH,2022-03-18 07:00:00,	10.1\r\nFCC.1LUSHUI.PH,2022-03-16 07:00:00,	10.7\r\nFCC.1LUSHUI.PH,2022-03-18 07:00:00,	10.1\r\nFCC.1LUSHUI.PH,2022-03-21 07:00:00,	9.2\r\nFCC.1LUSHUI.PH,2022-03-18 07:00:00,	10.1\r\nFCC.1LUSHUI.PH,2022-03-21 07:00:00,	9.2\r\nFCC.1LUSHUI.PH,2022-03-21 07:00:00,	9.2\r\nFCC.1LUSHUI.PH,2022-03-23 07:00:00,	9.8\r\nFCC.1LUSHUI.PH,2022-03-23 07:00:00,	9.8\r\nFCC.1LUSHUI.PH,2022-03-25 07:00:00,	10.4\r\nFCC.1LUSHUI.PH,2022-03-25 07:00:00,	10.4\r\nFCC.1LUSHUI.PH,2022-03-28 07:00:00,	9.7\r\nFCC.1LUSHUI.PH,2022-03-25 07:00:00,	10.4\r\nFCC.1LUSHUI.PH,2022-03-28 07:00:00,	9.7\r\nFCC.1LUSHUI.PH,2022-03-30 07:00:00,	9\r\nFCC.1LUSHUI.PH,2022-03-28 07:00:00,	9.7\r\nFCC.1LUSHUI.PH,2022-03-30 07:00:00,	9\r\nFCC.1LUSHUI.PH,2022-04-01 07:00:00,	11\r\nFCC.1LUSHUI.PH,2022-03-30 07:00:00,	9\r\nFCC.1LUSHUI.PH,2022-04-01 07:00:00,	11\r\nFCC.1LUSHUI.PH,2022-04-04 07:00:00,	11\r\nFCC.1LUSHUI.PH,2022-04-01 07:00:00,	11\r\nFCC.1LUSHUI.PH,2022-04-04 07:00:00,	11\r\nFCC.1LUSHUI.PH,2022-04-04 07:00:00,	11\r\nFCC.1LUSHUI.PH,2022-04-06 07:00:00,	11\r\nFCC.1LUSHUI.PH,2022-04-06 07:00:00,	11\r\nFCC.1LUSHUI.PH,2022-04-08 07:00:00,	10.7\r\nFCC.1LUSHUI.PH,2022-04-08 07:00:00,	10.7\r\nFCC.1LUSHUI.PH,2022-04-11 07:00:00,	11\r\nFCC.1LUSHUI.PH,2022-04-08 07:00:00,	10.7\r\nFCC.1LUSHUI.PH,2022-04-11 07:00:00,	11\r\nFCC.1LUSHUI.PH,2022-04-13 07:00:00,	11\r\nFCC.1LUSHUI.PH,2022-04-11 07:00:00,	11\r\nFCC.1LUSHUI.PH,2022-04-13 07:00:00,	11\r\nFCC.1LUSHUI.PH,2022-04-15 07:00:00,	11\r\nFCC.1LUSHUI.PH,2022-04-13 07:00:00,	11\r\nFCC.1LUSHUI.PH,2022-04-15 07:00:00,	11\r\nFCC.1LUSHUI.PH,2022-04-18 07:00:00,	10.8\r\nFCC.1LUSHUI.PH,2022-04-15 07:00:00,	11\r\nFCC.1LUSHUI.PH,2022-04-18 07:00:00,	10.8\r\nFCC.1LUSHUI.PH,2022-04-18 07:00:00,	10.8\r\nFCC.1LUSHUI.PH,2022-04-20 07:00:00,	11\r\nFCC.1LUSHUI.PH,2022-04-20 07:00:00,	11\r\nFCC.1LUSHUI.PH,2022-04-22 07:00:00,	10.8\r\nFCC.1LUSHUI.PH,2022-04-22 07:00:00,	10.8\r\nFCC.1LUSHUI.PH,2022-04-25 07:00:00,	9.8\r\nFCC.1LUSHUI.PH,2022-04-22 07:00:00,	10.8\r\nFCC.1LUSHUI.PH,2022-04-25 07:00:00,	9.8\r\nFCC.1LUSHUI.PH,2022-04-27 07:00:00,	10.5\r\nFCC.1LUSHUI.PH,2022-04-25 07:00:00,	9.8\r\nFCC.1LUSHUI.PH,2022-04-27 07:00:00,	10.5\r\nFCC.1LUSHUI.PH,2022-04-29 07:00:00,	10\r\nFCC.1LUSHUI.PH,2022-04-27 07:00:00,	10.5\r\nFCC.1LUSHUI.PH,2022-04-29 07:00:00,	10\r\nFCC.1LUSHUI.PH,2022-05-02 07:00:00,	10.2\r\nFCC.1LUSHUI.PH,2022-04-29 07:00:00,	10\r\nFCC.1LUSHUI.PH,2022-05-02 07:00:00,	10.2\r\nFCC.1LUSHUI.PH,2022-05-02 07:00:00,	10.2\r\nFCC.1LUSHUI.PH,2022-05-04 07:00:00,	9.9\r\nFCC.1LUSHUI.PH,2022-05-04 07:00:00,	9.9\r\nFCC.1LUSHUI.PH,2022-05-06 07:00:00,	9\r\nFCC.1LUSHUI.PH,2022-05-06 07:00:00,	9\r\nFCC.1LUSHUI.PH,2022-05-09 07:00:00,	10.2\r\nFCC.1LUSHUI.PH,2022-05-06 07:00:00,	9\r\nFCC.1LUSHUI.PH,2022-05-09 07:00:00,	10.2\r\nFCC.1LUSHUI.PH,2022-05-11 07:00:00,	10\r\nFCC.1LUSHUI.PH,2022-05-09 07:00:00,	10.2\r\nFCC.1LUSHUI.PH,2022-05-11 07:00:00,	10\r\nFCC.1LUSHUI.PH,2022-05-13 07:00:00,	10.9\r\nFCC.1LUSHUI.PH,2022-05-11 07:00:00,	10\r\nFCC.1LUSHUI.PH,2022-05-13 07:00:00,	10.9\r\nFCC.1LUSHUI.PH,2022-05-16 07:00:00,	10.4\r\nFCC.1LUSHUI.PH,2022-05-13 07:00:00,	10.9\r\nFCC.1LUSHUI.PH,2022-05-16 07:00:00,	10.4\r\nFCC.1LUSHUI.PH,2022-05-16 07:00:00,	10.4\r\nFCC.1LUSHUI.PH,2022-05-18 07:00:00,	10.2\r\nFCC.1LUSHUI.PH,2022-05-18 07:00:00,	10.2\r\nFCC.1LUSHUI.PH,2022-05-20 07:00:00,	9.9\r', '2023-09-17 12:20:10', '2023-09-17 12:20:10', '1', '1', '1');
INSERT INTO `sample_set` VALUES ('34', '12实打实', '1', '宁夏 1387点位  2018-5-5  2022-12-19   4e  nx\r\n\r\n\r\n\r\n\r\n\r\n大连  40g 545重要点 位 37G 其他点位数量比较少 \r\n1245  \r\n2021-5-31   2022 -7-27    7e\r\n\r\n\r\n大庆  2022 1 4 - 12 30    dq\r\n', '2023-09-18 19:45:01', '2023-10-23 19:51:29', '1', '1', '0');
INSERT INTO `sample_set` VALUES ('35', '12实打实', '2', '宁夏 1387点位  2018-5-5  2022-12-19   4e  nx\r\n\r\n\r\n\r\n\r\n\r\n大连  40g 545重要点 位 37G 其他点位数量比较少 \r\n1245  \r\n2021-5-31   2022 -7-27    7e\r\n\r\n\r\n大庆  2022 1 4 - 12 30    dq\r\n', '2023-09-18 19:52:54', '2023-10-23 19:51:31', '1', '1', '0');
INSERT INTO `sample_set` VALUES ('36', '12实打实', '3', '宁夏 1387点位  2018-5-5  2022-12-19   4e  nx\r\n\r\n\r\n\r\n\r\n\r\n大连  40g 545重要点 位 37G 其他点位数量比较少 \r\n1245  \r\n2021-5-31   2022 -7-27    7e\r\n\r\n\r\n大庆  2022 1 4 - 12 30    dq\r\n', '2023-09-18 19:52:59', '2023-10-23 19:51:32', '1', '1', '0');
INSERT INTO `sample_set` VALUES ('37', '123', '3', '宁夏 1387点位  2018-5-5  2022-12-19   4e  nx\r\n\r\n\r\n\r\n\r\n\r\n大连  40g 545重要点 位 37G 其他点位数量比较少 \r\n1245  \r\n2021-5-31   2022 -7-27    7e\r\n\r\n\r\n大庆  2022 1 4 - 12 30    dq\r\n', '2023-09-18 19:53:30', '2023-10-23 19:51:33', '1', '1', '0');
INSERT INTO `sample_set` VALUES ('38', '23213', '2', '宁夏 1387点位  2018-5-5  2022-12-19   4e  nx\r\n\r\n\r\n\r\n\r\n\r\n大连  40g 545重要点 位 37G 其他点位数量比较少 \r\n1245  \r\n2021-5-31   2022 -7-27    7e\r\n\r\n\r\n大庆  2022 1 4 - 12 30    dq\r\n', '2023-09-18 19:57:24', '2023-10-23 19:51:35', '1', '1', '0');
INSERT INTO `sample_set` VALUES ('39', 'pojo', '1', '宁夏 1387点位  2018-5-5  2022-12-19   4e  nx\r\n\r\n\r\n\r\n\r\n\r\n大连  40g 545重要点 位 37G 其他点位数量比较少 \r\n1245  \r\n2021-5-31   2022 -7-27    7e\r\n\r\n\r\n大庆  2022 1 4 - 12 30    dq\r\n', '2023-09-18 19:58:00', '2023-10-23 19:51:43', '1', '1', '0');
INSERT INTO `sample_set` VALUES ('40', '222', '2', '宁夏 1387点位  2018-5-5  2022-12-19   4e  nx\r\n\r\n\r\n\r\n\r\n\r\n大连  40g 545重要点 位 37G 其他点位数量比较少 \r\n1245  \r\n2021-5-31   2022 -7-27    7e\r\n\r\n\r\n大庆  2022 1 4 - 12 30    dq\r\n', '2023-09-18 19:58:35', '2023-10-23 19:51:36', '1', '1', '0');
INSERT INTO `sample_set` VALUES ('41', '21312', '2', '宁夏 1387点位  2018-5-5  2022-12-19   4e  nx\r\n\r\n\r\n\r\n\r\n\r\n大连  40g 545重要点 位 37G 其他点位数量比较少 \r\n1245  \r\n2021-5-31   2022 -7-27    7e\r\n\r\n\r\n大庆  2022 1 4 - 12 30    dq\r\n', '2023-09-18 19:58:44', '2023-10-23 19:51:40', '1', '1', '0');
INSERT INTO `sample_set` VALUES ('42', '21312', '1', '宁夏 1387点位  2018-5-5  2022-12-19   4e  nx\r\n\r\n\r\n\r\n\r\n\r\n大连  40g 545重要点 位 37G 其他点位数量比较少 \r\n1245  \r\n2021-5-31   2022 -7-27    7e\r\n\r\n\r\n大庆  2022 1 4 - 12 30    dq\r\n', '2023-09-18 19:58:46', '2023-10-23 19:51:37', '1', '1', '0');
INSERT INTO `sample_set` VALUES ('43', 'football,footbal', 'rules,football games', 'a,b,c,d,e\r\n50,7,1,3,6\r\n44,49,0,5,4\r\n9,44,2,62,1\r\n8,15,2,1,23\r\n32,29,2,3,5\r\n55,39,3,1,1\r\n51,0,4,5,24\r\n19,38,1,1,1\r\n32,62,1,23,2\r\n44,57,4,5,4\r\n', '2023-10-23 20:30:12', '2023-10-23 20:30:12', '1', '1', '0');
INSERT INTO `sample_set` VALUES ('44', 'processednew Name[I@23abeae', 'processedsample_description', 'tag,collect_time\r\nFCC.1LUSHUI.PH,2020-04-30 17:00:00\r\nFCC.1LUSHUI.PH,2020-05-01 07:00:00\r\n', '2023-10-25 20:10:30', '2023-10-25 20:10:30', '1', '1', '0');
INSERT INTO `sample_set` VALUES ('45', 'processedfootball,footbal', 'processedsample_description', 'a,b\r\n50,7\r\n44,49\r\n', '2023-10-25 20:11:01', '2023-10-25 20:11:01', '1', '1', '0');

-- ----------------------------
-- Table structure for syonline
-- ----------------------------
DROP TABLE IF EXISTS `syonline`;
CREATE TABLE `syonline` (
  `ID` varchar(36) CHARACTER SET gbk COLLATE gbk_chinese_ci NOT NULL,
  `CREATEDATETIME` datetime DEFAULT NULL,
  `IP` varchar(100) CHARACTER SET gbk COLLATE gbk_chinese_ci DEFAULT NULL,
  `LOGINNAME` varchar(100) CHARACTER SET gbk COLLATE gbk_chinese_ci DEFAULT NULL,
  `TYPE` varchar(1) CHARACTER SET gbk COLLATE gbk_chinese_ci DEFAULT NULL,
  PRIMARY KEY (`ID`) USING BTREE
) ENGINE=InnoDB DEFAULT CHARSET=gbk ROW_FORMAT=DYNAMIC;

-- ----------------------------
-- Records of syonline
-- ----------------------------
INSERT INTO `syonline` VALUES ('095f29f8-0a05-46b7-9425-4612064d91fa', '2023-11-06 13:56:31', '192.168.3.215', 'admin', '1');
INSERT INTO `syonline` VALUES ('0c69d762-af59-4f12-bd36-ea7b8af99e78', '2022-05-22 12:00:43', '127.0.0.1', 'admin', '1');
INSERT INTO `syonline` VALUES ('1045e70e-ec71-4dc6-bf14-d19f93e1bb6f', '2023-11-03 10:30:16', '127.0.0.1', 'admin', '1');
INSERT INTO `syonline` VALUES ('48c530fa-0a73-4c1c-b0de-adec5c4a3447', '2023-05-16 19:49:12', '127.0.0.1', 'admin', '1');
INSERT INTO `syonline` VALUES ('5004a0c4-f305-4b6e-8677-a7f3682746fe', '2023-11-06 11:42:55', '192.168.3.215', 'admin', '1');
INSERT INTO `syonline` VALUES ('5dd92f45-a84f-441b-bba1-fbc150d2ae67', '2023-11-03 11:23:54', '127.0.0.1', 'admin', '1');
INSERT INTO `syonline` VALUES ('6326b243-d8cf-40d0-be4b-0ed823e1ce56', '2023-11-06 10:03:58', '192.168.3.215', 'admin', '1');
INSERT INTO `syonline` VALUES ('a8fc0060-5e40-4264-beba-ce3682dc5c4f', '2023-11-06 10:15:54', '192.168.3.215', 'zhangsan', '1');
INSERT INTO `syonline` VALUES ('b218fb28-0d44-443e-97db-b0be722fff22', '2023-11-06 10:11:42', '192.168.3.215', 'admin', '1');
INSERT INTO `syonline` VALUES ('bebb6568-6703-41e2-b582-79f9446ab381', '2023-11-06 10:15:40', '192.168.3.215', 'admin', '0');
INSERT INTO `syonline` VALUES ('cb376b8d-dd4a-46ee-a330-e173f0fc7a7d', '2023-11-06 11:42:53', '192.168.3.215', 'zhangsan', '0');

-- ----------------------------
-- Table structure for syorganization
-- ----------------------------
DROP TABLE IF EXISTS `syorganization`;
CREATE TABLE `syorganization` (
  `ID` varchar(36) CHARACTER SET gbk COLLATE gbk_chinese_ci NOT NULL,
  `ADDRESS` varchar(200) CHARACTER SET gbk COLLATE gbk_chinese_ci DEFAULT NULL,
  `CODE` varchar(200) CHARACTER SET gbk COLLATE gbk_chinese_ci DEFAULT NULL,
  `CREATEDATETIME` datetime DEFAULT NULL,
  `ICONCLS` varchar(100) CHARACTER SET gbk COLLATE gbk_chinese_ci DEFAULT NULL,
  `NAME` varchar(200) CHARACTER SET gbk COLLATE gbk_chinese_ci DEFAULT NULL,
  `SEQ` int DEFAULT NULL,
  `UPDATEDATETIME` datetime DEFAULT NULL,
  `SYORGANIZATION_ID` varchar(36) CHARACTER SET gbk COLLATE gbk_chinese_ci DEFAULT NULL,
  `LEADER` varchar(20) CHARACTER SET utf8mb4 COLLATE utf8mb4_0900_ai_ci DEFAULT NULL COMMENT '负责人',
  `PHONE` varchar(11) CHARACTER SET utf8mb4 COLLATE utf8mb4_0900_ai_ci DEFAULT NULL COMMENT '联系电话',
  `EMAIL` varchar(50) CHARACTER SET utf8mb4 COLLATE utf8mb4_0900_ai_ci DEFAULT NULL COMMENT '邮箱',
  `STATUS` varchar(10) CHARACTER SET gbk COLLATE gbk_chinese_ci DEFAULT '0',
  PRIMARY KEY (`ID`) USING BTREE,
  KEY `FK_acf7qlb04quthktalwx8c7q69` (`SYORGANIZATION_ID`) USING BTREE,
  CONSTRAINT `FK_acf7qlb04quthktalwx8c7q69` FOREIGN KEY (`SYORGANIZATION_ID`) REFERENCES `syorganization` (`ID`) ON DELETE RESTRICT ON UPDATE RESTRICT
) ENGINE=InnoDB DEFAULT CHARSET=gbk ROW_FORMAT=DYNAMIC;

-- ----------------------------
-- Records of syorganization
-- ----------------------------
INSERT INTO `syorganization` VALUES ('0', null, null, '2036-11-28 10:34:54', 'ext-icon-bricks', 'BUCT', '100', '2016-11-28 10:35:12', null, null, null, null, '0');
INSERT INTO `syorganization` VALUES ('5477d9a9-e41e-485f-bb08-697e8facef88', null, null, '2022-05-22 09:59:33', null, '601', '1', '2023-05-16 19:52:10', '0', 'dd', '18905189016', 'ss@ada.com', '0');
INSERT INTO `syorganization` VALUES ('ce627e90-57d6-4ed4-a789-1f3dd467ae7d', null, null, '2022-05-24 23:54:10', null, '602', '2', '2022-05-24 23:56:21', '0', 'jack', null, null, '0');

-- ----------------------------
-- Table structure for syorganization_syresource
-- ----------------------------
DROP TABLE IF EXISTS `syorganization_syresource`;
CREATE TABLE `syorganization_syresource` (
  `SYRESOURCE_ID` varchar(36) CHARACTER SET gbk COLLATE gbk_chinese_ci NOT NULL,
  `SYORGANIZATION_ID` varchar(36) CHARACTER SET gbk COLLATE gbk_chinese_ci NOT NULL,
  PRIMARY KEY (`SYORGANIZATION_ID`,`SYRESOURCE_ID`) USING BTREE,
  KEY `FK_acpjp8a7fjo0cnn02eb0ia6uf` (`SYORGANIZATION_ID`) USING BTREE,
  KEY `FK_m4mfglk7odi78d8pk9pif44vc` (`SYRESOURCE_ID`) USING BTREE,
  CONSTRAINT `FK_acpjp8a7fjo0cnn02eb0ia6uf` FOREIGN KEY (`SYORGANIZATION_ID`) REFERENCES `syorganization` (`ID`) ON DELETE RESTRICT ON UPDATE RESTRICT,
  CONSTRAINT `FK_m4mfglk7odi78d8pk9pif44vc` FOREIGN KEY (`SYRESOURCE_ID`) REFERENCES `syresource` (`ID`) ON DELETE RESTRICT ON UPDATE RESTRICT
) ENGINE=InnoDB DEFAULT CHARSET=gbk ROW_FORMAT=DYNAMIC;

-- ----------------------------
-- Records of syorganization_syresource
-- ----------------------------

-- ----------------------------
-- Table structure for syresource
-- ----------------------------
DROP TABLE IF EXISTS `syresource`;
CREATE TABLE `syresource` (
  `ID` varchar(36) CHARACTER SET gbk COLLATE gbk_chinese_ci NOT NULL,
  `CREATEDATETIME` datetime DEFAULT NULL,
  `DESCRIPTION` varchar(200) CHARACTER SET gbk COLLATE gbk_chinese_ci DEFAULT NULL,
  `ICONCLS` varchar(100) CHARACTER SET gbk COLLATE gbk_chinese_ci DEFAULT NULL,
  `NAME` varchar(100) CHARACTER SET gbk COLLATE gbk_chinese_ci NOT NULL,
  `SEQ` int DEFAULT NULL,
  `TARGET` varchar(100) CHARACTER SET gbk COLLATE gbk_chinese_ci DEFAULT NULL,
  `UPDATEDATETIME` datetime DEFAULT NULL,
  `PATH` varchar(200) CHARACTER SET gbk COLLATE gbk_chinese_ci DEFAULT NULL,
  `URL` varchar(200) CHARACTER SET gbk COLLATE gbk_chinese_ci DEFAULT NULL,
  `PERMS` varchar(100) CHARACTER SET gbk COLLATE gbk_chinese_ci DEFAULT NULL COMMENT '权限标识',
  `SYRESOURCE_ID` varchar(36) CHARACTER SET gbk COLLATE gbk_chinese_ci DEFAULT NULL,
  `SYRESOURCETYPE_ID` varchar(36) CHARACTER SET gbk COLLATE gbk_chinese_ci DEFAULT NULL,
  `STATUS` varchar(10) CHARACTER SET gbk COLLATE gbk_chinese_ci DEFAULT '0',
  PRIMARY KEY (`ID`) USING BTREE,
  KEY `FK_n8kk2inhw4y4gax3nra2etfup` (`SYRESOURCE_ID`) USING BTREE,
  KEY `FK_93qfpiiuk3rwb32gc5mcmmlgh` (`SYRESOURCETYPE_ID`) USING BTREE,
  CONSTRAINT `FK_93qfpiiuk3rwb32gc5mcmmlgh` FOREIGN KEY (`SYRESOURCETYPE_ID`) REFERENCES `syresourcetype` (`ID`) ON DELETE RESTRICT ON UPDATE RESTRICT,
  CONSTRAINT `FK_n8kk2inhw4y4gax3nra2etfup` FOREIGN KEY (`SYRESOURCE_ID`) REFERENCES `syresource` (`ID`) ON DELETE RESTRICT ON UPDATE RESTRICT
) ENGINE=InnoDB DEFAULT CHARSET=gbk ROW_FORMAT=DYNAMIC;

-- ----------------------------
-- Records of syresource
-- ----------------------------
INSERT INTO `syresource` VALUES ('094ad9f6-a253-4782-9b3c-fdd86ed229a0', '2023-11-02 19:13:35', null, 'clipboard', '模型存储', '2', null, '2023-11-02 19:13:35', 'save', 'modelsaving/save/index', null, 'mxbc', '0', '0');
INSERT INTO `syresource` VALUES ('11052667-b53e-40b5-8604-61250da687bf', '2023-11-03 23:45:29', null, 'button', '网络管理', '7', null, '2023-11-03 23:45:43', '/net', null, null, null, '3', '0');
INSERT INTO `syresource` VALUES ('1c53bdb2-fd9e-43a3-89ee-81d0787fe2c9', '2023-11-03 09:17:45', null, '404', 'train1', '3', null, '2023-11-03 09:17:45', 'train1', null, null, 'mxxl', '3', '0');
INSERT INTO `syresource` VALUES ('21898689-1745-4249-b4fb-e40c3b3e253d', '2023-11-03 15:44:02', null, 'documentation', '数据管理', '2', null, '2023-11-03 17:21:58', '/dataset', '', null, null, '3', '0');
INSERT INTO `syresource` VALUES ('27fda67f-61d1-4fe6-8eea-d796a848ab67', '2022-05-28 12:54:39', null, 'edit', '参数设置', '6', '', '2022-05-28 12:54:39', 'config', 'system/config/index', 'system:config:list', 'xtgl', '0', '0');
INSERT INTO `syresource` VALUES ('2c3b8e07-e038-4ddb-88ad-4ce5e3d69163', '2023-11-03 17:19:50', null, 'checkbox', '样本集', '1', null, '2023-11-03 20:42:50', 'sample', 'dataset/sample/index', null, '21898689-1745-4249-b4fb-e40c3b3e253d', '0', '0');
INSERT INTO `syresource` VALUES ('37ac3cd3-560b-49b3-ae86-96d1963e9db6', '2022-05-28 12:55:59', null, null, '参数修改', '3', null, '2022-05-28 12:55:59', null, null, 'system:config:edit', '27fda67f-61d1-4fe6-8eea-d796a848ab67', '1', '0');
INSERT INTO `syresource` VALUES ('4155d118-f9ef-4c21-acc3-839e6fe6dfd5', '2023-11-02 19:09:38', null, 'swagger', '模型配置', '1', null, '2023-11-03 20:40:49', 'config', 'modelsaving/config/index', null, 'mxbc', '0', '0');
INSERT INTO `syresource` VALUES ('4621e9f8-e7c6-4c2b-8172-3d8c8ea75371', '2022-05-28 12:55:24', null, null, '参数新增', '2', null, '2022-05-28 12:55:24', null, null, 'system:config:add', '27fda67f-61d1-4fe6-8eea-d796a848ab67', '1', '0');
INSERT INTO `syresource` VALUES ('6270f1cb-e9fe-4c7f-900e-1a880a0d9772', '2023-11-02 20:18:29', null, 'documentation', '项目管理', '1', null, '2023-11-02 20:18:29', 'project', 'model/project/index', null, 'mxgl', '0', '0');
INSERT INTO `syresource` VALUES ('726c7c1e-06f8-4c3e-b9e1-95778a430c07', '2022-05-28 12:51:16', null, null, '字典查询', '1', null, '2022-05-28 12:51:16', null, null, 'system:dict:query', 'ffb8cf26-1049-43ee-9dd5-16e5742ce9d5', '1', '0');
INSERT INTO `syresource` VALUES ('9d4277a9-b0b4-45ff-b37d-dcc5b636028f', '2023-11-03 23:46:08', null, 'checkbox', '网络', '1', null, '2023-11-03 23:46:08', 'net', 'net/net/index', null, '11052667-b53e-40b5-8604-61250da687bf', '3', '0');
INSERT INTO `syresource` VALUES ('b5f9885f-9c1a-49c9-8c27-ace55fe8d2ed', '2023-11-02 20:19:06', null, 'dict', '业务模型', '2', null, '2023-11-02 20:19:06', 'business', 'model/business/index', null, 'mxgl', '0', '0');
INSERT INTO `syresource` VALUES ('b95cae69-6389-4ebc-b613-bee7aac5f730', '2022-05-28 12:52:26', null, null, '字典修改', '3', null, '2022-05-28 12:52:26', null, null, 'system:dict:edit', 'ffb8cf26-1049-43ee-9dd5-16e5742ce9d5', '1', '0');
INSERT INTO `syresource` VALUES ('c473a2c3-f647-4498-95b2-7f5111e79101', '2023-11-02 15:59:38', null, 'job', '岗位管理', '5', null, '2023-11-02 20:08:00', 'post', 'system/post/index', 'system:post:list', 'xtgl', '0', '1');
INSERT INTO `syresource` VALUES ('c8b26285-51d2-44e5-99cb-62ebd890b2c7', '2023-11-03 09:20:29', null, null, '12323', '2', null, '2023-11-03 09:20:29', '111', null, null, 'mxxl', '3', '0');
INSERT INTO `syresource` VALUES ('cc51db1a-88e3-44bb-9e22-5f6fa9b37453', '2023-11-03 17:20:24', null, 'clipboard', '用户数据', '2', null, '2023-11-03 17:22:15', 'userdata', 'dataset/userdata/index', null, '21898689-1745-4249-b4fb-e40c3b3e253d', '0', '0');
INSERT INTO `syresource` VALUES ('cc7ff599-a588-40b3-951d-ce9dd2490482', '2022-05-28 12:53:26', null, null, '字典导出', '5', null, '2022-05-28 12:53:26', null, null, 'system:dict:export', 'ffb8cf26-1049-43ee-9dd5-16e5742ce9d5', '1', '0');
INSERT INTO `syresource` VALUES ('cssc', '2022-05-28 12:56:23', null, null, '参数删除', '4', null, '2022-05-28 12:56:23', null, null, 'system:config:remove', '27fda67f-61d1-4fe6-8eea-d796a848ab67', '1', '0');
INSERT INTO `syresource` VALUES ('d60df8ae-86ee-4879-b9b9-2fe79f146d31', '2022-05-28 12:55:02', null, null, '参数查询', '1', null, '2022-05-28 12:55:02', null, null, 'system:config:query', '27fda67f-61d1-4fe6-8eea-d796a848ab67', '1', '0');
INSERT INTO `syresource` VALUES ('dd41b52b-272c-49ac-b045-b05392890a8d', '2022-05-28 12:56:49', null, null, '参数导出', '5', null, '2022-05-28 12:56:49', null, null, 'system:config:export', '27fda67f-61d1-4fe6-8eea-d796a848ab67', '1', '0');
INSERT INTO `syresource` VALUES ('edc3358e-b9c5-462f-8a70-7b1c7d7f2c26', '2022-05-28 12:51:53', null, null, '字典新增', '2', null, '2022-05-28 12:51:53', null, null, 'system:dict:add', 'ffb8cf26-1049-43ee-9dd5-16e5742ce9d5', '1', '0');
INSERT INTO `syresource` VALUES ('f1ca0e97-e0d7-4aef-87cd-1199d46d44d3', '2023-11-02 15:56:28', null, 'form', '操作日志', '2', null, '2023-11-02 20:08:58', 'operlog', 'monitor/operlog/index', 'monitor:operlog:list', 'xtjk', '0', '1');
INSERT INTO `syresource` VALUES ('f9142dd1-d4fd-4444-b86e-3c7f20694456', '2023-11-03 09:20:22', null, null, '123123123', '1', null, '2023-11-03 09:20:22', '123123', null, null, 'mxxl', '3', '0');
INSERT INTO `syresource` VALUES ('ffb8cf26-1049-43ee-9dd5-16e5742ce9d5', '2022-05-28 12:50:37', null, 'dict', '字典管理', '5', '', '2022-05-28 12:50:37', 'dict', 'system/dict/index', 'system:dict:list', 'xtgl', '3', '0');
INSERT INTO `syresource` VALUES ('jgbj', '2015-08-25 10:34:53', '编辑机构', 'ext-icon-bullet_wrench', '编辑机构', '2', '', '2022-05-25 00:39:56', null, '/base/syorganization!update', 'system:dept:edit', 'jggl', '1', '0');
INSERT INTO `syresource` VALUES ('jgck', '2015-08-25 10:34:53', '查看机构', 'ext-icon-bullet_wrench', '查看机构', '4', '', '2015-08-25 10:34:53', null, '/base/syorganization!getById', 'system:dept:query', 'jggl', '1', '0');
INSERT INTO `syresource` VALUES ('jggl', '2015-08-25 10:34:53', '管理系统中用户的机构', 'tree', '机构管理', '4', '', '2022-05-25 00:40:04', 'dept', 'system/dept/index', 'system:dept:list', 'xtgl', '0', '0');
INSERT INTO `syresource` VALUES ('jglb', '2015-08-25 10:34:53', '查询机构列表', 'ext-icon-bullet_wrench', '机构列表', '0', '', '2016-11-28 14:09:52', null, '/base/syorganization!treeGrid', 'system:dept:list', 'jggl', '1', '0');
INSERT INTO `syresource` VALUES ('jgsc', '2015-08-25 10:34:53', '删除机构', 'ext-icon-bullet_wrench', '删除机构', '3', '', '2015-08-25 10:34:53', null, '/base/syorganization!delete', 'system:dept:remove', 'jggl', '1', '0');
INSERT INTO `syresource` VALUES ('jgsq', '2015-08-25 10:34:53', '机构授权', 'ext-icon-bullet_wrench', '机构授权', '5', '', '2015-08-25 10:34:53', null, '/base/syorganization!grant', null, 'jggl', '1', '0');
INSERT INTO `syresource` VALUES ('jgtj', '2015-08-25 10:34:53', '添加机构', 'ext-icon-bullet_wrench', '添加机构', '1', '', '2015-08-25 10:34:53', null, '/base/syorganization!save', 'system:dept:add', 'jggl', '1', '0');
INSERT INTO `syresource` VALUES ('jsbj', '2015-08-25 10:34:53', '编辑角色', 'ext-icon-bullet_wrench', '编辑角色', '2', '', '2015-08-25 10:34:53', null, '/base/syrole!update', 'system:role:edit', 'jsgl', '1', '0');
INSERT INTO `syresource` VALUES ('jsck', '2015-08-25 10:34:53', '查看角色', 'ext-icon-bullet_wrench', '查看角色', '4', '', '2015-08-25 10:34:53', null, '/base/syrole!getById', 'system:role:query', 'jsgl', '1', '0');
INSERT INTO `syresource` VALUES ('jsgl', '2015-08-25 10:34:53', '管理系统中用户的角色', 'peoples', '角色管理', '2', '', '2015-08-25 10:34:53', 'role', 'system/role/index', 'system:role:list', 'xtgl', '0', '0');
INSERT INTO `syresource` VALUES ('jslb', '2015-08-25 10:34:53', '查询角色列表', 'ext-icon-bullet_wrench', '角色列表', '0', '', '2015-08-25 10:34:53', null, '/base/syrole!grid', 'system:role:list', 'jsgl', '1', '0');
INSERT INTO `syresource` VALUES ('jssc', '2015-08-25 10:34:53', '删除角色', 'ext-icon-bullet_wrench', '删除角色', '3', '', '2015-08-25 10:34:53', null, '/base/syrole!delete', 'system:role:remove', 'jsgl', '1', '0');
INSERT INTO `syresource` VALUES ('jssq', '2015-08-25 10:34:53', '角色授权', 'ext-icon-bullet_wrench', '角色授权', '5', '', '2015-08-25 10:34:53', null, '/base/syrole!grant', null, 'jsgl', '1', '0');
INSERT INTO `syresource` VALUES ('jstj', '2015-08-25 10:34:53', '添加角色', 'ext-icon-bullet_wrench', '添加角色', '1', '', '2015-08-25 10:34:53', null, '/base/syrole!save', 'system:role:add', 'jsgl', '1', '0');
INSERT INTO `syresource` VALUES ('mxbc', '2023-11-02 19:07:34', '模型保存', 'post', '模型管理', '3', null, '2023-11-06 14:05:39', '/modelsaving', null, null, null, '3', '0');
INSERT INTO `syresource` VALUES ('mxgl', '2023-11-02 20:16:02', '模型管理', 'build', '项目管理', '4', null, '2023-11-06 14:05:57', '/model', null, null, null, '3', '0');
INSERT INTO `syresource` VALUES ('mxxl', '2023-11-02 20:15:25', '模型训练', 'dashboard', '模型训练', '5', null, '2023-11-03 10:31:05', '/train', null, null, null, '3', '1');
INSERT INTO `syresource` VALUES ('online', '2015-08-25 10:34:53', '监控用户登录、注销', 'date-range', '登录历史', '1', '', '2023-11-02 15:57:00', 'logininfor', 'monitor/logininfor/index', 'monitor:logininfor:list', 'xtjk', '0', '0');
INSERT INTO `syresource` VALUES ('onlineGrid', '2015-08-25 10:34:53', '用户登录、注销历史记录列表', 'ext-icon-bullet_wrench', '用户登录历史列表', '1', '', '2022-05-28 13:16:37', null, '/base/syonline!grid', 'monitor:logininfor:list', 'online', '1', '0');
INSERT INTO `syresource` VALUES ('xtgl', '2015-08-25 10:34:53', '管理系统的资源、角色、机构、用户等信息', 'system', '系统管理', '1', '', '2023-11-02 20:28:50', '/system', null, null, null, '3', '0');
INSERT INTO `syresource` VALUES ('xtjk', '2015-08-25 10:34:53', '监控系统运行情况等信息', 'monitor', '日志管理', '6', '', '2023-11-03 16:09:55', '/system/log', '', '', null, '0', '0');
INSERT INTO `syresource` VALUES ('yhbj', '2015-08-25 10:34:53', '编辑用户', 'ext-icon-bullet_wrench', '编辑用户', '2', '', '2015-08-25 10:34:53', null, '/base/syuser!update', 'system:user:edit', 'yhgl', '1', '0');
INSERT INTO `syresource` VALUES ('yhck', '2015-08-25 10:34:53', '查看用户', 'ext-icon-bullet_wrench', '查看用户', '4', '', '2015-08-25 10:34:53', null, '/base/syuser!getById', 'system:user:query', 'yhgl', '1', '0');
INSERT INTO `syresource` VALUES ('yhgl', '2015-08-25 10:34:53', '管理系统中用户的用户', 'user', '用户管理', '1', '', '2023-05-16 20:08:40', 'user', 'system/user/index', 'system:user:list', 'xtgl', '0', '0');
INSERT INTO `syresource` VALUES ('yhjg', '2015-08-25 10:34:53', '编辑用户机构', 'ext-icon-bullet_wrench', '用户机构', '6', '', '2015-08-25 10:34:53', null, '/base/syuser!grantOrganization', 'system:dept:edit', 'yhgl', '1', '0');
INSERT INTO `syresource` VALUES ('yhjs', '2015-08-25 10:34:53', '编辑用户角色', 'ext-icon-bullet_wrench', '用户角色', '5', '', '2015-08-25 10:34:53', null, '/base/syuser!grantRole', 'system:role:edit', 'yhgl', '1', '0');
INSERT INTO `syresource` VALUES ('yhlb', '2015-08-25 10:34:53', '查询用户列表', 'ext-icon-bullet_wrench', '用户列表', '0', '', '2015-08-25 10:34:53', null, '/base/syuser!grid', 'system:user:list', 'yhgl', '1', '0');
INSERT INTO `syresource` VALUES ('yhsc', '2015-08-25 10:34:53', '删除用户', 'ext-icon-bullet_wrench', '删除用户', '3', '', '2015-08-25 10:34:53', null, '/base/syuser!delete', 'system:user:remove', 'yhgl', '1', '0');
INSERT INTO `syresource` VALUES ('yhtj', '2015-08-25 10:34:53', '添加用户', 'ext-icon-bullet_wrench', '添加用户', '1', '', '2015-08-25 10:34:53', null, '/base/syuser!save', 'system:user:add', 'yhgl', '1', '0');
INSERT INTO `syresource` VALUES ('zdsc', '2022-05-28 12:52:58', null, null, '字典删除', '4', null, '2022-05-28 12:52:58', null, null, 'system:dict:remove', 'ffb8cf26-1049-43ee-9dd5-16e5742ce9d5', '1', '0');
INSERT INTO `syresource` VALUES ('zybj', '2015-08-25 10:34:53', '编辑资源', 'ext-icon-bullet_wrench', '编辑资源', '2', '', '2015-08-25 10:34:53', null, '/base/syresource!update', 'system:menu:edit', 'zygl', '1', '0');
INSERT INTO `syresource` VALUES ('zyck', '2015-08-25 10:34:53', '查看资源', 'ext-icon-bullet_wrench', '查看资源', '4', '', '2015-08-25 10:34:53', null, '/base/syresource!getById', 'system:menu:query', 'zygl', '1', '0');
INSERT INTO `syresource` VALUES ('zygl', '2015-08-25 10:34:53', '管理系统的资源', 'tree-table', '菜单管理', '3', '', '2023-11-02 15:57:55', 'menu', 'system/menu/index', 'system:menu:list', 'xtgl', '0', '0');
INSERT INTO `syresource` VALUES ('zylb', '2015-08-25 10:34:53', '查询资源', 'ext-icon-bullet_wrench', '资源列表', '0', '', '2015-08-25 10:34:53', null, '/base/syresource!treeGrid', 'system:menu:query', 'zygl', '1', '0');
INSERT INTO `syresource` VALUES ('zysc', '2015-08-25 10:34:53', '删除资源', 'ext-icon-bullet_wrench', '删除资源', '3', '', '2015-08-25 10:34:53', null, '/base/syresource!delete', 'system:menu:remove', 'zygl', '1', '0');
INSERT INTO `syresource` VALUES ('zytj', '2015-08-25 10:34:53', '添加资源', 'ext-icon-bullet_wrench', '添加资源', '1', '', '2015-08-25 10:34:53', null, '/base/syresource!save', 'system:menu:add', 'zygl', '1', '0');

-- ----------------------------
-- Table structure for syresourcetype
-- ----------------------------
DROP TABLE IF EXISTS `syresourcetype`;
CREATE TABLE `syresourcetype` (
  `ID` varchar(36) CHARACTER SET gbk COLLATE gbk_chinese_ci NOT NULL,
  `CREATEDATETIME` datetime DEFAULT NULL,
  `DESCRIPTION` varchar(200) CHARACTER SET gbk COLLATE gbk_chinese_ci DEFAULT NULL,
  `NAME` varchar(100) CHARACTER SET gbk COLLATE gbk_chinese_ci NOT NULL,
  `UPDATEDATETIME` datetime DEFAULT NULL,
  PRIMARY KEY (`ID`) USING BTREE
) ENGINE=InnoDB DEFAULT CHARSET=gbk ROW_FORMAT=DYNAMIC;

-- ----------------------------
-- Records of syresourcetype
-- ----------------------------
INSERT INTO `syresourcetype` VALUES ('0', '2015-08-25 10:34:53', '菜单类型会显示在系统首页左侧菜单中', '菜单', '2015-08-25 10:34:53');
INSERT INTO `syresourcetype` VALUES ('1', '2015-08-25 10:34:53', '功能类型不会显示在系统首页左侧菜单中', '功能', '2015-08-25 10:34:53');
INSERT INTO `syresourcetype` VALUES ('3', '2022-05-15 10:27:08', null, '目录', '2022-05-15 10:27:18');

-- ----------------------------
-- Table structure for syrole
-- ----------------------------
DROP TABLE IF EXISTS `syrole`;
CREATE TABLE `syrole` (
  `ID` varchar(36) CHARACTER SET gbk COLLATE gbk_chinese_ci NOT NULL,
  `CREATEDATETIME` datetime DEFAULT NULL,
  `DESCRIPTION` varchar(200) CHARACTER SET gbk COLLATE gbk_chinese_ci DEFAULT NULL,
  `ICONCLS` varchar(100) CHARACTER SET gbk COLLATE gbk_chinese_ci DEFAULT NULL,
  `NAME` varchar(100) CHARACTER SET gbk COLLATE gbk_chinese_ci NOT NULL,
  `SEQ` int DEFAULT NULL,
  `UPDATEDATETIME` datetime DEFAULT NULL,
  `ROLEKEY` varchar(100) CHARACTER SET utf8mb4 COLLATE utf8mb4_0900_ai_ci NOT NULL COMMENT '角色权限字符串',
  `DATASCOPE` char(1) CHARACTER SET utf8mb4 COLLATE utf8mb4_0900_ai_ci DEFAULT '1' COMMENT '数据范围（1：全部数据权限 2：自定数据权限 3：本部门数据权限 4：本部门及以下数据权限）',
  `STATUS` varchar(10) CHARACTER SET gbk COLLATE gbk_chinese_ci DEFAULT '0',
  PRIMARY KEY (`ID`) USING BTREE
) ENGINE=InnoDB DEFAULT CHARSET=gbk ROW_FORMAT=DYNAMIC;

-- ----------------------------
-- Records of syrole
-- ----------------------------
INSERT INTO `syrole` VALUES ('0', '2015-08-25 10:34:53', '拥有系统所有权限', null, '超管', '0', '2022-06-10 00:27:23', 'superadmin', '1', '0');
INSERT INTO `syrole` VALUES ('19f00d46-8f1b-45b5-b7b7-6197d7b8cb33', '2016-11-28 14:24:00', null, null, '管理员', '100', '2022-06-10 00:27:41', 'admin', '1', '0');
INSERT INTO `syrole` VALUES ('f4e1b151-a171-4705-9154-503a046cb72a', '2022-05-29 13:29:38', null, null, '只读用户', '1', '2022-06-10 00:13:55', 'readonly', '2', '0');

-- ----------------------------
-- Table structure for syrole_syorganization
-- ----------------------------
DROP TABLE IF EXISTS `syrole_syorganization`;
CREATE TABLE `syrole_syorganization` (
  `SYROLE_ID` varchar(36) CHARACTER SET gbk COLLATE gbk_chinese_ci NOT NULL,
  `SYORGANIZATION_ID` varchar(36) CHARACTER SET gbk COLLATE gbk_chinese_ci NOT NULL,
  PRIMARY KEY (`SYORGANIZATION_ID`,`SYROLE_ID`) USING BTREE,
  KEY `FK_kkrartsovl2frhfvriqdi7jwl` (`SYORGANIZATION_ID`) USING BTREE,
  KEY `FK_r139h669pg4ts6mbvn3ip5472` (`SYROLE_ID`) USING BTREE,
  CONSTRAINT `SYROLE_SYORGANIZATION_ibfk_1` FOREIGN KEY (`SYORGANIZATION_ID`) REFERENCES `syorganization` (`ID`) ON DELETE RESTRICT ON UPDATE RESTRICT,
  CONSTRAINT `SYROLE_SYORGANIZATION_ibfk_2` FOREIGN KEY (`SYROLE_ID`) REFERENCES `syrole` (`ID`) ON DELETE RESTRICT ON UPDATE RESTRICT
) ENGINE=InnoDB DEFAULT CHARSET=gbk ROW_FORMAT=DYNAMIC;

-- ----------------------------
-- Records of syrole_syorganization
-- ----------------------------
INSERT INTO `syrole_syorganization` VALUES ('f4e1b151-a171-4705-9154-503a046cb72a', '5477d9a9-e41e-485f-bb08-697e8facef88');

-- ----------------------------
-- Table structure for syrole_syresource
-- ----------------------------
DROP TABLE IF EXISTS `syrole_syresource`;
CREATE TABLE `syrole_syresource` (
  `SYROLE_ID` varchar(36) CHARACTER SET gbk COLLATE gbk_chinese_ci NOT NULL,
  `SYRESOURCE_ID` varchar(36) CHARACTER SET gbk COLLATE gbk_chinese_ci NOT NULL,
  PRIMARY KEY (`SYRESOURCE_ID`,`SYROLE_ID`) USING BTREE,
  KEY `FK_kkrartsovl2frhfvriqdi7jwl` (`SYRESOURCE_ID`) USING BTREE,
  KEY `FK_r139h669pg4ts6mbvn3ip5472` (`SYROLE_ID`) USING BTREE,
  CONSTRAINT `FK_kkrartsovl2frhfvriqdi7jwl` FOREIGN KEY (`SYRESOURCE_ID`) REFERENCES `syresource` (`ID`) ON DELETE RESTRICT ON UPDATE RESTRICT,
  CONSTRAINT `FK_r139h669pg4ts6mbvn3ip5472` FOREIGN KEY (`SYROLE_ID`) REFERENCES `syrole` (`ID`) ON DELETE RESTRICT ON UPDATE RESTRICT
) ENGINE=InnoDB DEFAULT CHARSET=gbk ROW_FORMAT=DYNAMIC;

-- ----------------------------
-- Records of syrole_syresource
-- ----------------------------
INSERT INTO `syrole_syresource` VALUES ('0', '27fda67f-61d1-4fe6-8eea-d796a848ab67');
INSERT INTO `syrole_syresource` VALUES ('f4e1b151-a171-4705-9154-503a046cb72a', '27fda67f-61d1-4fe6-8eea-d796a848ab67');
INSERT INTO `syrole_syresource` VALUES ('0', '37ac3cd3-560b-49b3-ae86-96d1963e9db6');
INSERT INTO `syrole_syresource` VALUES ('0', '4621e9f8-e7c6-4c2b-8172-3d8c8ea75371');
INSERT INTO `syrole_syresource` VALUES ('0', '726c7c1e-06f8-4c3e-b9e1-95778a430c07');
INSERT INTO `syrole_syresource` VALUES ('f4e1b151-a171-4705-9154-503a046cb72a', '726c7c1e-06f8-4c3e-b9e1-95778a430c07');
INSERT INTO `syrole_syresource` VALUES ('0', 'b95cae69-6389-4ebc-b613-bee7aac5f730');
INSERT INTO `syrole_syresource` VALUES ('0', 'cc7ff599-a588-40b3-951d-ce9dd2490482');
INSERT INTO `syrole_syresource` VALUES ('0', 'cssc');
INSERT INTO `syrole_syresource` VALUES ('0', 'd60df8ae-86ee-4879-b9b9-2fe79f146d31');
INSERT INTO `syrole_syresource` VALUES ('f4e1b151-a171-4705-9154-503a046cb72a', 'd60df8ae-86ee-4879-b9b9-2fe79f146d31');
INSERT INTO `syrole_syresource` VALUES ('0', 'dd41b52b-272c-49ac-b045-b05392890a8d');
INSERT INTO `syrole_syresource` VALUES ('0', 'edc3358e-b9c5-462f-8a70-7b1c7d7f2c26');
INSERT INTO `syrole_syresource` VALUES ('0', 'ffb8cf26-1049-43ee-9dd5-16e5742ce9d5');
INSERT INTO `syrole_syresource` VALUES ('f4e1b151-a171-4705-9154-503a046cb72a', 'ffb8cf26-1049-43ee-9dd5-16e5742ce9d5');
INSERT INTO `syrole_syresource` VALUES ('0', 'jgbj');
INSERT INTO `syrole_syresource` VALUES ('0', 'jgck');
INSERT INTO `syrole_syresource` VALUES ('0', 'jggl');
INSERT INTO `syrole_syresource` VALUES ('f4e1b151-a171-4705-9154-503a046cb72a', 'jggl');
INSERT INTO `syrole_syresource` VALUES ('0', 'jglb');
INSERT INTO `syrole_syresource` VALUES ('f4e1b151-a171-4705-9154-503a046cb72a', 'jglb');
INSERT INTO `syrole_syresource` VALUES ('0', 'jgsc');
INSERT INTO `syrole_syresource` VALUES ('0', 'jgsq');
INSERT INTO `syrole_syresource` VALUES ('0', 'jgtj');
INSERT INTO `syrole_syresource` VALUES ('0', 'jsbj');
INSERT INTO `syrole_syresource` VALUES ('0', 'jsck');
INSERT INTO `syrole_syresource` VALUES ('0', 'jsgl');
INSERT INTO `syrole_syresource` VALUES ('f4e1b151-a171-4705-9154-503a046cb72a', 'jsgl');
INSERT INTO `syrole_syresource` VALUES ('0', 'jslb');
INSERT INTO `syrole_syresource` VALUES ('f4e1b151-a171-4705-9154-503a046cb72a', 'jslb');
INSERT INTO `syrole_syresource` VALUES ('0', 'jssc');
INSERT INTO `syrole_syresource` VALUES ('0', 'jssq');
INSERT INTO `syrole_syresource` VALUES ('0', 'jstj');
INSERT INTO `syrole_syresource` VALUES ('0', 'online');
INSERT INTO `syrole_syresource` VALUES ('0', 'onlineGrid');
INSERT INTO `syrole_syresource` VALUES ('0', 'xtgl');
INSERT INTO `syrole_syresource` VALUES ('f4e1b151-a171-4705-9154-503a046cb72a', 'xtgl');
INSERT INTO `syrole_syresource` VALUES ('0', 'xtjk');
INSERT INTO `syrole_syresource` VALUES ('0', 'yhbj');
INSERT INTO `syrole_syresource` VALUES ('0', 'yhck');
INSERT INTO `syrole_syresource` VALUES ('0', 'yhgl');
INSERT INTO `syrole_syresource` VALUES ('f4e1b151-a171-4705-9154-503a046cb72a', 'yhgl');
INSERT INTO `syrole_syresource` VALUES ('0', 'yhjg');
INSERT INTO `syrole_syresource` VALUES ('0', 'yhjs');
INSERT INTO `syrole_syresource` VALUES ('0', 'yhlb');
INSERT INTO `syrole_syresource` VALUES ('f4e1b151-a171-4705-9154-503a046cb72a', 'yhlb');
INSERT INTO `syrole_syresource` VALUES ('0', 'yhsc');
INSERT INTO `syrole_syresource` VALUES ('0', 'yhtj');
INSERT INTO `syrole_syresource` VALUES ('0', 'zdsc');
INSERT INTO `syrole_syresource` VALUES ('0', 'zybj');
INSERT INTO `syrole_syresource` VALUES ('0', 'zyck');
INSERT INTO `syrole_syresource` VALUES ('0', 'zygl');
INSERT INTO `syrole_syresource` VALUES ('f4e1b151-a171-4705-9154-503a046cb72a', 'zygl');
INSERT INTO `syrole_syresource` VALUES ('0', 'zylb');
INSERT INTO `syrole_syresource` VALUES ('f4e1b151-a171-4705-9154-503a046cb72a', 'zylb');
INSERT INTO `syrole_syresource` VALUES ('0', 'zysc');
INSERT INTO `syrole_syresource` VALUES ('0', 'zytj');

-- ----------------------------
-- Table structure for sys_config
-- ----------------------------
DROP TABLE IF EXISTS `sys_config`;
CREATE TABLE `sys_config` (
  `config_id` int NOT NULL AUTO_INCREMENT COMMENT '参数主键',
  `config_name` varchar(100) CHARACTER SET utf8mb4 COLLATE utf8mb4_0900_ai_ci DEFAULT '' COMMENT '参数名称',
  `config_key` varchar(100) CHARACTER SET utf8mb4 COLLATE utf8mb4_0900_ai_ci DEFAULT '' COMMENT '参数键名',
  `config_value` varchar(500) CHARACTER SET utf8mb4 COLLATE utf8mb4_0900_ai_ci DEFAULT '' COMMENT '参数键值',
  `config_type` char(1) CHARACTER SET utf8mb4 COLLATE utf8mb4_0900_ai_ci DEFAULT 'N' COMMENT '系统内置（Y是 N否）',
  `create_by` varchar(64) CHARACTER SET utf8mb4 COLLATE utf8mb4_0900_ai_ci DEFAULT '' COMMENT '创建者',
  `create_time` datetime DEFAULT NULL COMMENT '创建时间',
  `update_by` varchar(64) CHARACTER SET utf8mb4 COLLATE utf8mb4_0900_ai_ci DEFAULT '' COMMENT '更新者',
  `update_time` datetime DEFAULT NULL COMMENT '更新时间',
  `remark` varchar(500) CHARACTER SET utf8mb4 COLLATE utf8mb4_0900_ai_ci DEFAULT NULL COMMENT '备注',
  PRIMARY KEY (`config_id`) USING BTREE
) ENGINE=InnoDB AUTO_INCREMENT=100 DEFAULT CHARSET=utf8mb4 COLLATE=utf8mb4_0900_ai_ci ROW_FORMAT=DYNAMIC COMMENT='参数配置表';

-- ----------------------------
-- Records of sys_config
-- ----------------------------
INSERT INTO `sys_config` VALUES ('1', '主框架页-默认皮肤样式名称', 'sys.index.skinName', 'skin-blue', 'Y', 'admin', '2022-05-14 14:04:21', '', null, '蓝色 skin-blue、绿色 skin-green、紫色 skin-purple、红色 skin-red、黄色 skin-yellow');
INSERT INTO `sys_config` VALUES ('2', '用户管理-账号初始密码', 'sys.user.initPassword', '123456', 'Y', 'admin', '2022-05-14 14:04:21', '', null, '初始化密码 123456');
INSERT INTO `sys_config` VALUES ('3', '主框架页-侧边栏主题', 'sys.index.sideTheme', 'theme-dark', 'Y', 'admin', '2022-05-14 14:04:21', '', null, '深色主题theme-dark，浅色主题theme-light');
INSERT INTO `sys_config` VALUES ('4', '账号自助-验证码开关', 'sys.account.captchaOnOff', 'true', 'Y', 'admin', '2022-05-14 14:04:21', '', null, '是否开启验证码功能（true开启，false关闭）');
INSERT INTO `sys_config` VALUES ('5', '账号自助-是否开启用户注册功能', 'sys.account.registerUser', 'false', 'Y', 'admin', '2022-05-14 14:04:21', '', null, '是否开启注册用户功能（true开启，false关闭）');

-- ----------------------------
-- Table structure for sys_dict_data
-- ----------------------------
DROP TABLE IF EXISTS `sys_dict_data`;
CREATE TABLE `sys_dict_data` (
  `dict_code` bigint NOT NULL AUTO_INCREMENT COMMENT '字典编码',
  `dict_sort` int DEFAULT '0' COMMENT '字典排序',
  `dict_label` varchar(100) CHARACTER SET utf8mb4 COLLATE utf8mb4_0900_ai_ci DEFAULT '' COMMENT '字典标签',
  `dict_value` varchar(100) CHARACTER SET utf8mb4 COLLATE utf8mb4_0900_ai_ci DEFAULT '' COMMENT '字典键值',
  `dict_type` varchar(100) CHARACTER SET utf8mb4 COLLATE utf8mb4_0900_ai_ci DEFAULT '' COMMENT '字典类型',
  `css_class` varchar(100) CHARACTER SET utf8mb4 COLLATE utf8mb4_0900_ai_ci DEFAULT NULL COMMENT '样式属性（其他样式扩展）',
  `list_class` varchar(100) CHARACTER SET utf8mb4 COLLATE utf8mb4_0900_ai_ci DEFAULT NULL COMMENT '表格回显样式',
  `is_default` char(1) CHARACTER SET utf8mb4 COLLATE utf8mb4_0900_ai_ci DEFAULT 'N' COMMENT '是否默认（Y是 N否）',
  `status` char(1) CHARACTER SET utf8mb4 COLLATE utf8mb4_0900_ai_ci DEFAULT '0' COMMENT '状态（0正常 1停用）',
  `create_by` varchar(64) CHARACTER SET utf8mb4 COLLATE utf8mb4_0900_ai_ci DEFAULT '' COMMENT '创建者',
  `create_time` datetime DEFAULT NULL COMMENT '创建时间',
  `update_by` varchar(64) CHARACTER SET utf8mb4 COLLATE utf8mb4_0900_ai_ci DEFAULT '' COMMENT '更新者',
  `update_time` datetime DEFAULT NULL COMMENT '更新时间',
  `remark` varchar(500) CHARACTER SET utf8mb4 COLLATE utf8mb4_0900_ai_ci DEFAULT NULL COMMENT '备注',
  PRIMARY KEY (`dict_code`) USING BTREE,
  KEY `dict_type` (`dict_type`) USING BTREE,
  CONSTRAINT `SYS_DICT_DATA_ibfk_1` FOREIGN KEY (`dict_type`) REFERENCES `sys_dict_type` (`dict_type`) ON DELETE RESTRICT ON UPDATE RESTRICT
) ENGINE=InnoDB AUTO_INCREMENT=103 DEFAULT CHARSET=utf8mb4 COLLATE=utf8mb4_0900_ai_ci ROW_FORMAT=DYNAMIC COMMENT='字典数据表';

-- ----------------------------
-- Records of sys_dict_data
-- ----------------------------
INSERT INTO `sys_dict_data` VALUES ('1', '1', '男', '0', 'sys_user_sex', '', '', 'Y', '0', 'admin', '2022-05-14 14:04:20', '', null, '性别男');
INSERT INTO `sys_dict_data` VALUES ('2', '2', '女', '1', 'sys_user_sex', '', '', 'N', '0', 'admin', '2022-05-14 14:04:20', '', null, '性别女');
INSERT INTO `sys_dict_data` VALUES ('3', '3', '未知', '2', 'sys_user_sex', '', '', 'N', '0', 'admin', '2022-05-14 14:04:20', '', null, '性别未知');
INSERT INTO `sys_dict_data` VALUES ('4', '1', '显示', '0', 'sys_show_hide', '', 'primary', 'Y', '0', 'admin', '2022-05-14 14:04:20', '', null, '显示菜单');
INSERT INTO `sys_dict_data` VALUES ('5', '2', '隐藏', '1', 'sys_show_hide', '', 'danger', 'N', '0', 'admin', '2022-05-14 14:04:20', '', null, '隐藏菜单');
INSERT INTO `sys_dict_data` VALUES ('6', '1', '正常', '0', 'sys_normal_disable', '', 'primary', 'Y', '0', 'admin', '2022-05-14 14:04:20', '', null, '正常状态');
INSERT INTO `sys_dict_data` VALUES ('7', '2', '停用', '1', 'sys_normal_disable', '', 'danger', 'N', '0', 'admin', '2022-05-14 14:04:20', '', null, '停用状态');
INSERT INTO `sys_dict_data` VALUES ('8', '1', '正常', '0', 'sys_job_status', '', 'primary', 'Y', '0', 'admin', '2022-05-14 14:04:20', '', null, '正常状态');
INSERT INTO `sys_dict_data` VALUES ('9', '2', '暂停', '1', 'sys_job_status', '', 'danger', 'N', '0', 'admin', '2022-05-14 14:04:20', '', null, '停用状态');
INSERT INTO `sys_dict_data` VALUES ('10', '1', '默认', 'DEFAULT', 'sys_job_group', '', '', 'Y', '0', 'admin', '2022-05-14 14:04:20', '', null, '默认分组');
INSERT INTO `sys_dict_data` VALUES ('11', '2', '系统', 'SYSTEM', 'sys_job_group', '', '', 'N', '0', 'admin', '2022-05-14 14:04:20', '', null, '系统分组');
INSERT INTO `sys_dict_data` VALUES ('12', '1', '是', 'Y', 'sys_yes_no', '', 'primary', 'Y', '0', 'admin', '2022-05-14 14:04:20', '', null, '系统默认是');
INSERT INTO `sys_dict_data` VALUES ('13', '2', '否', 'N', 'sys_yes_no', '', 'danger', 'N', '0', 'admin', '2022-05-14 14:04:20', '', null, '系统默认否');
INSERT INTO `sys_dict_data` VALUES ('14', '1', '通知', '1', 'sys_notice_type', '', 'warning', 'Y', '0', 'admin', '2022-05-14 14:04:20', '', null, '通知');
INSERT INTO `sys_dict_data` VALUES ('15', '2', '公告', '2', 'sys_notice_type', '', 'success', 'N', '0', 'admin', '2022-05-14 14:04:20', '', null, '公告');
INSERT INTO `sys_dict_data` VALUES ('16', '1', '正常', '0', 'sys_notice_status', '', 'primary', 'Y', '0', 'admin', '2022-05-14 14:04:20', '', null, '正常状态');
INSERT INTO `sys_dict_data` VALUES ('17', '2', '关闭', '1', 'sys_notice_status', '', 'danger', 'N', '0', 'admin', '2022-05-14 14:04:20', '', null, '关闭状态');
INSERT INTO `sys_dict_data` VALUES ('18', '1', '新增', '1', 'sys_oper_type', '', 'info', 'N', '0', 'admin', '2022-05-14 14:04:21', '', null, '新增操作');
INSERT INTO `sys_dict_data` VALUES ('19', '2', '修改', '2', 'sys_oper_type', '', 'info', 'N', '0', 'admin', '2022-05-14 14:04:21', '', null, '修改操作');
INSERT INTO `sys_dict_data` VALUES ('20', '3', '删除', '3', 'sys_oper_type', '', 'danger', 'N', '0', 'admin', '2022-05-14 14:04:21', '', null, '删除操作');
INSERT INTO `sys_dict_data` VALUES ('21', '4', '授权', '4', 'sys_oper_type', '', 'primary', 'N', '0', 'admin', '2022-05-14 14:04:21', '', null, '授权操作');
INSERT INTO `sys_dict_data` VALUES ('22', '5', '导出', '5', 'sys_oper_type', '', 'warning', 'N', '0', 'admin', '2022-05-14 14:04:21', '', null, '导出操作');
INSERT INTO `sys_dict_data` VALUES ('23', '6', '导入', '6', 'sys_oper_type', '', 'warning', 'N', '0', 'admin', '2022-05-14 14:04:21', '', null, '导入操作');
INSERT INTO `sys_dict_data` VALUES ('24', '7', '强退', '7', 'sys_oper_type', '', 'danger', 'N', '0', 'admin', '2022-05-14 14:04:21', '', null, '强退操作');
INSERT INTO `sys_dict_data` VALUES ('25', '8', '生成代码', '8', 'sys_oper_type', '', 'warning', 'N', '0', 'admin', '2022-05-14 14:04:21', '', null, '生成操作');
INSERT INTO `sys_dict_data` VALUES ('26', '9', '清空数据', '9', 'sys_oper_type', '', 'danger', 'N', '0', 'admin', '2022-05-14 14:04:21', '', null, '清空操作');
INSERT INTO `sys_dict_data` VALUES ('27', '1', '成功', '0', 'sys_common_status', '', 'primary', 'N', '0', 'admin', '2022-05-14 14:04:21', '', null, '正常状态');
INSERT INTO `sys_dict_data` VALUES ('28', '2', '失败', '1', 'sys_common_status', '', 'danger', 'N', '0', 'admin', '2022-05-14 14:04:21', '', null, '停用状态');
INSERT INTO `sys_dict_data` VALUES ('100', '0', '登录', '1', 'sys_login_type', null, 'default', null, '0', 'admin', '2022-06-10 00:29:31', 'admin', '2022-06-10 00:29:58', null);
INSERT INTO `sys_dict_data` VALUES ('101', '1', '注销', '0', 'sys_login_type', null, 'default', null, '0', 'admin', '2022-06-10 00:29:48', null, '2022-06-10 00:29:48', null);
INSERT INTO `sys_dict_data` VALUES ('102', '0', '已完成', '0', 'train_status', null, 'success', null, '0', 'admin', '2023-11-04 00:17:41', null, '2023-11-04 00:17:41', null);

-- ----------------------------
-- Table structure for sys_dict_type
-- ----------------------------
DROP TABLE IF EXISTS `sys_dict_type`;
CREATE TABLE `sys_dict_type` (
  `dict_id` bigint NOT NULL AUTO_INCREMENT COMMENT '字典主键',
  `dict_name` varchar(100) CHARACTER SET utf8mb4 COLLATE utf8mb4_0900_ai_ci DEFAULT '' COMMENT '字典名称',
  `dict_type` varchar(100) CHARACTER SET utf8mb4 COLLATE utf8mb4_0900_ai_ci DEFAULT '' COMMENT '字典类型',
  `status` char(1) CHARACTER SET utf8mb4 COLLATE utf8mb4_0900_ai_ci DEFAULT '0' COMMENT '状态（0正常 1停用）',
  `create_by` varchar(64) CHARACTER SET utf8mb4 COLLATE utf8mb4_0900_ai_ci DEFAULT '' COMMENT '创建者',
  `create_time` datetime DEFAULT NULL COMMENT '创建时间',
  `update_by` varchar(64) CHARACTER SET utf8mb4 COLLATE utf8mb4_0900_ai_ci DEFAULT '' COMMENT '更新者',
  `update_time` datetime DEFAULT NULL COMMENT '更新时间',
  `remark` varchar(500) CHARACTER SET utf8mb4 COLLATE utf8mb4_0900_ai_ci DEFAULT NULL COMMENT '备注',
  PRIMARY KEY (`dict_id`) USING BTREE,
  UNIQUE KEY `dict_type` (`dict_type`) USING BTREE
) ENGINE=InnoDB AUTO_INCREMENT=13 DEFAULT CHARSET=utf8mb4 COLLATE=utf8mb4_0900_ai_ci ROW_FORMAT=DYNAMIC COMMENT='字典类型表';

-- ----------------------------
-- Records of sys_dict_type
-- ----------------------------
INSERT INTO `sys_dict_type` VALUES ('1', '用户性别', 'sys_user_sex', '0', 'admin', '2022-05-14 14:04:20', '', null, '用户性别列表');
INSERT INTO `sys_dict_type` VALUES ('2', '菜单状态', 'sys_show_hide', '0', 'admin', '2022-05-14 14:04:20', '', null, '菜单状态列表');
INSERT INTO `sys_dict_type` VALUES ('3', '系统开关', 'sys_normal_disable', '0', 'admin', '2022-05-14 14:04:20', '', null, '系统开关列表');
INSERT INTO `sys_dict_type` VALUES ('4', '任务状态', 'sys_job_status', '0', 'admin', '2022-05-14 14:04:20', '', null, '任务状态列表');
INSERT INTO `sys_dict_type` VALUES ('5', '任务分组', 'sys_job_group', '0', 'admin', '2022-05-14 14:04:20', '', null, '任务分组列表');
INSERT INTO `sys_dict_type` VALUES ('6', '系统是否', 'sys_yes_no', '0', 'admin', '2022-05-14 14:04:20', '', null, '系统是否列表');
INSERT INTO `sys_dict_type` VALUES ('7', '通知类型', 'sys_notice_type', '0', 'admin', '2022-05-14 14:04:20', '', null, '通知类型列表');
INSERT INTO `sys_dict_type` VALUES ('8', '通知状态', 'sys_notice_status', '0', 'admin', '2022-05-14 14:04:20', '', null, '通知状态列表');
INSERT INTO `sys_dict_type` VALUES ('9', '操作类型', 'sys_oper_type', '0', 'admin', '2022-05-14 14:04:20', '', null, '操作类型列表');
INSERT INTO `sys_dict_type` VALUES ('10', '系统状态', 'sys_common_status', '0', 'admin', '2022-05-14 14:04:20', '', null, '登录状态列表');
INSERT INTO `sys_dict_type` VALUES ('11', '登录日志类型', 'sys_login_type', '0', 'admin', '2022-06-10 00:28:26', 'admin', '2022-06-10 00:28:26', null);
INSERT INTO `sys_dict_type` VALUES ('12', '训练状态', 'train_status', '0', 'admin', '2023-11-04 00:16:58', 'admin', '2023-11-04 00:17:09', null);

-- ----------------------------
-- Table structure for syuser
-- ----------------------------
DROP TABLE IF EXISTS `syuser`;
CREATE TABLE `syuser` (
  `ID` varchar(36) CHARACTER SET gbk COLLATE gbk_chinese_ci NOT NULL,
  `AGE` int DEFAULT NULL,
  `CREATEDATETIME` datetime DEFAULT NULL,
  `LOGINNAME` varchar(100) CHARACTER SET gbk COLLATE gbk_chinese_ci NOT NULL,
  `NAME` varchar(100) CHARACTER SET gbk COLLATE gbk_chinese_ci DEFAULT NULL,
  `PHOTO` varchar(200) CHARACTER SET gbk COLLATE gbk_chinese_ci DEFAULT NULL,
  `PWD` varchar(100) CHARACTER SET gbk COLLATE gbk_chinese_ci DEFAULT NULL,
  `SEX` varchar(1) CHARACTER SET gbk COLLATE gbk_chinese_ci DEFAULT NULL,
  `UPDATEDATETIME` datetime DEFAULT NULL,
  `EMPLOYDATE` datetime DEFAULT NULL,
  `EMAIL` varchar(50) CHARACTER SET utf8mb4 COLLATE utf8mb4_0900_ai_ci DEFAULT '' COMMENT '用户邮箱',
  `PHONENUMBER` varchar(11) CHARACTER SET utf8mb4 COLLATE utf8mb4_0900_ai_ci DEFAULT '' COMMENT '手机号码',
  `STATUS` varchar(10) CHARACTER SET gbk COLLATE gbk_chinese_ci DEFAULT '0',
  PRIMARY KEY (`ID`) USING BTREE,
  UNIQUE KEY `UK_eiov1gsncrds3rean3dmu822p` (`LOGINNAME`) USING BTREE
) ENGINE=InnoDB DEFAULT CHARSET=gbk ROW_FORMAT=DYNAMIC;

-- ----------------------------
-- Records of syuser
-- ----------------------------
INSERT INTO `syuser` VALUES ('0', '30', '2015-08-25 10:34:54', 'admin', 'admin', '', 'e10adc3949ba59abbe56e057f20f883e', '1', '2022-06-08 11:04:52', null, 'test@test.com', '18988888888', '0');
INSERT INTO `syuser` VALUES ('0f21b40c-5323-46e5-9200-0364eab3481e', null, '2022-05-29 09:28:57', 'test', 'test', null, 'e10adc3949ba59abbe56e057f20f883e', '0', '2022-06-10 09:19:56', '2022-05-29 09:28:57', 'test@test.com', '18988888888', '0');
INSERT INTO `syuser` VALUES ('3d40cbf0-feff-4a51-9a0a-a163502bb68b', null, '2023-11-06 10:14:41', 'zhangsan', 'zhangsan', null, 'e10adc3949ba59abbe56e057f20f883e', '0', '2023-11-06 10:15:30', '2023-11-06 10:14:41', null, '', '0');

-- ----------------------------
-- Table structure for syuser_syorganization
-- ----------------------------
DROP TABLE IF EXISTS `syuser_syorganization`;
CREATE TABLE `syuser_syorganization` (
  `SYUSER_ID` varchar(36) CHARACTER SET gbk COLLATE gbk_chinese_ci NOT NULL,
  `SYORGANIZATION_ID` varchar(36) CHARACTER SET gbk COLLATE gbk_chinese_ci NOT NULL,
  PRIMARY KEY (`SYORGANIZATION_ID`,`SYUSER_ID`) USING BTREE,
  KEY `FK_14ewqc5wtscac0dd5rswrm5j2` (`SYORGANIZATION_ID`) USING BTREE,
  KEY `FK_63bdmtxwlk259id13rp4iryy` (`SYUSER_ID`) USING BTREE,
  CONSTRAINT `FK_14ewqc5wtscac0dd5rswrm5j2` FOREIGN KEY (`SYORGANIZATION_ID`) REFERENCES `syorganization` (`ID`) ON DELETE RESTRICT ON UPDATE RESTRICT,
  CONSTRAINT `FK_63bdmtxwlk259id13rp4iryy` FOREIGN KEY (`SYUSER_ID`) REFERENCES `syuser` (`ID`) ON DELETE RESTRICT ON UPDATE RESTRICT
) ENGINE=InnoDB DEFAULT CHARSET=gbk ROW_FORMAT=DYNAMIC;

-- ----------------------------
-- Records of syuser_syorganization
-- ----------------------------
INSERT INTO `syuser_syorganization` VALUES ('0', '0');
INSERT INTO `syuser_syorganization` VALUES ('346e8333-b644-4939-8b06-f23654963c6a', '0');
INSERT INTO `syuser_syorganization` VALUES ('3d40cbf0-feff-4a51-9a0a-a163502bb68b', '0');
INSERT INTO `syuser_syorganization` VALUES ('0f21b40c-5323-46e5-9200-0364eab3481e', '5477d9a9-e41e-485f-bb08-697e8facef88');

-- ----------------------------
-- Table structure for syuser_syrole
-- ----------------------------
DROP TABLE IF EXISTS `syuser_syrole`;
CREATE TABLE `syuser_syrole` (
  `SYUSER_ID` varchar(36) CHARACTER SET gbk COLLATE gbk_chinese_ci NOT NULL,
  `SYROLE_ID` varchar(36) CHARACTER SET gbk COLLATE gbk_chinese_ci NOT NULL,
  PRIMARY KEY (`SYROLE_ID`,`SYUSER_ID`) USING BTREE,
  KEY `FK_j7iwtgslc2esrjx0ptieleoko` (`SYROLE_ID`) USING BTREE,
  KEY `FK_1pi4p5h4y5ghbs5f4gdlgn620` (`SYUSER_ID`) USING BTREE,
  CONSTRAINT `FK_1pi4p5h4y5ghbs5f4gdlgn620` FOREIGN KEY (`SYUSER_ID`) REFERENCES `syuser` (`ID`) ON DELETE RESTRICT ON UPDATE RESTRICT,
  CONSTRAINT `FK_j7iwtgslc2esrjx0ptieleoko` FOREIGN KEY (`SYROLE_ID`) REFERENCES `syrole` (`ID`) ON DELETE RESTRICT ON UPDATE RESTRICT
) ENGINE=InnoDB DEFAULT CHARSET=gbk ROW_FORMAT=DYNAMIC;

-- ----------------------------
-- Records of syuser_syrole
-- ----------------------------
INSERT INTO `syuser_syrole` VALUES ('0', '0');
INSERT INTO `syuser_syrole` VALUES ('0', '19f00d46-8f1b-45b5-b7b7-6197d7b8cb33');
INSERT INTO `syuser_syrole` VALUES ('346e8333-b644-4939-8b06-f23654963c6a', '19f00d46-8f1b-45b5-b7b7-6197d7b8cb33');
INSERT INTO `syuser_syrole` VALUES ('3d40cbf0-feff-4a51-9a0a-a163502bb68b', '19f00d46-8f1b-45b5-b7b7-6197d7b8cb33');
INSERT INTO `syuser_syrole` VALUES ('0', 'f4e1b151-a171-4705-9154-503a046cb72a');
