Time,FCC.TIC1303.PV.csv,FCC.PI1301.PV.csv,FCC.FIC1311.PV.csv,FCC.TIC1402.PV.csv,FCC.TIC1402-1.PV.csv,FCC.FI1400.PV.csv,FCC.FIC1402-1.PV.csv,FCC.FVC1402.PV.csv,FCC.TI1419.PV.csv,FCC.LIC1404.PV.csv,FCC.TI1418.PV.csv,FCC.PDI1414.PV.csv,wdqy
2021/1/1 7:00,asd,0,0,0,0,0,0,0,0,0,0,0,205.5
2021/1/1 17:00,0,0,0,0,0,0,0,0,0,0,0,0,197.5
2021/1/2 7:00,125.8629,0.1944834,0,167.411,167.4396,0.3293586,80.8812,81.20339,0,53.64992,161.8468,0,194
2021/1/2 17:00,126.931,0.1942926,0,171.6669,171.6597,0,77.87809,78.07963,165.8556,52.78371,165.7554,110.1687,200
2021/1/3 7:00,0,0,0,0,0,0,0,0,0,0,0,0,199
2021/1/3 17:00,0,0,0,0,0,0,0,0,0,0,0,0,197
2021/1/4 7:00,127.8819,0.1948231,0,169.5354,169.4281,0.3464343,79.23932,79.10735,0,49.49648,163.1246,110.1711,202
2021/1/4 17:00,127.4711,0.1944417,0,167.6685,167.6399,0,79.96799,80.04018,161.8969,53.95577,161.7967,110.1687,197.5
2021/1/5 7:00,0,0,0,0,0,0,0,0,0,0,0,0,201.5
2021/1/5 17:00,0,0,0,0,0,0,0,0,0,0,0,0,201.5
2021/1/6 7:00,127.358,0.1937204,0,167.0391,167.0534,0,82.03338,82.1575,161.471,53.28253,161.2705,110.1735,202
2021/1/6 17:00,126.9765,0.1945072,0,171.0803,170.8729,0.3293586,82.17105,82.04113,165.1541,51.94862,0,110.1663,197
2021/1/7 7:00,0,0,0,0,0,0,0,0,0,0,0,0,198.5
2021/1/7 17:00,0,0,0,0,0,0,0,0,0,0,0,0,200.5
2021/1/8 7:00,131.1061,0.1941377,0,169.6784,169.657,0.3293586,80.72499,80.81231,163.776,50.01915,163.5004,0,197
2021/1/8 17:00,130.1231,0.19378,0,169.9145,169.9431,0.3293586,81.03471,80.80579,163.776,48.00794,163.751,0,197
2021/1/9 7:00,0,0,0,0,0,0,0,0,0,0,0,0,197
2021/1/9 17:00,0,0,0,0,0,0,0,0,0,0,0,0,197
2021/1/10 7:00,131.25,0.1945847,0,170.6583,170.6583,0.3464343,78.29334,78.26902,164.653,49.73518,164.4776,110.1711,193
2021/1/10 17:00,130.3872,0.1946265,0,170.6369,170.6369,0.3293586,78.12513,78.08642,164.5777,49.65009,164.4275,110.1711,200.5
2021/1/11 7:00,0,0,0,0,0,0,0,0,0,0,0,0,199.5
2021/1/11 17:00,0,0,0,0,0,0,0,0,0,0,0,0,197
2021/1/12 7:00,128.4608,0.1954549,0,169.3852,169.285,0.3293586,75.77016,75.70592,163.7009,49.45661,163.5004,0,197
2021/1/12 17:00,129.3886,0.1945191,0,167.8044,0,0,76.01771,76.0065,162.2727,53.73828,162.1976,0,199
2021/1/13 7:00,0,0,0,0,0,0,0,0,0,0,0,0,198
2021/1/13 17:00,0,0,0,0,0,0,0,0,0,0,0,0,199.5
2021/1/14 7:00,129.4901,0.1947814,0,167.9189,167.8187,0.3464343,85.02995,84.89819,162.0974,53.64318,0,110.1711,199.5
2021/1/14 17:00,131.1278,0.1943522,0,168.7986,168.7843,0.3293586,84.89102,84.89067,162.9242,50.97956,162.6486,0,198.5
2021/1/15 7:00,0,0,0,0,0,0,0,0,0,0,0,0,197
2021/1/15 17:00,0,0,0,0,0,0,0,0,0,0,0,0,197
2021/1/16 7:00,128.4547,0.1948768,0,169.3279,169.3279,0.3293586,84.69235,84.83278,163.4754,49.12381,163.2499,110.1687,197
2021/1/16 17:00,129.8893,0.1953953,0,167.1392,167.1893,0.362707,82.23458,82.09946,161.3707,53.05527,161.1703,0,197
2021/1/17 7:00,0,0,0,0,0,0,0,0,0,0,0,0,197
2021/1/17 17:00,0,0,0,0,0,0,0,0,0,0,0,0,197
2021/1/18 7:00,130.9986,0.1949364,0,167.0319,167.0605,0,82.30511,82.31754,161.2204,55.21729,161.0952,0,197
2021/1/18 17:00,124.5857,0.1954073,0,165.9519,165.9447,0,82.91014,83.00457,159.2912,47.85198,0,0,197
2021/1/19 7:00,0,0,0,0,0,0,0,0,0,0,0,0,197
2021/1/19 17:00,0,0,0,0,0,0,0,0,0,0,0,0,197
2021/1/20 7:00,128.4975,0.1943046,0,168.9417,168.7843,0.3464343,82.9716,83.03297,162.9993,48.62072,0,110.1663,197.5
2021/1/20 17:00,125.353,0.193029,0,168.6627,168.7772,0.3113478,85.05701,85.28909,163.0745,46.4334,162.7738,0,195
2021/1/21 7:00,0,0,0,0,0,0,0,0,0,0,0,0,197
2021/1/21 17:00,0,0,0,0,0,0,0,0,0,0,0,0,198.5
2021/1/22 7:00,130.4924,0.1938694,0,169.5354,169.5354,0,83.15585,82.92163,163.4002,45.34333,163.1998,110.1663,197
2021/1/22 17:00,130.6193,0.1935655,0,167.7758,167.7472,0,81.26374,81.37207,161.3707,47.03351,161.3457,110.1615,195
2021/1/23 7:00,0,0,0,0,0,0,0,0,0,0,0,0,197
2021/1/23 17:00,0,0,0,0,0,0,0,0,0,0,0,0,198
2021/1/24 7:00,127.4315,0.1939887,0,169.8,169.9431,0,81.08566,81.0807,0,47.78539,163.6257,0,197.5
2021/1/24 17:00,129.1392,0.1939767,0,169.4424,169.3852,0.3293586,81.01866,81.06549,163.3501,48.08886,163.2749,110.1615,197
2021/1/25 7:00,0,0,0,0,0,0,0,0,0,0,0,0,197
2021/1/25 17:00,0,0,0,0,0,0,0,0,0,0,0,0,197.5
2021/1/26 7:00,129.259,0.194537,0,168.9274,168.9345,0,80.92386,80.86774,162.7237,47.43327,162.5484,110.1639,199.5
2021/1/26 17:00,131.1467,0.1940602,0,168.6842,168.8272,0.3464343,84.88148,84.92922,0,47.05646,162.2477,110.1639,199
2021/1/27 7:00,0,0,0,0,0,0,0,0,0,0,0,0,198
2021/1/27 17:00,0,0,0,0,0,0,0,0,0,0,0,0,197
2021/1/28 7:00,128.7699,0.1941079,0,169.4352,169.5497,0,81.00987,81.08447,163.2499,47.24152,0,110.1711,197
2021/1/28 17:00,132.0043,0.1932734,0,167.5255,167.5755,0.3293586,80.0724,79.94902,161.3457,45.78826,161.1202,110.1663,197
2021/1/29 7:00,0,0,0,0,0,0,0,0,0,0,0,0,197.5
2021/1/29 17:00,0,0,0,0,0,0,0,0,0,0,0,0,197.5
2021/1/30 7:00,129.956,0.1940304,0,170.1862,170.1505,0.3293586,85.12185,84.91455,163.751,45.73594,163.8011,0,198.5
2021/1/30 17:00,130.2536,0.1948589,0,170.1862,170.1791,0,85.0751,84.83604,0,48.10208,163.751,110.1615,198.5
2021/1/31 7:00,0,0,0,0,0,0,0,0,0,0,0,0,197
2021/1/31 17:00,0,0,0,0,0,0,0,0,0,0,0,0,198
2021/2/1 7:00,130.0284,0.1933509,0,169.0275,0,0,85.0582,85.03721,162.6235,48.1912,162.7989,0,200
2021/2/1 17:00,130.2634,0.1935357,0,168.1835,168.1692,0,86.06213,86.01586,161.9721,47.74446,161.6965,0,200
2021/2/2 7:00,0,0,0,0,0,0,0,0,0,0,0,0,197
2021/2/2 17:00,0,0,0,0,0,0,0,0,0,0,0,0,197
2021/2/3 7:00,129.1008,0.194537,0,166.803,166.8245,0.3293586,84.85121,84.86839,160.6942,47.87614,160.4437,110.1663,200
2021/2/3 17:00,131.8884,0.1934045,0,170.551,170.5582,0,85.79438,85.91217,164.202,48.06602,163.9514,110.1568,201.5
2021/2/4 17:00,0,0,0,0,0,0,0,0,0,0,0,0,197
2021/2/5 7:00,128.6319,0.1924449,0,168.6556,168.6842,0,83.11409,83.09406,162.8991,47.86628,162.6987,110.1639,202
2021/2/5 17:00,127.6297,0.1926535,0,168.4482,168.4124,0.3293586,80.81529,80.80335,162.6737,49.31377,162.4982,0,201
2021/2/6 7:00,0,0,0,0,0,0,0,0,0,0,0,0,197.5
2021/2/6 17:00,0,0,0,0,0,0,0,0,0,0,0,0,197
2021/2/7 7:00,129.3851,0.1934403,0,168.5626,168.4338,0,77.7943,77.86116,162.5233,47.02117,162.4982,0,207
2021/2/7 17:00,127.0221,0.192737,0,168.1477,168.1549,0.3464343,76.8353,76.91171,162.2477,47.89726,0,110.1592,200
2021/2/8 7:00,0,0,0,0,0,0,0,0,0,0,0,0,204.5
2021/2/8 17:00,0,0,0,0,0,0,0,0,0,0,0,0,199.5
2021/2/9 7:00,126.5156,0.1933032,0,168.6484,168.6627,0.3113478,79.91309,79.91357,163.0494,47.19203,162.849,0,198.5
2021/2/9 17:00,126.2379,0.1934284,0,167.4253,167.3037,0.3113478,83.06738,83.04562,162.1725,48.00609,161.8969,110.1711,197
2021/2/10 7:00,0,0,0,0,0,0,0,0,0,0,0,0,197
2021/2/10 17:00,0,0,0,0,0,0,0,0,0,0,0,0,198.5
2021/2/11 7:00,127.8716,0.1940542,0,168.9989,169.0347,0.3293586,79.09765,79.13528,163.1747,45.83319,162.9492,0,197
2021/2/11 17:00,126.482,0.1938218,0,169.2779,169.0275,0.3293586,78.98968,78.87173,163.4253,46.47467,163.3,110.1663,197
2021/2/12 1:00,0,0,0,0,0,0,0,0,0,0,0,0,191.5
2021/2/12 7:00,0,0,0,0,0,0,0,0,0,0,0,0,194
2021/2/12 17:00,0,0,0,0,0,0,0,0,0,0,0,0,197
2021/2/13 7:00,129.2576,0.1927131,0,170.2006,170.1576,0.3293586,78.08618,77.82581,164.227,48.31361,0,110.1663,195.5
2021/2/13 17:00,130.4977,0.1932317,0,169.4138,169.3995,0.3464343,78.04813,77.94598,164.4025,62.4147,163.9765,110.1592,195.5
2021/2/14 7:00,0,0,0,0,0,0,0,0,0,0,0,0,197
2021/2/14 17:00,0,0,0,0,0,0,0,0,0,0,0,0,197
2021/2/15 7:00,129.1284,0.1912408,0,168.9131,169.0275,0.3293586,78.09692,78.04066,163.1497,50.46689,162.9242,110.1687,197.5
2021/2/15 17:00,131.3675,0.1909488,0,170.4294,170.3937,0,76.8291,76.50896,164.5777,50.8073,0,0,200.5
2021/2/16 7:00,0,0,0,0,0,0,0,0,0,0,0,0,198.5
2021/2/16 17:00,0,0,0,0,0,0,0,0,0,0,0,0,199.5
2021/2/17 7:00,131.5213,0.1927727,0,168.6699,168.6699,0,81.49474,81.57343,162.849,48.84227,162.6235,110.1687,198
2021/2/17 17:00,129.6368,0.1929456,0,168.2979,168.2908,0.3464343,81.73998,81.78055,163.1747,62.16017,162.9742,0,198
2021/2/18 7:00,0,0,0,0,0,0,0,0,0,0,0,0,195.5
2021/2/18 17:00,0,0,0,0,0,0,0,0,0,0,0,0,198.5
2021/2/19 7:00,129.7601,0.1927906,0,168.9417,168.9059,0,81.89359,81.88946,162.7738,48.31491,162.7989,0,197
2021/2/19 17:00,130.8185,0.1927727,0,170.408,170.408,0.3464343,82.12231,82.07999,164.4275,48.8501,0,110.1592,197
2021/2/20 1:00,0,0,0,0,0,0,0,0,0,0,0,0,197
2021/2/20 7:00,0,0,0,0,0,0,0,0,0,0,0,0,197
2021/2/20 17:00,0,0,0,0,0,0,0,0,0,0,0,0,200
2021/2/21 7:00,131.118,0.1927727,0,169.2922,169.1706,0,78.17216,78.15276,163.325,51.31365,0,0,199
2021/2/21 17:00,129.6125,0.1925879,0,168.6913,168.8129,0.3464343,78.06321,78.02911,163.0244,52.82319,162.8991,110.1592,197
2021/2/21 21:00,130.7338,0.1933092,0,168.4267,168.4267,0.3293586,78.04842,78.18804,162.4982,52.44502,0,110.1663,197.5
2021/2/22 7:00,0,0,0,0,0,0,0,0,0,0,0,0,192.5
2021/2/22 17:00,0,0,0,0,0,0,0,0,0,0,0,0,194
2021/2/23 7:00,130.3815,0.1936012,0,171.4308,171.4237,0.3464343,76.83585,76.85155,165.7053,49.87622,0,0,193.5
2021/2/23 17:00,132.2579,0.1929694,0,171.5739,171.5596,0,77.02309,77.14793,165.5549,50.96606,165.3044,110.1615,198
2021/2/24 7:00,0,0,0,0,0,0,0,0,0,0,0,0,198
2021/2/24 17:00,0,0,0,0,0,0,0,0,0,0,0,0,197
2021/2/25 7:00,130.251,0.1932019,0,171.6669,171.6669,0.3464343,76.97449,77.11359,165.5299,49.53266,0,110.1663,197
2021/2/25 17:00,130.7495,0.1933032,0,170.5439,170.5367,0,78.12016,78.16757,164.703,50.3971,0,0,197.5
2021/2/26 7:00,0,0,0,0,0,0,0,0,0,0,0,0,199.5
2021/2/26 17:00,0,0,0,0,0,0,0,0,0,0,0,0,198.5
2021/2/27 7:00,130.4776,0.1934641,0,0,169.2779,0,78.23693,78.12337,0,48.40343,163.1246,110.1735,197.5
2021/2/27 17:00,130.6422,0.1931303,0,169.2993,169.3136,0.362707,77.01363,76.97861,163.3,47.86057,163.3,0,197
2021/2/28 1:00,0,0,0,0,0,0,0,0,0,0,0,0,198
2021/2/28 7:00,0,0,0,0,0,0,0,0,0,0,0,0,198
2021/2/28 17:00,0,0,0,0,0,0,0,0,0,0,0,0,197
2021/3/1 7:00,131.9013,0.1929515,0,169.4138,169.5354,0.3113478,79.90797,79.95522,163.4754,49.20755,163.325,110.1687,200
2021/3/1 17:00,129.4744,0.191211,0,170.4151,170.4581,0,80.02824,79.81603,164.5777,49.74672,0,110.1615,198.5
2021/3/2 7:00,0,0,0,0,0,0,0,0,0,0,0,0,197
2021/3/2 17:00,0,0,0,0,0,0,0,0,0,0,0,0,197
2021/3/3 7:00,132.5783,0.1913302,0,168.4267,168.5555,0,81.08163,81.02037,162.398,49.67325,0,110.1711,198
2021/3/3 17:00,129.5029,0.1926654,0,167.6399,167.6256,0,81.86201,81.74035,161.6714,53.36647,0,110.1663,199
2021/3/4 7:00,0,0,0,0,0,0,0,0,0,0,0,0,199
2021/3/4 17:00,0,0,0,0,0,0,0,0,0,0,0,0,199
2021/3/5 7:00,130.9857,0.1924687,0,170.5582,170.4223,0,80.74865,80.88096,164.5026,48.62857,0,110.1639,199
2021/3/5 17:00,130.6155,0.1922541,0,169.0561,169.0418,0.3293586,81.8569,81.91639,163.0494,49.90522,162.9242,0,197.5
2021/3/6 7:00,0,0,0,0,0,0,0,0,0,0,0,0,198.5
2021/3/6 17:00,0,0,0,0,0,0,0,0,0,0,0,0,199
2021/3/7 7:00,129.5085,0.1924687,0,168.2836,168.2622,0.3464343,81.93846,81.84338,162.4732,46.1828,0,110.1687,200.5
2021/3/7 17:00,130.3289,0.1926416,0,168.6913,168.6913,0.3464343,81.85544,81.95788,162.4732,46.52135,162.423,0,201.5
2021/3/8 7:00,0,0,0,0,0,0,0,0,0,0,0,0,199
2021/3/8 17:00,0,0,0,0,0,0,0,0,0,0,0,0,199.5
2021/3/9 7:00,131.3659,0.1919203,0,168.3266,168.2908,0.3464343,82.16306,82.00224,162.3479,47.49845,162.2727,0,198.5
2021/3/9 17:00,129.4032,0.1927846,0,167.5755,167.5398,0.3464343,82.4372,82.39345,161.3457,46.24874,161.2956,110.1615,197
2021/3/10 7:00,0,0,0,0,0,0,0,0,0,0,0,0,197
2021/3/10 17:00,0,0,0,0,0,0,0,0,0,0,0,0,197
2021/3/11 7:00,129.8084,0.1918429,0,167.7758,167.7973,0,80.99297,81.1014,161.6464,45.63414,161.5712,110.1687,197.5
2021/3/11 17:00,128.8793,0.1923018,0,169.2636,169.2993,0.3464343,81.03252,80.71293,162.9492,47.6423,0,110.1639,199
2021/3/12 7:00,0,0,0,0,0,0,0,0,0,0,0,0,198
2021/3/12 17:00,0,0,0,0,0,0,0,0,0,0,0,0,197
2021/3/13 7:00,130.2516,0.192117,0,168.2765,168.2836,0.3293586,80.87888,80.79324,162.2977,47.61201,162.0222,110.1663,197
2021/3/13 17:00,130.623,0.1926118,0,167.411,167.4039,0,81.0985,81.035,161.3207,47.52853,161.0952,110.1615,197
2021/3/14 7:00,0,0,0,0,0,0,0,0,0,0,0,0,197
2021/3/14 17:00,0,0,0,0,0,0,0,0,0,0,0,0,197.5
2021/3/15 7:00,129.7481,0.1918369,0,168.8129,168.77,0,79.45602,79.47296,162.6235,46.8218,162.7488,110.1663,199
2021/3/15 17:00,131.177,0.1913362,0,169.0275,169.0275,0,81.05743,81.16307,162.7989,48.01138,162.7488,0,202
2021/3/16 7:00,0,0,0,0,0,0,0,0,0,0,0,0,200
2021/3/16 17:00,0,0,0,0,0,0,0,0,0,0,0,0,197.5
2021/3/17 7:00,129.5359,0.1922601,0,167.5469,0,0.3293586,79.21922,79.21024,161.8468,47.44748,0,110.1687,201
2021/3/17 17:00,128.8735,0.1928979,0,166.6314,166.6385,0,80.04153,80.01338,160.9449,47.66915,160.8195,0,199
2021/3/18 7:00,0,0,0,0,0,0,0,0,0,0,0,0,200.5
2021/3/18 17:00,0,0,0,0,0,0,0,0,0,0,0,0,200.5
2021/3/19 7:00,129.0019,0.1922065,0,165.5227,165.5299,0,80.67735,80.72236,159.5167,45.57652,159.3163,0,202
2021/3/19 17:00,129.3374,0.1926535,0,166.0019,165.9805,0,81.88919,82.05991,159.9677,46.52079,159.7923,110.1615,199
2021/3/20 7:00,0,0,0,0,0,0,0,0,0,0,0,0,198.5
2021/3/20 17:00,0,0,0,0,0,0,0,0,0,0,0,0,197
2021/3/21 7:00,129.1244,0.1920574,0,164.7574,164.9147,0.3293586,81.95831,81.91245,158.9404,49.61925,158.8402,0,197.5
2021/3/21 17:00,129.3849,0.1921528,0,166.0091,166.1521,0.3293586,81.98962,81.88773,160.3185,49.18806,160.1681,110.1711,198
2021/3/22 7:00,0,0,0,0,0,0,0,0,0,0,0,0,199
2021/3/22 17:00,0,0,0,0,0,0,0,0,0,0,0,0,199.5
2021/3/23 7:00,128.7753,0.1917594,0,164.929,164.929,0.3293586,80.09589,79.93468,159.0156,48.0377,158.9154,0,199
2021/3/23 17:00,128.9895,0.192874,0,167.9046,167.7973,0,80.00273,80.03625,162.398,47.50015,161.9972,110.1663,198.5
2021/3/24 7:00,0,0,0,0,0,0,0,0,0,0,0,0,198
2021/3/24 17:00,0,0,0,0,0,0,0,0,0,0,0,0,198
2021/3/25 7:00,132.1354,0.1913898,0,166.9318,166.9246,0.3293586,80.00808,80.0098,161.0701,50.32455,160.9949,0,198
2021/3/25 17:00,133.2316,0.1922541,0,169.8,169.5282,0.3293586,81.10326,80.87727,163.7009,50.69549,163.4503,110.1592,199
2021/3/26 7:00,0,0,0,0,0,0,0,0,0,0,0,0,198.5
2021/3/26 17:00,0,0,0,0,0,0,0,0,0,0,0,0,202
2021/3/27 7:00,130.609,0.191968,0,167.7758,167.7758,0.3293586,80.97205,81.08987,161.922,49.79498,161.7465,0,203
2021/3/27 17:00,131.274,0.1914852,0,169.0418,169.0275,0.3293586,81.20683,81.0877,163.1246,51.61751,162.9742,110.1592,198.5
2021/3/28 7:00,0,0,0,0,0,0,0,0,0,0,0,0,198.5
2021/3/28 17:00,0,0,0,0,0,0,0,0,0,0,0,0,198
2021/3/29 7:00,130.7349,0.1916104,0,166.9246,167.1678,0.3293586,81.0835,80.97948,160.9699,49.66431,160.8947,0,201
2021/3/29 17:00,130.7497,0.1913422,0,166.6743,166.7172,0.3464343,81.08065,81.08168,160.8195,49.37539,160.7193,0,201.5
2021/3/30 7:00,0,0,0,0,0,0,0,0,0,0,0,0,199.5
2021/3/30 17:00,0,0,0,0,0,0,0,0,0,0,0,0,200.5
2021/3/31 7:00,130.3732,0.1916879,0,168.0476,167.9117,0.3293586,81.06965,81.15504,161.7465,46.13099,161.6213,110.1663,198.5
2021/3/31 17:00,131.6773,0.1918071,0,169.0347,169.1706,0,81.00275,81.06956,162.9492,47.05562,162.9492,110.1615,203
2021/4/1 7:00,0,0,0,0,0,0,0,0,0,0,0,0,202
2021/4/1 17:00,0,0,0,0,0,0,0,0,0,0,0,0,201
2021/4/2 7:00,130.8593,0.1908355,0,167.5469,167.5255,0,80.93947,80.88425,161.5963,48.2569,161.4459,0,202.5
2021/4/2 17:00,129.5019,0.1912289,0,166.1307,166.1879,0,81.10588,81.02727,160.4187,47.69416,0,0,203
2021/4/3 7:00,0,0,0,0,0,0,0,0,0,0,0,0,200.5
2021/4/3 17:00,0,0,0,0,0,0,0,0,0,0,0,0,200.5
2021/4/4 7:00,127.9896,0.1909011,0,166.1879,166.1951,0.3293586,80.85454,81.01447,160.3937,49.29817,160.2433,110.1639,204.5
2021/4/4 17:00,127.9994,0.1917117,0,168.2765,168.2622,0.3293586,80.67471,80.8462,162.373,44.39888,162.2477,110.1639,202.5
2021/4/5 7:00,0,0,0,0,0,0,0,0,0,0,0,0,199.5
2021/4/5 17:00,0,0,0,0,0,0,0,0,0,0,0,0,198.5
2021/4/6 7:00,128.359,0.1915627,0,166.6385,166.66,0,80.89986,80.95412,160.7694,46.86461,160.5941,0,200.5
2021/4/6 17:00,129.1228,0.1916521,0,167.0176,167.0534,0.3293586,81.02941,80.91872,161.3707,46.25386,0,110.1592,198.5
2021/4/7 7:00,0,0,0,0,0,0,0,0,0,0,0,0,199
2021/4/7 17:00,0,0,0,0,0,0,0,0,0,0,0,0,200
2021/4/8 7:00,130.5022,0.190609,0,166.2952,166.2666,0,81.56662,81.53657,0,46.57396,160.2182,0,201.5
2021/4/8 17:00,131.3849,0.1910978,0,167.318,167.0963,0.3464343,81.44996,81.66402,161.4459,46.64959,0,110.1687,202
2021/4/9 7:00,0,0,0,0,0,0,0,0,0,0,0,0,201.5
2021/4/9 17:00,0,0,0,0,0,0,0,0,0,0,0,0,198
2021/4/10 7:00,128.5265,0.1906984,0,165.3797,165.4154,0.3293586,81.08441,81.10658,159.4916,45.6342,0,110.1687,201.5
2021/4/10 17:00,128.0586,0.1905137,0,165.2867,165.2867,0.3464343,81.12385,81.1037,0,44.21249,159.3914,0,202
2021/4/11 7:00,0,0,0,0,0,0,0,0,0,0,0,0,202.5
2021/4/11 17:00,0,0,0,0,0,0,0,0,0,0,0,0,202.5
2021/4/12 7:00,128.4972,0.1907223,0,163.9992,164.1136,0.3464343,83.11504,83.06244,158.4393,46.25608,158.2639,110.1663,201
2021/4/12 17:00,127.979,0.1917296,0,167.0391,167.0176,0.3293586,81.95889,81.94537,0,47.16846,161.2455,110.1639,202.5
2021/4/13 7:00,0,0,0,0,0,0,0,0,0,0,0,0,200
2021/4/13 17:00,0,0,0,0,0,0,0,0,0,0,0,0,198
2021/4/14 7:00,127.8479,0.1914733,0,165.8946,165.8875,0,81.96129,82.11052,0,45.29455,160.0428,0,198
2021/4/14 17:00,129.4873,0.1910918,0,167.4754,167.3753,0,82.09366,82.10696,161.6464,44.34102,161.5461,0,200.5
2021/4/15 7:00,0,0,0,0,0,0,0,0,0,0,0,0,200
2021/4/15 17:00,0,0,0,0,0,0,0,0,0,0,0,0,200
2021/4/16 7:00,127.7603,0.1913541,0,166.6671,166.6743,0.3293586,81.76521,81.91567,160.9449,45.41451,160.7444,0,198.5
2021/4/16 17:00,128.099,0.1911097,0,168.1835,168.205,0,82.10212,82.01377,162.2477,47.56887,0,110.1663,199
2021/4/17 7:00,0,0,0,0,0,0,0,0,0,0,0,0,198
2021/4/17 17:00,0,0,0,0,0,0,0,0,0,0,0,0,198
2021/4/18 7:00,128.978,0.1909786,0,168.5626,168.4482,0.3293586,82.02946,81.8931,161.947,47.49222,162.3228,110.1663,198
2021/4/18 17:00,128.4542,0.1907998,0,167.8473,167.8044,0,81.92387,81.96135,161.7215,47.12121,0,110.1615,198.5
2021/4/19 7:00,0,0,0,0,0,0,0,0,0,0,0,0,199.5
2021/4/19 17:00,0,0,0,0,0,0,0,0,0,0,0,0,198
2021/4/20 7:00,128.5613,0.1908832,0,167.5827,167.5755,0.3293586,83.0003,83.2328,161.7716,45.69478,161.3958,110.1615,199
2021/4/20 17:00,129.8896,0.1908951,0,168.3409,168.4482,0,82.0046,82.0978,0,46.98475,162.1475,0,201.5
2021/4/21 7:00,0,0,0,0,0,0,0,0,0,0,0,0,200
2021/4/21 17:00,0,0,0,0,0,0,0,0,0,0,0,0,200
2021/4/22 7:00,0,0,0,0,0,0,0,0,0,0,0,0,199.5
2021/4/22 17:00,0,0,0,0,0,0,0,0,0,0,0,0,200.5
2021/4/23 7:00,0,0,0,0,0,0,0,0,0,0,0,0,199.5
2021/4/23 17:00,0,0,0,0,0,0,0,0,0,0,0,0,199.5
2021/4/24 7:00,0,0,0,0,0,0,0,0,0,0,0,0,201.5
2021/4/24 17:00,0,0,0,0,0,0,0,0,0,0,0,0,201
2021/4/25 7:00,0,0,0,0,0,0,0,0,0,0,0,0,198.5
2021/4/25 17:00,0,0,0,0,0,0,0,0,0,0,0,0,199
2021/4/26 7:00,0,0,0,0,0,0,0,0,0,0,0,0,199.5
2021/4/26 17:00,0,0,0,0,0,0,0,0,0,0,0,0,199
2021/4/27 7:00,0,0,0,0,0,0,0,0,0,0,0,0,200
2021/4/27 17:00,0,0,0,0,0,0,0,0,0,0,0,0,201
2021/4/28 7:00,0,0,0,0,0,0,0,0,0,0,0,0,200.5
2021/4/28 17:00,0,0,0,0,0,0,0,0,0,0,0,0,200
2021/4/29 7:00,0,0,0,0,0,0,0,0,0,0,0,0,199.5
2021/4/29 17:00,0,0,0,0,0,0,0,0,0,0,0,0,198
2021/4/30 7:00,0,0,0,0,0,0,0,0,0,0,0,0,201
2021/4/30 17:00,0,0,0,0,0,0,0,0,0,0,0,0,198
2021/5/1 7:00,0,0,0,0,0,0,0,0,0,0,0,0,198
2021/5/1 17:00,0,0,0,0,0,0,0,0,0,0,0,0,198
2021/5/2 7:00,0,0,0,0,0,0,0,0,0,0,0,0,198.5
2021/5/2 17:00,0,0,0,0,0,0,0,0,0,0,0,0,201
2021/5/3 7:00,0,0,0,0,0,0,0,0,0,0,0,0,202
2021/5/3 17:00,0,0,0,0,0,0,0,0,0,0,0,0,201
2021/5/4 7:00,128.4104,0.1897507,0,0,166.7959,0.3293586,80.30968,80.37196,0,48.18325,160.7444,110.1639,202
2021/5/4 17:00,127.6333,0.190466,0,164.2638,164.4069,0.3293586,80.0678,80.06332,158.4393,52.20839,158.3892,110.1711,201.5
2021/5/5 7:00,0,0,0,0,0,0,0,0,0,0,0,0,201.5
2021/5/5 17:00,0,0,0,0,0,0,0,0,0,0,0,0,203
2021/5/6 7:00,127.8895,0.190466,0,165.3296,165.3081,0,80.56902,80.62727,159.2411,46.55788,0,110.1615,199
2021/5/6 17:00,127.502,0.1908117,0,167.4182,167.4253,0.3293586,80.44241,80.5131,161.3457,45.68518,161.2956,0,199
2021/5/7 7:00,0,0,0,0,0,0,0,0,0,0,0,0,198.5
2021/5/7 17:00,0,0,0,0,0,0,0,0,0,0,0,0,200
2021/5/8 7:00,128.4898,0.191074,0,166.7673,166.8102,0.3464343,80.58259,80.57488,160.6692,45.81464,160.6191,110.1615,201
2021/5/8 17:00,126.7347,0.1899772,0,166.4168,166.4311,0.3293586,80.63416,80.55045,160.4938,46.51146,160.3937,110.1592,200.5
2021/5/9 7:00,0,0,0,0,0,0,0,0,0,0,0,0,202.5
2021/5/9 17:00,0,0,0,0,0,0,0,0,0,0,0,0,202.5
2021/5/10 7:00,125.3726,0.1908296,0,164.0421,164.0207,0,80.49187,80.36295,158.4393,47.27908,158.4393,0,205.5
2021/5/10 17:00,125.6104,0.1913243,0,163.1552,163.1838,0,80.40783,80.68368,0,48.18533,157.4371,0,203
2021/5/11 7:00,0,0,0,0,0,0,0,0,0,0,0,0,201
2021/5/11 17:00,0,0,0,0,0,0,0,0,0,0,0,0,202.5
2021/5/12 7:00,125.3064,0.1909786,0,164.9147,164.9147,0,80.44358,80.53749,159.3414,47.33361,0,0,201
2021/5/12 17:00,125.2068,0.1909965,0,165.4297,165.2724,0.3293586,80.36419,80.4483,159.6169,48.33554,159.5417,110.1568,200
2021/5/13 7:00,0,0,0,0,0,0,0,0,0,0,0,0,199.5
2021/5/13 17:00,0,0,0,0,0,0,0,0,0,0,0,0,198
2021/5/14 7:00,125.113,0.1911753,0,165.9232,165.8875,0.3464343,79.76939,79.70892,159.9176,46.57547,159.9426,110.1592,199
2021/5/14 17:00,125.2326,0.1907819,0,166.2809,166.3238,0.3113478,79.93173,80.02977,160.5941,49.70444,160.6692,110.1592,202
2021/5/15 7:00,0,0,0,0,0,0,0,0,0,0,0,0,200.5
2021/5/15 17:00,0,0,0,0,0,0,0,0,0,0,0,0,201
2021/5/16 7:00,127.3786,0.1894825,0,165.6586,165.6872,0,80.00255,80.03034,159.8424,49.04037,159.8424,110.1568,200
2021/5/16 17:00,128.2503,0.1902872,0,165.2795,165.2938,0,80.13258,80.16548,0,48.36769,159.3414,110.1592,200.5
2021/5/17 7:00,0,0,0,0,0,0,0,0,0,0,0,0,203
2021/5/17 17:00,0,0,0,0,0,0,0,0,0,0,0,0,203
2021/5/18 7:00,126.6289,0.189852,0,165.9018,165.9304,0.3464343,80.47354,80.39006,160.118,49.09742,160.0679,0,203
2021/5/18 17:00,128.2548,0.1890831,0,167.5684,167.6542,0.3293586,80.56118,80.46363,161.9972,45.95096,161.8217,110.1592,202
2021/5/19 7:00,0,0,0,0,0,0,0,0,0,0,0,0,201.5
2021/5/19 17:00,0,0,0,0,0,0,0,0,0,0,0,0,202
2021/5/20 7:00,126.0627,0.1904004,0,164.0135,164.0207,0.3464343,80.21339,80.17558,158.2639,48.23939,158.2639,110.1592,198
2021/5/20 17:00,128.9931,0.1901143,0,164.0707,163.9921,0.3293586,80.65776,80.58497,158.1137,49.06878,0,0,198.5
2021/5/21 7:00,0,0,0,0,0,0,0,0,0,0,0,0,203
2021/5/21 17:00,0,0,0,0,0,0,0,0,0,0,0,0,205
2021/5/22 7:00,125.3692,0.1898878,0,165.5799,165.5871,0.3464343,82.61054,82.68726,0,44.35385,0,110.1592,200
2021/5/22 17:00,126.2388,0.1892083,0,164.7073,164.6787,0,80.86226,80.68298,158.7901,46.84691,158.7149,110.1592,200.5
2021/5/23 7:00,0,0,0,0,0,0,0,0,0,0,0,0,200.5
2021/5/23 17:00,0,0,0,0,0,0,0,0,0,0,0,0,199.5
2021/5/24 7:00,125.1525,0.1894884,0,165.0435,165.0363,0,81.01086,81.16814,159.1659,48.29215,0,110.1544,199.5
2021/5/24 17:00,126.1157,0.1903468,0,165.1651,165.1579,0.3293586,84.04016,84.14473,159.3414,45.99044,159.216,110.1544,200
2021/5/25 7:00,0,0,0,0,0,0,0,0,0,0,0,0,202.5
2021/5/25 17:00,0,0,0,0,0,0,0,0,0,0,0,0,200.5
2021/5/26 7:00,127.0553,0.1898759,0,164.178,164.2638,0.3464343,83.95145,83.93974,0,46.24081,158.2389,0,199
2021/5/26 17:00,127.2619,0.1911455,0,166.5598,166.5742,0.3464343,91.70222,91.67383,0,47.82438,160.3937,0,200
2021/5/27 7:00,0,0,0,0,0,0,0,0,0,0,0,0,198.5
2021/5/27 17:00,0,0,0,0,0,0,0,0,0,0,0,0,201
2021/5/28 7:00,127.8676,0.1902097,0,162.0322,162.0465,0.3293586,90.73257,90.90104,156.4099,48.26165,0,0,192.5
2021/5/28 17:00,129.0091,0.1898759,0,165.1436,165.1436,0,90.93899,90.98603,159.0907,45.85602,159.0907,0,200
2021/5/29 7:00,0,0,0,0,0,0,0,0,0,0,0,0,198
2021/5/29 17:00,0,0,0,0,0,0,0,0,0,0,0,0,198
2021/5/30 7:00,126.8772,0.1898818,0,163.4341,163.2982,0,91.16058,91.07103,157.387,45.77112,157.4121,0,198
2021/5/30 17:00,129.1761,0.1902931,0,162.2611,162.304,0,91.06789,90.99246,156.485,50.32359,156.3598,110.1496,198.5
2021/5/31 7:00,0,0,0,0,0,0,0,0,0,0,0,0,202
2021/5/31 17:00,0,0,0,0,0,0,0,0,0,0,0,0,199
2021/6/1 7:00,127.4244,0.1924508,0,163.7489,163.6559,0.3464343,91.10713,91.23743,157.7378,47.78638,157.7127,0,200.5
2021/6/1 17:00,128.1222,0.1931244,0,163.6201,163.7059,0.3293586,90.90871,91.01685,157.6376,46.90437,157.6376,110.1639,200
2021/6/2 7:00,0,0,0,0,0,0,0,0,0,0,0,0,198.5
2021/6/2 17:00,0,0,0,0,0,0,0,0,0,0,0,0,198
2021/6/3 7:00,127.7323,0.1970345,0,166.2809,166.2809,0,87.95925,87.9624,160.5189,46.12919,0,0,192
2021/6/3 17:00,131.9964,0.1967543,0,166.0592,166.0305,0.3293586,87.07172,87.01096,159.9426,48.30816,159.9426,110.1568,200.5
2021/6/4 7:00,0,0,0,0,0,0,0,0,0,0,0,0,203
2021/6/4 17:00,0,0,0,0,0,0,0,0,0,0,0,0,201
2021/6/5 7:00,129.1275,0.1940423,0,0,165.2724,0,86.92603,86.92799,0,48.20363,0,0,201
2021/6/5 17:00,130.0182,0.1920694,0,162.9907,163.0336,0.3293586,86.0205,86.05775,157.1365,48.4766,157.0864,110.1544,200
2021/6/6 7:00,0,0,0,0,0,0,0,0,0,0,0,0,194.5
2021/6/6 17:00,0,0,0,0,0,0,0,0,0,0,0,0,198.5
2021/6/7 7:00,130.3758,0.1909667,0,163.1623,163.148,0.3113478,85.02714,84.92744,157.1615,48.20834,157.0864,110.1592,199.5
2021/6/7 17:00,131.683,0.1907342,0,165.0506,165.0363,0.3293586,84.97444,84.94403,0,48.75849,0,0,199.5
2021/6/8 7:00,0,0,0,0,0,0,0,0,0,0,0,0,199
2021/6/8 17:00,0,0,0,0,0,0,0,0,0,0,0,0,198
2021/6/9 7:00,131.1117,0.1892977,0,166.4526,166.4025,0.3293586,85.06216,85.22433,0,47.1862,160.4187,0,199.5
2021/6/9 17:00,131.6336,0.1901918,0,166.2952,166.3095,0.3464343,85.12604,85.08903,160.2684,47.12824,160.1932,0,198.5
2021/6/10 7:00,0,0,0,0,0,0,0,0,0,0,0,0,198
2021/6/10 17:00,0,0,0,0,0,0,0,0,0,0,0,0,201.5
2021/6/11 7:00,130.2395,0.1890772,0,165.5585,165.537,0,87.07639,87.01479,0,46.97583,159.3163,0,201.5
2021/6/11 17:00,131.3824,0.1892083,0,165.4369,165.4297,0.3293586,87.07337,86.88923,159.4666,48.36919,0,110.1544,201
2021/6/12 7:00,0,0,0,0,0,0,0,0,0,0,0,0,200.5
2021/6/12 17:00,0,0,0,0,0,0,0,0,0,0,0,0,199
2021/6/13 7:00,129.7387,0.1901322,0,164.3926,164.3139,0,87.01566,87.1321,158.5646,47.09256,158.4393,0,202
2021/6/13 17:00,128.5876,0.1902037,0,164.7932,164.8003,0.3464343,87.00146,86.958,158.8653,47.5785,0,110.1639,202
2021/6/14 7:00,0,0,0,0,0,0,0,0,0,0,0,0,200.5
2021/6/14 17:00,0,0,0,0,0,0,0,0,0,0,0,0,201
2021/6/15 7:00,130.3755,0.1901858,0,161.4099,161.3098,0,88.50598,88.4358,155.0819,45.39554,155.0068,110.1592,200
2021/6/15 17:00,131.5466,0.1909309,0,161.1811,161.1596,0,87.53743,87.67688,154.9818,49.09524,0,0,203
2021/6/16 7:00,0,0,0,0,0,0,0,0,0,0,0,0,203
2021/6/16 17:00,0,0,0,0,0,0,0,0,0,0,0,0,201.5
2021/6/17 7:00,129.3838,0.1912528,0,164.7788,164.7574,0.3464343,87.01564,86.87911,158.6899,46.40823,158.6398,110.1592,203
2021/6/17 17:00,129.5126,0.1910203,0,169.142,169.1277,0,89.00224,88.91127,162.8741,45.99894,162.8991,0,203
2021/6/18 7:00,0,0,0,0,0,0,0,0,0,0,0,0,203
2021/6/18 17:00,0,0,0,0,0,0,0,0,0,0,0,0,206.5
2021/6/19 7:00,125.3964,0.1915985,0,168.3122,168.3051,0,86.0154,86.16476,162.398,47.43076,162.398,110.1615,200.5
2021/6/19 17:00,126.9244,0.1913005,0,167.6471,167.5255,0.3464343,85.87463,86.00028,161.6464,47.10071,161.6464,110.1544,203
2021/6/20 7:00,0,0,0,0,0,0,0,0,0,0,0,0,203
2021/6/20 17:00,0,0,0,0,0,0,0,0,0,0,0,0,203
2021/6/21 7:00,123.5992,0.1915329,0,166.7029,166.6814,0,87.84233,87.91408,161.045,48.09973,161.045,0,204.5
2021/6/21 17:00,123.7171,0.1914256,0,166.9318,166.9175,0,88.03956,87.88388,161.2705,47.88001,161.3207,0,201.5
2021/6/22 7:00,0,0,0,0,0,0,0,0,0,0,0,0,201.5
2021/6/22 17:00,0,0,0,0,0,0,0,0,0,0,0,0,202.5
2021/6/23 7:00,125.3593,0.1914673,0,167.5612,167.4253,0.3293586,87.21754,87.39585,161.8719,47.54234,161.6965,110.1615,202
2021/6/23 17:00,124.0169,0.1920097,0,166.9032,0,0.3293586,87.05621,87.04562,0,46.85428,161.1703,110.1639,202.5
2021/6/24 7:00,0,0,0,0,0,0,0,0,0,0,0,0,202.5
2021/6/24 17:00,0,0,0,0,0,0,0,0,0,0,0,0,204
2021/6/25 7:00,122.4999,0.1905494,0,167.411,167.318,0.3464343,87.21754,87.27521,161.8969,48.49878,0,0,203
2021/6/25 17:00,120.8712,0.1912289,0,167.4253,167.4325,0,86.99606,86.88675,162.1725,48.36356,162.0723,110.1639,202
2021/6/26 7:00,0,0,0,0,0,0,0,0,0,0,0,0,204
2021/6/26 17:00,0,0,0,0,0,0,0,0,0,0,0,0,203.5
2021/6/27 7:00,122.4831,0.1911455,0,168.3051,168.2908,0,86.97977,87.05415,162.9492,48.25541,0,0,205
2021/6/27 17:00,122.5566,0.190764,0,168.1692,168.2121,0.3293586,87.03166,87.12014,162.5734,48.42498,162.6737,110.1615,203
2021/6/28 7:00,0,0,0,0,0,0,0,0,0,0,0,0,203
2021/6/28 17:00,0,0,0,0,0,0,0,0,0,0,0,0,200.5
2021/6/29 7:00,123.88,0.1905911,0,0,168.1763,0.3464343,87.1044,86.87054,162.4982,48.14574,162.423,110.1592,200
2021/6/29 17:00,124.0241,0.1913541,0,167.9975,168.0047,0,85.89984,85.96833,162.373,48.22653,162.3228,0,200
2021/6/30 7:00,0,0,0,0,0,0,0,0,0,0,0,0,201.5
2021/6/30 17:00,0,0,0,0,0,0,0,0,0,0,0,0,200.5
2021/7/1 7:00,123.2469,0.1903766,0,168.1763,168.3122,0.3293586,85.66814,86.00553,162.6486,48.53747,0,0,200
2021/7/1 17:00,124.758,0.190615,0,168.4195,168.4124,0,86.09361,86.12688,0,48.06149,0,0,200
2021/7/2 7:00,0,0,0,0,0,0,0,0,0,0,0,0,200
2021/7/2 17:00,0,0,0,0,0,0,0,0,0,0,0,0,200
2021/7/3 7:00,127.0104,0.190758,0,167.9403,167.9117,0.3464343,84.95089,85.01141,162.0472,49.01727,162.0723,110.1568,194
2021/7/3 17:00,130.7591,0.1906925,0,168.8344,168.7986,0,83.9388,83.94283,162.398,48.69614,162.423,110.1568,200
2021/7/4 7:00,0,0,0,0,0,0,0,0,0,0,0,0,200
2021/7/4 17:00,0,0,0,0,0,0,0,0,0,0,0,0,200
2021/7/5 7:00,130.4522,0.1896732,0,170.0504,170.036,0,80.86497,81.03075,163.751,48.64077,163.8261,110.1592,202
2021/7/5 17:00,130.8135,0.1899653,0,170.0647,170.0718,0,81.95432,81.96235,163.8763,48.99649,163.8011,0,197
2021/7/6 7:00,0,0,0,0,0,0,0,0,0,0,0,0,200
2021/7/6 17:00,0,0,0,0,0,0,0,0,0,0,0,0,200.5
2021/7/7 7:00,130.6345,0.1901739,0,170.6583,170.7012,0.3113478,83.12272,83.11633,164.5026,49.13186,164.2772,110.1568,200
2021/7/7 17:00,131.4435,0.1917475,0,0,171.0589,0,84.0319,84.00994,164.7782,49.55281,164.7281,110.1592,200
2021/7/8 7:00,0,0,0,0,0,0,0,0,0,0,0,0,200
2021/7/8 17:00,0,0,0,0,0,0,0,0,0,0,0,0,200
2021/7/9 7:00,131.1062,0.1906627,0,171.2949,171.3164,0.3113478,82.02123,81.998,165.1541,48.4068,0,110.1592,200
2021/7/9 17:00,129.6302,0.190758,0,171.3092,171.2735,0,83.00584,82.98216,165.1541,48.94221,165.0538,0,200.5
2021/7/10 7:00,0,0,0,0,0,0,0,0,0,0,0,0,200.5
2021/7/10 17:00,0,0,0,0,0,0,0,0,0,0,0,0,200.5
2021/7/11 7:00,128.8806,0.1911514,0,170.8085,170.8085,0,82.69854,82.89783,164.5777,49.16741,164.5777,0,200.5
2021/7/11 17:00,131.0004,0.1910859,0,171.2878,171.2949,0,81.01785,81.04735,164.8784,48.72615,164.8033,110.1592,201
2021/7/12 7:00,0,0,0,0,0,0,0,0,0,0,0,0,202.5
2021/7/12 17:00,0,0,0,0,0,0,0,0,0,0,0,0,200.5
2021/7/13 7:00,130.944,0.1904183,0,170.9444,170.9015,0.3293586,79.82986,79.76201,164.7782,47.79935,0,110.1592,202
2021/7/13 17:00,129.111,0.1913302,0,171.0589,171.0732,0.3113478,84.94718,85.00304,164.678,48.55986,164.6279,0,202.5
2021/7/14 7:00,0,0,0,0,0,0,0,0,0,0,0,0,200
2021/7/14 17:00,0,0,0,0,0,0,0,0,0,0,0,0,200
2021/7/15 7:00,128.2503,0.1913243,0,171.0589,171.0303,0,85.93697,85.95426,164.8283,48.30026,164.8283,110.1544,200.5
2021/7/15 17:00,128.8722,0.1914971,0,167.6757,167.7043,0.3464343,85.03728,84.90958,161.6213,49.0626,161.6213,110.1592,201
2021/7/16 7:00,0,0,0,0,0,0,0,0,0,0,0,0,200.5
2021/7/16 17:00,0,0,0,0,0,0,0,0,0,0,0,0,200.5
2021/7/17 7:00,128.3836,0.1915985,0,169.0418,169.0275,0,86.97367,86.94773,162.7738,48.21819,162.7488,0,200
2021/7/17 17:00,129.1279,0.190156,0,170.9015,170.9373,0.3113478,86.98381,86.74732,164.6279,48.53559,164.703,0,201.5
2021/7/18 7:00,0,0,0,0,0,0,0,0,0,0,0,0,200
2021/7/18 17:00,0,0,0,0,0,0,0,0,0,0,0,0,200
2021/7/19 7:00,128.8983,0.1905256,0,171.8385,171.7885,0.3293586,87.24706,86.92936,165.5048,48.81537,0,0,200
2021/7/19 17:00,130.3703,0.1911753,0,171.438,171.2949,0.3464343,84.83813,84.871,165.0037,48.59021,0,0,200
2021/7/20 7:00,0,0,0,0,0,0,0,0,0,0,0,0,200
2021/7/20 17:00,0,0,0,0,0,0,0,0,0,0,0,0,200
2021/7/21 7:00,129.7689,0.1907223,0,169.0561,168.9989,0,85.95759,85.92735,162.6235,47.95856,162.5233,0,200
2021/7/21 17:00,128.431,0.1915329,0,170.4223,170.4151,0,85.41607,85.51485,164.3523,52.37174,164.2772,0,200
2021/7/22 7:00,0,0,0,0,0,0,0,0,0,0,0,0,200
2021/7/22 17:00,0,0,0,0,0,0,0,0,0,0,0,0,200.5
2021/7/23 7:00,128.51,0.191676,0,171.9315,171.7813,0.3464343,86.10444,86.0366,0,48.26736,165.605,110.1544,200.5
2021/7/23 17:00,127.8744,0.1917952,0,167.8902,167.8044,0,86.61548,86.88902,161.496,48.35543,161.5461,110.1496,201
2021/7/24 7:00,0,0,0,0,0,0,0,0,0,0,0,0,204.5
2021/7/24 17:00,0,0,0,0,0,0,0,0,0,0,0,0,200
2021/7/25 7:00,130.2671,0.1911991,0,172.5824,172.5323,0,81.07101,81.10503,166.2815,48.13325,0,110.1592,197
2021/7/25 17:00,132.6299,0.1905852,0,172.0603,172.046,0,80.89571,81.00822,165.5048,48.37041,165.7303,110.1496,201.5
2021/7/26 7:00,0,0,0,0,0,0,0,0,0,0,0,0,201.5
2021/7/26 17:00,0,0,0,0,0,0,0,0,0,0,0,0,202
2021/7/27 7:00,130.383,0.1909368,0,171.9887,172.1103,0,83.85138,83.78976,166.006,48.02113,165.6802,0,201
2021/7/27 17:00,131.1351,0.1905017,0,172.1819,172.0603,0.3113478,82.86745,83.05591,166.006,48.40635,165.8807,110.1496,201.5
2021/7/28 7:00,0,0,0,0,0,0,0,0,0,0,0,0,202
2021/7/28 17:00,0,0,0,0,0,0,0,0,0,0,0,0,201.5
2021/7/29 7:00,0,0.1910322,0,0,0,0,0,0,165.129,0,164.9035,0,200
2021/7/29 17:00,129.3794,0.1908534,0,171.0517,171.066,0.3113478,83.12672,83.123,0,49.06179,164.9286,110.1639,200.5
2021/7/30 7:00,0,0,0,0,0,0,0,0,0,0,0,0,201.5
2021/7/30 17:00,0,0,0,0,0,0,0,0,0,0,0,0,203
2021/7/31 7:00,128.8221,0.1902872,0,171.4165,171.4666,0.3464343,82.02882,82.1488,0,49.20983,165.2042,110.1592,200.5
2021/7/31 17:00,130.1255,0.1909309,0,171.7026,171.7169,0.3113478,79.98542,80.02657,165.4046,49.0559,165.4547,110.1592,201
2021/8/1 7:00,0,0,0,0,0,0,0,0,0,0,0,0,200.5
2021/8/1 17:00,0,0,0,0,0,0,0,0,0,0,0,0,200.5
2021/8/2 7:00,130.3812,0.1910799,0,170.923,170.9015,0.3293586,82.03643,82.03446,164.4525,49.03624,0,110.1639,200.5
2021/8/2 17:00,130.8832,0.1904064,0,170.6726,170.7084,0.3464343,82.02118,82.00312,164.6279,48.68571,0,110.1568,200
2021/8/3 7:00,0,0,0,0,0,0,0,0,0,0,0,0,200.5
2021/8/3 17:00,0,0,0,0,0,0,0,0,0,0,0,0,200
2021/8/4 7:00,133.0556,0.189703,0,171.2663,171.3378,0,82.19388,82.17076,164.9035,48.1322,164.9286,0,201
2021/8/4 17:00,131.5679,0.1898103,0,170.0504,170.036,0.3113478,82.12707,82.23714,163.5505,48.4261,0,110.1592,200
2021/8/5 7:00,0,0,0,0,0,0,0,0,0,0,0,0,200
2021/8/5 17:00,0,0,0,0,0,0,0,0,0,0,0,0,200
2021/8/6 7:00,133.1704,0.189852,0,169.3351,169.2922,0,80.8858,81.00898,163.2248,48.88898,0,0,196.5
2021/8/6 17:00,131.7683,0.1896136,0,168.255,168.3051,0.3464343,81.84362,81.89011,162.5233,49.41565,161.8468,110.1592,201.5
2021/8/7 7:00,0,0,0,0,0,0,0,0,0,0,0,0,200
2021/8/7 17:00,0,0,0,0,0,0,0,0,0,0,0,0,200
2021/8/8 7:00,132.6255,0.1906329,0,169.8215,169.6999,0.3113478,81.91552,81.97956,163.6758,48.69492,163.3,110.1592,200
2021/8/8 17:00,130.6373,0.1912766,0,170.5796,170.551,0,82.16537,81.98778,163.8763,48.48289,163.9765,110.1615,200.5
2021/8/9 7:00,0,0,0,0,0,0,0,0,0,0,0,0,200
2021/8/9 17:00,0,0,0,0,0,0,0,0,0,0,0,0,200.5
2021/8/10 7:00,129.8175,0.1914793,0,168.6842,168.7057,0,79.68542,79.81844,162.4732,49.03538,162.3479,0,201
2021/8/10 17:00,131.5137,0.1914495,0,171.2019,170.9659,0,80.16761,80.25197,164.9035,48.8781,164.703,110.1592,200
2021/8/11 7:00,0,0,0,0,0,0,0,0,0,0,0,0,203
2021/8/11 17:00,0,0,0,0,0,0,0,0,0,0,0,0,200
2021/8/12 7:00,125.7459,0.1903944,0,171.066,171.1161,0.3464343,80.15319,80.16921,164.7782,49.24697,164.8283,0,202.5
2021/8/12 17:00,129.9862,0.1910322,0,170.8085,170.8157,0.3464343,81.9833,81.91213,0,49.98932,0,0,200
2021/8/13 7:00,0,0,0,0,0,0,0,0,0,0,0,0,200
2021/8/13 17:00,0,0,0,0,0,0,0,0,0,0,0,0,200.5
2021/8/14 7:00,131.1935,0.1906865,0,169.1706,169.1849,0,80.07054,80.0042,162.7488,47.50202,162.7488,110.1592,200.5
2021/8/14 17:00,131.2496,0.1906805,0,167.9403,167.9117,0.3464343,83.09556,83.18159,0,48.2566,161.471,110.1639,200
2021/8/15 7:00,0,0,0,0,0,0,0,0,0,0,0,0,200
2021/8/15 17:00,0,0,0,0,0,0,0,0,0,0,0,0,200
2021/8/16 7:00,131.8956,0.1902454,0,170.5796,170.5367,0,83.05958,83.07665,164.1769,48.66604,164.1769,110.1615,201.5
2021/8/16 17:00,132.493,0.1903527,0,166.6814,166.6814,0,80.7724,80.74662,160.4437,48.52695,160.4437,0,200.5
2021/8/17 7:00,0,0,0,0,0,0,0,0,0,0,0,0,202
2021/8/17 17:00,0,0,0,0,0,0,0,0,0,0,0,0,200.5
2021/8/18 7:00,130.2193,0.1899593,0,169.049,169.0418,0.3293586,80.06273,80.19343,163.0494,48.66399,0,110.1615,201.5
2021/8/18 17:00,130.253,0.1896077,0,168.1907,168.1692,0.3464343,82.19181,82.05691,0,48.26118,162.0222,110.1544,200
2021/8/19 7:00,0,0,0,0,0,0,0,0,0,0,0,0,200
2021/8/19 17:00,0,0,0,0,0,0,0,0,0,0,0,0,200
2021/8/20 7:00,131.9985,0.1897924,0,168.1406,168.1763,0.3293586,81.99543,81.90259,161.8969,48.89768,161.8217,0,201.5
2021/8/20 17:00,130.8018,0.1893394,0,0,169.9359,0.3464343,82.10054,81.96185,163.5756,48.68717,163.5004,110.1568,200
2021/8/21 7:00,0,0,0,0,0,0,0,0,0,0,0,0,201.5
2021/8/21 17:00,0,0,0,0,0,0,0,0,0,0,0,0,203
2021/8/22 7:00,130.2475,0.1903825,0,169.1992,169.1992,0,83.02016,82.88282,162.9742,48.69612,162.9742,110.1592,202.5
2021/8/22 17:00,128.7726,0.1902574,0,166.66,166.8245,0,84.08715,84.13245,160.3937,48.36278,160.3185,110.1544,201.5
2021/8/23 7:00,0,0,0,0,0,0,0,0,0,0,0,0,200
2021/8/23 17:00,0,0,0,0,0,0,0,0,0,0,0,0,200
2021/8/24 7:00,130.3515,0.1899116,0,170.3078,170.0217,0.3464343,83.94105,83.97516,163.6758,48.97574,163.7009,110.1592,200
2021/8/24 17:00,129.5043,0.1902097,0,170.8228,170.6941,0.3293586,85.91402,85.81377,0,48.78113,164.2772,110.1568,200
2021/8/25 7:00,0,0,0,0,0,0,0,0,0,0,0,0,200
2021/8/25 17:00,0,0,0,0,0,0,0,0,0,0,0,0,200
2021/8/26 7:00,131.1622,0.1898461,0,170.3078,170.3436,0,82.0176,81.94006,164.1519,49.56806,164.0015,110.1615,200
2021/8/26 17:00,130.2361,0.1905852,0,170.6583,170.6726,0.3293586,81.63378,81.73015,164.3773,49.0945,164.3022,110.1544,201.5
2021/8/27 7:00,0,0,0,0,0,0,0,0,0,0,0,0,201.5
2021/8/27 17:00,0,0,0,0,0,0,0,0,0,0,0,0,200
2021/8/28 7:00,129.7767,0.1893096,0,168.9488,168.9345,0.3464343,81.04567,80.9678,162.7237,49.28672,162.4982,110.1639,200
2021/8/28 17:00,130.3904,0.1894348,0,168.9989,169.049,0.3293586,80.05489,80.05089,0,50.27885,0,0,197
2021/8/29 7:00,0,0,0,0,0,0,0,0,0,0,0,0,197
2021/8/29 17:00,0,0,0,0,0,0,0,0,0,0,0,0,197.5
2021/8/30 7:00,131.4942,0.1901083,0,169.8215,169.9431,0.362707,80.04629,80.28756,0,48.62667,163.5004,110.1592,201
2021/8/30 17:00,130.7475,0.1909786,0,169.1992,169.2922,0,81.71569,81.69693,162.6987,49.78837,162.9242,110.1615,200
2021/8/31 7:00,0,0,0,0,0,0,0,0,0,0,0,0,200
2021/8/31 17:00,0,0,0,0,0,0,0,0,0,0,0,0,203
2021/9/1 7:00,131.6573,0.1895182,0,169.9788,169.9502,0,80.70316,80.83808,163.6007,49.17316,0,110.1544,200.5
2021/9/1 17:00,131.0558,0.1899832,0,169.2135,169.1992,0.3464343,80.44033,80.32486,162.6486,49.30056,162.6235,110.1544,200.5
2021/9/2 7:00,0,0,0,0,0,0,0,0,0,0,0,0,200.5
2021/9/2 17:00,0,0,0,0,0,0,0,0,0,0,0,0,202.5
2021/9/3 7:00,130.2656,0.1903944,0,170.1147,170.0861,0,82.22311,82.27068,163.5004,48.80326,163.4754,110.1592,203
2021/9/3 17:00,131.3878,0.1906805,0,172.5323,172.5967,0,82.31711,82.43018,0,47.98508,166.031,0,200
2021/9/4 7:00,0,0,0,0,0,0,0,0,0,0,0,0,201
2021/9/4 17:00,0,0,0,0,0,0,0,0,0,0,0,0,202
2021/9/5 7:00,128.7147,0.1923674,0,171.6955,171.7026,0,82.2032,82.16819,165.6552,48.54899,165.2292,0,197.5
2021/9/5 17:00,130.728,0.1924747,0,171.4237,171.4737,0.3293586,82.07409,82.13702,165.0538,49.24755,0,0,197.5
2021/9/6 7:00,0,0,0,0,0,0,0,0,0,0,0,0,202
2021/9/6 17:00,0,0,0,0,0,0,0,0,0,0,0,0,200.5
2021/9/7 7:00,131.891,0.1938158,0,170.9015,170.9444,0.3293586,78.0848,78.07521,164.4525,48.64843,164.5026,110.1568,201.5
2021/9/7 17:00,131.0384,0.1928502,0,171.3521,171.3235,0.3464343,79.32855,79.258,164.8784,47.95868,0,110.152,202.5
2021/9/8 7:00,0,0,0,0,0,0,0,0,0,0,0,0,200
2021/9/8 17:00,0,0,0,0,0,0,0,0,0,0,0,0,200
2021/9/9 7:00,130.2858,0.1929217,0,171.9458,171.8099,0,79.28241,79.26948,165.58,48.14634,0,110.1592,200
2021/9/9 17:00,131.3388,0.1922601,0,171.8242,171.7956,0,79.25993,79.2888,165.3795,49.02334,0,0,201
2021/9/10 7:00,0,0,0,0,0,0,0,0,0,0,0,0,201.5
2021/9/10 17:00,0,0,0,0,0,0,0,0,0,0,0,0,200
2021/9/11 7:00,131.3046,0.1925581,0,171.581,171.6168,0,80.10598,80.19791,0,48.5336,165.2042,110.1592,200.5
2021/9/11 17:00,128.9585,0.1930648,0,167.4396,167.4396,0,80.30312,80.38557,161.045,47.93482,160.9699,110.1568,200.5
2021/9/12 7:00,0,0,0,0,0,0,0,0,0,0,0,0,200.5
2021/9/12 17:00,0,0,0,0,0,0,0,0,0,0,0,0,200
2021/9/13 7:00,128.1286,0.1928681,0,169.7929,169.9216,0.3464343,79.34348,79.27243,164.0767,49.22369,163.8763,110.1615,200
2021/9/13 17:00,130.8952,0.1927608,0,171.6812,171.6812,0.3464343,78.49512,78.51222,165.3795,48.31161,165.2292,110.1496,202
2021/9/14 7:00,0,0,0,0,0,0,0,0,0,0,0,0,202
2021/9/14 17:00,0,0,0,0,0,0,0,0,0,0,0,0,202.5
2021/9/15 7:00,130.7763,0.1926296,0,171.0732,171.066,0,77.08155,77.20577,0,48.1572,0,110.1592,201.5
2021/9/15 17:00,130.7925,0.1923435,0,170.5725,170.5868,0.3464343,77.02808,76.84689,164.4525,48.32434,164.227,0,201.5
2021/9/16 7:00,0,0,0,0,0,0,0,0,0,0,0,0,200
2021/9/16 17:00,0,0,0,0,0,0,0,0,0,0,0,0,200
2021/9/17 7:00,132.2673,0.190758,0,169.142,169.1706,0.3464343,77.67107,77.82775,162.9742,48.09199,162.9242,110.1615,202
2021/9/17 17:00,128.4038,0.1908296,0,170.1862,170.2006,0.3293586,77.74814,77.75844,164.3523,47.60655,163.8512,110.1615,201.5
2021/9/18 7:00,0,0,0,0,0,0,0,0,0,0,0,0,202.5
2021/9/18 17:00,0,0,0,0,0,0,0,0,0,0,0,0,200.5
2021/9/19 7:00,129.3888,0.1917952,0,169.7929,169.8429,0,78.21201,78.21893,163.751,47.84562,0,0,201.5
2021/9/19 17:00,131.1389,0.1907163,0,170.2077,170.1576,0,78.37112,78.44259,163.9013,48.65131,163.8261,0,200
2021/9/20 7:00,0,0,0,0,0,0,0,0,0,0,0,0,200.5
2021/9/20 17:00,0,0,0,0,0,0,0,0,0,0,0,0,201
2021/9/21 7:00,127.8932,0.1920217,0,170.9444,171.1161,0,78.39117,78.31021,164.8534,48.54259,0,0,201.5
2021/9/21 17:00,129.6414,0.1918011,0,171.6168,171.581,0,78.22839,78.07365,165.2793,48.21109,165.2543,110.1544,198.5
2021/9/22 7:00,0,0,0,0,0,0,0,0,0,0,0,0,203.5
2021/9/22 17:00,0,0,0,0,0,0,0,0,0,0,0,0,204
2021/9/23 7:00,130.6234,0.192421,0,171.066,171.0947,0.3293586,78.41798,78.28168,0,48.40244,164.6028,0,202
2021/9/23 17:00,130.8896,0.1918846,0,171.5739,171.5882,0.3293586,78.51502,78.5369,165.2793,48.07263,165.2292,0,202
2021/9/24 7:00,0,0,0,0,0,0,0,0,0,0,0,0,200.5
2021/9/24 17:00,0,0,0,0,0,0,0,0,0,0,0,0,200.5
2021/9/25 7:00,129.6618,0.1913005,0,170.5367,170.5796,0.3464343,78.11487,78.02203,164.3272,48.26553,164.202,110.1568,197
2021/9/25 17:00,132.5125,0.1918965,0,170.9444,170.9301,0,78.40714,78.29304,164.6279,48.28784,164.4525,110.1544,200
2021/9/26 7:00,0,0,0,0,0,0,0,0,0,0,0,0,201
2021/9/26 17:00,0,0,0,0,0,0,0,0,0,0,0,0,200
2021/9/27 7:00,134.3376,0.1916283,0,171.0803,171.0732,0,75.29218,75.40013,164.7532,48.41448,164.8534,110.1592,200
2021/9/27 17:00,131.887,0.1921707,0,171.0947,171.0875,0,77.29181,77.26139,164.8033,48.50432,164.6279,110.1544,200
2021/9/28 7:00,0,0,0,0,0,0,0,0,0,0,0,0,197.5
2021/9/28 17:00,0,0,0,0,0,0,0,0,0,0,0,0,197
2021/9/29 7:00,133.0296,0.1920932,0,170.9301,170.9301,0,77.32692,77.35239,164.703,48.35687,164.703,0,200
2021/9/29 17:00,131.7689,0.1920992,0,170.5439,170.5796,0,77.33935,77.11993,164.4025,48.69716,0,0,200.5
2021/9/30 7:00,0,0,0,0,0,0,0,0,0,0,0,0,200
2021/9/30 17:00,0,0,0,0,0,0,0,0,0,0,0,0,197
2021/10/1 7:00,131.7697,0.1912349,0,170.1862,170.1648,0,77.33199,77.31039,163.8763,47.5397,163.9514,0,200.5
2021/10/1 17:00,135.4021,0.1916044,0,169.4066,169.4424,0.3293586,77.38237,77.35945,163.0995,48.61642,163.0995,110.1639,200.5
2021/10/2 7:00,0,0,0,0,0,0,0,0,0,0,0,0,200
2021/10/2 17:00,0,0,0,0,0,0,0,0,0,0,0,0,200
2021/10/3 7:00,130.767,0.1917534,0,168.3266,168.2765,0.3113478,78.27903,78.1472,161.8217,46.0813,161.8217,110.1568,200
2021/10/3 17:00,134.3867,0.1919203,0,169.5568,169.8286,0.3464343,78.41286,78.38074,163.2499,46.65834,163.2499,0,200
2021/10/4 7:00,0,0,0,0,0,0,0,0,0,0,0,0,202
2021/10/4 17:00,0,0,0,0,0,0,0,0,0,0,0,0,201
2021/10/5 7:00,131.504,0.1906686,0,169.0633,169.0847,0.3464343,77.21333,77.29118,0,46.10432,162.7488,0,201
2021/10/5 17:00,131.0035,0.1912528,0,169.3065,169.285,0.3293586,78.06272,78.08435,163.1497,46.35739,163.0494,0,200
2021/10/6 7:00,0,0,0,0,0,0,0,0,0,0,0,0,200
2021/10/6 17:00,0,0,0,0,0,0,0,0,0,0,0,0,200.5
2021/10/7 7:00,131.3327,0.1899355,0,168.5555,168.5483,0.3293586,78.21839,78.19263,162.1976,46.20018,162.1225,110.1615,200
2021/10/7 17:00,133.1814,0.1898878,0,169.4424,169.4781,0.3464343,77.99722,78.01565,163.1497,45.83094,162.9742,110.1496,200.5
2021/10/8 7:00,0,0,0,0,0,0,0,0,0,0,0,0,203.5
2021/10/8 17:00,0,0,0,0,0,0,0,0,0,0,0,0,200.5
2021/10/9 7:00,130.9029,0.1900428,0,167.9546,167.8974,0,76.7652,76.73703,161.5461,46.33112,161.5461,110.1639,200
2021/10/9 17:00,129.62,0.1899116,0,167.8116,167.8402,0,76.94984,77.06328,161.5211,46.21746,0,110.1592,201.5
2021/10/10 7:00,0,0,0,0,0,0,0,0,0,0,0,0,202.5
2021/10/10 17:00,0,0,0,0,0,0,0,0,0,0,0,0,203.5
2021/10/11 7:00,128.2731,0.1895957,0,167.6614,167.4611,0,76.83681,76.75886,161.471,46.14084,0,110.1592,203
2021/10/11 17:00,128.1496,0.1901501,0,165.5871,165.5227,0,74.03126,74.15172,159.4916,45.73677,159.5668,0,202
2021/10/12 7:00,0,0,0,0,0,0,0,0,0,0,0,0,203
2021/10/12 17:00,0,0,0,0,0,0,0,0,0,0,0,0,200
2021/10/13 7:00,130.0248,0.1905792,0,168.8201,168.8058,0,76.96767,76.96424,0,48.61267,162.5484,0,202.5
2021/10/13 17:00,130.2041,0.1901918,0,168.1692,168.1763,0,76.85603,76.87809,162.0222,48.2612,0,0,201
2021/10/14 7:00,0,0,0,0,0,0,0,0,0,0,0,0,201.5
2021/10/14 17:00,0,0,0,0,0,0,0,0,0,0,0,0,204
2021/10/15 7:00,130.2065,0.1898818,0,168.3409,168.3051,0,76.88301,76.97235,162.1976,47.38399,0,0,203.5
2021/10/15 17:00,128.885,0.1902276,0,168.5411,168.5912,0.3293586,77.44634,77.35143,0,46.22951,162.3479,110.1663,203
2021/10/16 7:00,0,0,0,0,0,0,0,0,0,0,0,0,202
2021/10/16 17:00,0,0,0,0,0,0,0,0,0,0,0,0,203
2021/10/17 7:00,129.7787,0.1899116,0,167.318,0,0.3464343,76.01665,76.20082,0,47.23225,161.2705,110.1663,203
2021/10/17 17:00,131.7673,0.1899415,0,168.1978,168.3122,0,75.95296,76.04549,162.1475,47.44628,162.1725,110.1639,204
2021/10/18 7:00,0,0,0,0,0,0,0,0,0,0,0,0,202.5
2021/10/18 17:00,0,0,0,0,0,0,0,0,0,0,0,0,201.5
2021/10/19 7:00,127.3924,0.1897746,0,167.5398,167.4682,0,75.01321,74.8311,161.7215,49.24001,0,110.1687,202.5
2021/10/19 17:00,127.2726,0.1901024,0,166.5742,166.567,0.3293586,74.9668,74.89465,160.8446,46.10046,160.6942,110.1592,204
2021/10/20 7:00,0,0,0,0,0,0,0,0,0,0,0,0,204
2021/10/20 17:00,0,0,0,0,0,0,0,0,0,0,0,0,202.5
2021/10/21 7:00,128.771,0.1896971,0,166.2094,166.3024,0,74.92016,74.86896,160.3937,42.84694,0,110.1639,203.5
2021/10/21 17:00,129.6228,0.1984471,0,171.2448,171.2663,0,80.97657,80.91735,165.7053,50.31055,165.6802,0,205
2021/10/22 7:00,0,0,0,0,0,0,0,0,0,0,0,0,207
2021/10/22 17:00,0,0,0,0,0,0,0,0,0,0,0,0,195.5
2021/10/23 7:00,123.814,0.1956099,0,170.222,170.2149,0.3464343,77.92832,77.95587,164.4525,40.97036,164.2772,110.1687,197
2021/10/23 17:00,129.642,0.1949543,0,0,170.8157,0.3464343,75.01611,75.01176,165.2543,46.00813,165.1791,110.1711,205
2021/10/24 7:00,0,0,0,0,0,0,0,0,0,0,0,0,200
2021/10/24 17:00,0,0,0,0,0,0,0,0,0,0,0,0,200
2021/10/25 7:00,125.762,0.1717141,0,170.8443,170.8228,0,64.87234,64.74208,0,46.60596,165.2042,110.1663,205
2021/10/25 17:00,119.1194,0.1443968,0,169.5425,169.5568,0,66.82996,66.99043,164.1519,45.74428,164.1017,110.1615,198.5
2021/10/26 7:00,0,0,0,0,0,0,0,0,0,0,0,0,193.5
2021/10/26 17:00,0,0,0,0,0,0,0,0,0,0,0,0,196
2021/10/27 7:00,129.1671,0.144075,0,169.4638,169.4924,0,74.87054,75.00099,163.5505,46.99752,163.4754,110.1615,207.5
2021/10/27 17:00,127.0544,0.1433001,0,169.0847,169.1062,0.3464343,71.9992,72.09553,163.5004,46.42296,0,0,200.5
2021/10/28 7:00,0,0,0,0,0,0,0,0,0,0,0,0,197
2021/10/28 17:00,0,0,0,0,0,0,0,0,0,0,0,0,201.5
2021/10/29 7:00,127.5108,0.1444028,0,168.677,168.6985,0,74.05372,73.89158,162.849,47.09148,162.7738,110.1663,202.5
2021/10/29 17:00,126.9054,0.1439498,0,168.7629,168.6842,0.3464343,74.75487,74.97021,0,48.1167,162.9742,0,200.5
2021/10/30 7:00,0,0,0,0,0,0,0,0,0,0,0,0,200
2021/10/30 17:00,0,0,0,0,0,0,0,0,0,0,0,0,200.5
2021/10/31 7:00,122.5468,0.1451657,0,168.3337,168.3051,0,76.04259,76.05096,162.6987,45.49199,162.6737,0,200
2021/10/31 17:00,122.2381,0.1444684,0,168.0261,168.0905,0.3464343,77.98135,78.01953,162.2977,46.28233,162.2977,110.1639,200
2021/11/1 7:00,0,0,0,0,0,0,0,0,0,0,0,0,201
2021/11/1 17:00,0,0,0,0,0,0,0,0,0,0,0,0,200.5
2021/11/2 7:00,123.0247,0.1453624,0,168.4553,168.5698,0,76.98259,76.87499,162.6235,44.65077,0,110.1663,201
2021/11/2 17:00,124.777,0.1482474,0,168.3051,168.2908,0,78.17226,78.15867,0,43.78933,0,0,201
2021/11/3 7:00,0,0,0,0,0,0,0,0,0,0,0,0,200
2021/11/3 17:00,0,0,0,0,0,0,0,0,0,0,0,0,197
2021/11/4 7:00,129.3185,0.1623739,0,166.9246,166.9819,0,83.18242,83.07578,161.2956,45.31463,161.0952,110.1639,205
2021/11/4 17:00,125.2567,0.162058,0,166.6958,166.6385,0,85.89968,85.98743,160.6692,43.20817,160.7193,110.1592,198
2021/11/5 7:00,0,0,0,0,0,0,0,0,0,0,0,0,200
2021/11/5 17:00,0,0,0,0,0,0,0,0,0,0,0,0,204.5
2021/11/6 7:00,130.7618,0.1623858,0,166.5885,0,0,82.71242,82.75613,161.045,44.1203,0,110.1639,197
2021/11/6 17:00,129.5911,0.1617063,0,167.4468,167.5326,0.3293586,82.02385,82.03032,161.7215,43.90249,161.8217,0,200
2021/11/7 7:00,0,0,0,0,0,0,0,0,0,0,0,0,200
2021/11/7 17:00,0,0,0,0,0,0,0,0,0,0,0,0,200
2021/11/8 7:00,127.9677,0.162809,0,165.444,165.444,0.3464343,85.9706,85.96038,159.6921,41.3497,159.6169,0,205
2021/11/8 17:00,127.7718,0.1642097,0,167.5612,167.5898,0,83.93185,84.00739,161.8719,42.64077,161.8468,0,197.5
2021/11/9 7:00,0,0,0,0,0,0,0,0,0,0,0,0,200
2021/11/9 17:00,0,0,0,0,0,0,0,0,0,0,0,0,200
2021/11/10 7:00,128.7757,0.1680424,0,166.66,166.6958,0,82.10493,82.09247,161.0701,43.58487,160.9949,0,200
2021/11/10 17:00,130.0121,0.1675953,0,166.567,0,0,82.14297,82.14706,160.569,43.35914,160.569,0,200
2021/11/11 7:00,0,0,0,0,0,0,0,0,0,0,0,0,201
2021/11/11 17:00,0,0,0,0,0,0,0,0,0,0,0,0,200.5
2021/11/12 7:00,129.69,0.1673211,0,164.9219,164.929,0.362707,82.07204,82.15214,159.191,39.68629,159.1158,110.1687,207
2021/11/12 17:00,127.3875,0.1681556,0,164.4641,164.414,0,83.21287,83.06297,158.6649,39.58594,158.5897,110.1663,205
2021/11/13 7:00,0,0,0,0,0,0,0,0,0,0,0,0,200
2021/11/13 17:00,0,0,0,0,0,0,0,0,0,0,0,0,200
2021/11/14 7:00,131.9375,0.1713147,0,166.7244,166.66,0,80.15406,80.03848,160.7694,40.2708,0,110.1639,200
2021/11/14 17:00,132.0244,0.1719882,0,166.3953,166.4168,0.3464343,82.16094,82.19276,160.3937,40.55326,160.4187,110.1615,197.5
2021/11/15 7:00,0,0,0,0,0,0,0,0,0,0,0,0,200
2021/11/15 17:00,0,0,0,0,0,0,0,0,0,0,0,0,200
2021/11/16 7:00,130.5141,0.1707365,0,164.9362,164.9147,0.362707,81.88588,81.74845,158.8653,43.96422,159.0156,0,205
2021/11/16 17:00,130.0143,0.1710107,0,164.2066,164.1566,0,80.0296,80.04421,158.3391,42.62472,158.1888,0,205
2021/11/17 7:00,0,0,0,0,0,0,0,0,0,0,0,0,200
2021/11/17 17:00,0,0,0,0,0,0,0,0,0,0,0,0,196.5
2021/11/18 7:00,132.3827,0.1695623,0,164.3211,164.3425,0.3293586,80.18813,80.0863,158.0635,40.58147,158.0385,110.1687,196
2021/11/18 17:00,133.6563,0.1698425,0,166.7244,166.7029,0.3464343,79.81798,79.79654,160.4437,41.81179,160.3937,0,201
2021/11/19 7:00,0,0,0,0,0,0,0,0,0,0,0,0,204.5
2021/11/19 17:00,0,0,0,0,0,0,0,0,0,0,0,0,200
2021/11/20 7:00,134.0587,0.169604,0,166.1807,166.052,0,79.98533,79.98425,160.0428,42.00473,159.9677,110.1663,198.5
2021/11/21 7:00,0,0,0,0,0,0,0,0,0,0,0,0,202.5
2021/11/21 17:00,0,0,0,0,0,0,0,0,0,0,0,0,205
2021/11/22 7:00,120.2661,0.1743367,0,164.0636,163.942,0,68.903,68.85716,159.1409,39.06912,158.9905,110.1735,203
2021/11/22 17:00,128.4024,0.1733413,0,165.0149,164.9362,0,73.67287,73.68166,159.667,45.41821,159.6169,0,205
2021/11/23 7:00,0,0,0,0,0,0,0,0,0,0,0,0,204.5
2021/11/23 17:00,0,0,0,0,0,0,0,0,0,0,0,0,200.5
2021/11/24 7:00,127.4102,0.1703908,0,163.1838,163.2196,0,74.85439,74.8222,157.1615,40.93726,157.0363,0,205
2021/11/24 17:00,129.6474,0.1710584,0,161.9464,161.9321,0,83.73693,83.85802,156.1092,43.6189,156.0591,0,196.5
2021/11/25 7:00,0,0,0,0,0,0,0,0,0,0,0,0,196.5
2021/11/25 17:00,0,0,0,0,0,0,0,0,0,0,0,0,201.5
2021/11/26 7:00,134.157,0.1698126,0,164.3425,164.2924,0.3464343,78.1046,78.10953,158.0134,41.12538,0,110.1663,201
2021/11/26 17:00,131.5551,0.1738956,0,164.8074,164.8146,0.3293586,81.97074,82.00584,0,43.37459,0,110.1592,200
2021/11/27 7:00,0,0,0,0,0,0,0,0,0,0,0,0,204
2021/11/27 17:00,0,0,0,0,0,0,0,0,0,0,0,0,200.5
2021/11/28 7:00,130.812,0.1718452,0,165.5942,165.5942,0,82.96845,83.1086,159.8174,47.33455,159.6921,0,196
2021/11/28 17:00,135.9159,0.1721015,0,168.1549,168.0691,0.3464343,77.57635,77.60345,162.2977,44.74981,162.0472,110.1615,196
2021/11/29 7:00,0,0,0,0,0,0,0,0,0,0,0,0,201.5
2021/11/29 17:00,0,0,0,0,0,0,0,0,0,0,0,0,200.5
2021/11/30 7:00,132.3945,0.174295,0,167.9546,167.9618,0,76.58407,76.79588,0,44.29942,161.947,110.1663,200
2021/11/30 17:00,131.2763,0.1748374,0,168.1549,168.2121,0.362707,77.23186,77.13194,162.0974,44.51417,162.1475,0,200
2021/12/1 7:00,0,0,0,0,0,0,0,0,0,0,0,0,195.5
2021/12/1 17:00,0,0,0,0,0,0,0,0,0,0,0,0,201
2021/12/2 7:00,134.9525,0.1735261,0,168.2193,167.9618,0,78.03053,77.94143,162.373,44.20022,162.2727,0,200
2021/12/2 17:00,133.9094,0.1730373,0,166.6886,166.7458,0,78.15087,78.0042,0,45.2179,160.9198,110.1639,200
2021/12/3 7:00,0,0,0,0,0,0,0,0,0,0,0,0,200.5
2021/12/3 17:00,0,0,0,0,0,0,0,0,0,0,0,0,202.5
2021/12/4 7:00,133.9115,0.1735499,0,168.4624,168.4482,0,78.08572,77.9872,0,43.47494,0,110.1735,200
2021/12/4 17:00,135.1211,0.1712253,0,167.9832,167.9189,0,78.08887,78.06918,161.8969,44.1016,161.8969,0,202
2021/12/5 7:00,0,0,0,0,0,0,0,0,0,0,0,0,200.5
2021/12/5 17:00,0,0,0,0,0,0,0,0,0,0,0,0,200.5
2021/12/6 7:00,135.5425,0.1740447,0,167.4039,167.318,0.3464343,77.90945,77.87476,161.2956,42.83213,161.2455,110.1735,197.5
2021/12/6 17:00,135.476,0.1730015,0,167.9403,168.0691,0,78.0654,78.04784,161.8719,43.66428,161.8468,110.1615,201.5
2021/12/7 7:00,0,0,0,0,0,0,0,0,0,0,0,0,201
2021/12/7 17:00,0,0,0,0,0,0,0,0,0,0,0,0,196.5
2021/12/8 7:00,136.0096,0.1740983,0,165.9304,166.0377,0,78.03816,78.12114,0,43.97134,159.6169,110.1711,205
2021/12/8 17:00,134.2754,0.1743069,0,167.0534,167.0534,0.3464343,77.66415,77.71725,161.1453,44.5838,161.1453,110.1639,204
2021/12/9 7:00,0,0,0,0,0,0,0,0,0,0,0,0,196.5
2021/12/9 17:00,0,0,0,0,0,0,0,0,0,0,0,0,202
2021/12/10 7:00,129.1447,0.1909011,0,164.5571,164.693,0.3293586,74.96368,75.02927,158.8402,46.76553,158.7901,0,200.5
2021/12/10 17:00,127.9002,0.1904898,0,164.8218,164.8146,0.3293586,78.03355,78.06508,158.9404,47.34113,158.8653,0,200.5
2021/12/11 7:00,0,0,0,0,0,0,0,0,0,0,0,0,204.5
2021/12/11 17:00,0,0,0,0,0,0,0,0,0,0,0,0,203.5
2021/12/12 7:00,130.7602,0.1913362,0,0,162.3183,0.3464343,68.04219,68.03112,156.46,48.44556,156.6854,110.1639,204
2021/12/12 17:00,131.3914,0.1910441,0,162.3326,162.3255,0.3464343,68.9686,69.07915,156.485,45.12524,0,0,204
2021/12/13 7:00,0,0,0,0,0,0,0,0,0,0,0,0,204.5
2021/12/13 17:00,0,0,0,0,0,0,0,0,0,0,0,0,202.5
2021/12/14 7:00,132.475,0.1914435,0,165.2151,165.0936,0.3293586,74.85606,74.9297,159.4666,48.63926,159.3163,110.1687,204
2021/12/14 17:00,130.3981,0.1923614,0,163.8347,163.7989,0,78.79494,78.84293,158.1637,49.96128,158.0886,0,203.5
2021/12/15 7:00,0,0,0,0,0,0,0,0,0,0,0,0,200
2021/12/15 17:00,0,0,0,0,0,0,0,0,0,0,0,0,202.5
2021/12/16 7:00,133.2591,0.1909309,-0.7604709,163.5844,163.8204,0.3464343,74.90266,74.83875,157.6626,42.49584,157.5875,110.1639,203
2021/12/16 17:00,132.5226,0.1907402,-0.7533183,164.414,164.4355,0,73.30534,73.08487,158.3391,46.90167,158.289,110.1592,203.5
2021/12/17 7:00,0,0,0,0,0,0,0,0,0,0,0,0,205
2021/12/17 17:00,0,0,0,0,0,0,0,0,0,0,0,0,201.5
2021/12/18 7:00,131.8184,0.190615,-0.7647625,163.9706,164.0779,0,73.01129,73.05137,0,44.28919,0,0,201.5
2021/12/18 17:00,130.7737,0.1907163,-0.7576099,165.208,165.1865,0,69.86896,69.91434,0,45.17568,0,110.1687,202
2021/12/19 7:00,0,0,0,0,0,0,0,0,0,0,0,0,202
2021/12/19 17:00,0,0,0,0,0,0,0,0,0,0,0,0,203
2021/12/20 7:00,126.1582,0.193929,-0.7619014,168.3194,168.2908,0,68.94721,69.00293,162.5233,43.12268,0,0,204
2021/12/20 17:00,126.277,0.1948053,-0.7647625,168.0333,168.205,0,68.9435,68.99078,0,48.96077,0,0,203
2021/12/21 7:00,0,0,0,0,0,0,0,0,0,0,0,0,200
2021/12/21 17:00,0,0,0,0,0,0,0,0,0,0,0,0,201.5
2021/12/22 7:00,131.8273,0.1920276,-0.7647625,164.9577,164.9505,0.3293586,74.83463,74.86787,158.9905,46.2659,158.9154,0,201
2021/12/22 17:00,134.6881,0.1909786,-0.7619014,165.4798,165.4083,0,73.84229,73.92134,0,46.69686,159.4666,110.1639,203
2021/12/23 7:00,0,0,0,0,0,0,0,0,0,0,0,0,203.5
2021/12/23 17:00,0,0,0,0,0,0,0,0,0,0,0,0,201.5
2021/12/24 7:00,133.0829,0.1910263,0,165.1007,165.0292,0.3464343,73.26714,73.11017,159.2912,42.44792,159.1158,110.1687,200.5
2021/12/24 17:00,132.4018,0.1910561,-0.7561793,166.424,166.424,0.3464343,71.93815,71.96822,0,40.25333,160.1932,110.1592,200
2021/12/25 7:00,0,0,0,0,0,0,0,0,0,0,0,0,200
2021/12/25 17:00,0,0,0,0,0,0,0,0,0,0,0,0,200
2021/12/26 7:00,134.6512,0.1909726,-0.763332,163.9062,163.9634,0,71.8866,71.94276,0,47.04005,0,0,197.5
2021/12/26 17:00,131.9681,0.1914733,-0.7647625,163.2052,163.2052,0,72.01408,71.95305,157.3619,46.93606,0,0,200
2021/12/27 7:00,0,0,0,0,0,0,0,0,0,0,0,0,200.5
2021/12/27 17:00,0,0,0,0,0,0,0,0,0,0,0,0,202
2021/12/28 7:00,133.087,0.1908176,-0.7619014,164.5786,164.5786,0,72.08169,72.05667,158.5395,44.89489,158.3391,0,204
2021/12/28 17:00,134.259,0.1908176,0,165.3582,165.3582,0.362707,71.94362,71.97356,159.2661,45.02623,159.1409,0,205
2021/12/29 7:00,0,0,0,0,0,0,0,0,0,0,0,0,204
2021/12/29 17:00,0,0,0,0,0,0,0,0,0,0,0,0,200.5
2021/12/30 7:00,132.7804,0.1903766,-0.7604709,164.1637,164.2996,0.3464343,71.99284,71.9511,0,43.08543,0,0,203
2021/12/30 17:00,131.135,0.1897328,0,164.457,164.5643,0.3464343,71.94442,72.13442,158.4142,43.29955,0,110.1687,200
2021/12/31 7:00,0,0,0,0,0,0,0,0,0,0,0,0,200.5
2021/12/31 17:00,0,0,0,0,0,0,0,0,0,0,0,0,196.5
2022/1/1 7:00,133.8211,0.1906805,-0.7619014,164.1923,164.178,0,73.04227,73.02063,0,44.05815,158.0134,0,202
2022/1/1 17:00,133.299,0.1898342,-0.7576099,0,165.444,0,71.1527,71.07095,159.2661,42.98627,159.191,0,201.5
2022/1/2 7:00,0,0,0,0,0,0,0,0,0,0,0,0,200.5
2022/1/2 17:00,0,0,0,0,0,0,0,0,0,0,0,0,200
2022/1/3 7:00,134.3016,0.1897328,-0.7619014,165.1722,165.2795,0.3293586,70.89155,70.745,159.0406,42.84101,158.9154,0,202.5
2022/1/3 17:00,135.4929,0.1904958,0,165.3367,165.3296,0.3464343,70.68052,70.73968,159.1409,42.64049,0,110.1639,201.5
2022/1/4 7:00,0,0,0,0,0,0,0,0,0,0,0,0,201.5
2022/1/4 17:00,0,0,0,0,0,0,0,0,0,0,0,0,204
2022/1/5 7:00,133.8109,0.1897626,0,164.5714,164.4355,0.3464343,69.99384,70.00319,0,43.16883,158.2389,0,202
2022/1/5 17:00,134.3854,0.1898818,0,165.4726,165.4369,0.3293586,70.02479,70.08464,0,43.33382,159.0156,0,203.5
2022/1/6 7:00,0,0,0,0,0,0,0,0,0,0,0,0,203
2022/1/6 17:00,0,0,0,0,0,0,0,0,0,0,0,0,202.5
2022/1/7 7:00,134.1612,0.1897746,0,165.0721,165.0936,0.3464343,70.91256,71.0285,158.9905,43.63356,158.74,0,204.5
2022/1/7 17:00,134.6116,0.1901262,0,165.9447,165.9662,0,71.07957,71.0191,159.7672,43.37703,0,0,203.5
2022/1/8 7:00,0,0,0,0,0,0,0,0,0,0,0,0,202.5
2022/1/8 17:00,0,0,0,0,0,0,0,0,0,0,0,0,204.5
2022/1/9 7:00,131.6305,0.1905375,0,164.414,164.4355,0,70.88097,70.9967,0,43.61923,158.1888,110.1711,201
2022/1/9 17:00,135.8631,0.1897746,0,164.7001,164.6644,0.3464343,75.17473,75.27238,158.4894,43.40189,158.3391,0,201
2022/1/10 7:00,0,0,0,0,0,0,0,0,0,0,0,0,202.5
2022/1/10 17:00,0,0,0,0,0,0,0,0,0,0,0,0,200
2022/1/11 7:00,133.3775,0.1892917,0,164.3139,164.1995,0,72.93938,73.00715,157.8631,41.89481,157.6877,0,200
2022/1/11 17:00,136.5525,0.1892381,0,165.5013,165.4011,0.3464343,74.1641,74.14003,159.0156,43.65425,158.8152,0,201.5
2022/1/12 7:00,0,0,0,0,0,0,0,0,0,0,0,0,200
2022/1/12 17:00,0,0,0,0,0,0,0,0,0,0,0,0,200.5
2022/1/13 7:00,134.594,0.189548,0,165.3582,165.351,0.3293586,76.0876,76.04373,158.8903,43.43681,0,0,202.5
2022/1/13 17:00,133.7999,0.1885586,0,165.4583,165.5084,0,74.99557,74.87528,159.2912,45.17834,159.216,110.1711,200.5
2022/1/14 7:00,0,0,0,0,0,0,0,0,0,0,0,0,201.5
2022/1/14 17:00,0,0,0,0,0,0,0,0,0,0,0,0,200
2022/1/15 7:00,133.915,0.1889937,0,166.5956,166.5956,0,75.02994,75.06182,159.9426,44.69838,0,110.1711,201
2022/1/15 17:00,133.7938,0.1885228,0,166.8102,166.8102,0.3464343,74.84291,74.9647,160.4688,43.95508,160.3937,110.1687,201.5
2022/1/16 7:00,0,0,0,0,0,0,0,0,0,0,0,0,200
2022/1/16 17:00,0,0,0,0,0,0,0,0,0,0,0,0,202
2022/1/17 7:00,132.2897,0.188946,0,165.6658,165.7015,0.3464343,75.21086,75.09628,0,43.72683,0,0,202
2022/1/17 17:00,133.5052,0.1891845,0,165.0578,165.0506,0,72.95547,72.90208,0,45.30321,158.7149,110.1663,201
2022/1/18 7:00,0,0,0,0,0,0,0,0,0,0,0,0,202
2022/1/18 17:00,0,0,0,0,0,0,0,0,0,0,0,0,203
2022/1/19 7:00,133.7937,0.1894527,0,165.6014,165.7015,0,74.1203,74.15819,159.3664,43.32927,159.2411,110.1735,201.5
2022/1/19 17:00,130.3997,0.1888685,0,166.3167,166.3024,0,74.9705,74.99319,160.118,43.29492,0,0,201.5
2022/1/20 7:00,0,0,0,0,0,0,0,0,0,0,0,0,201
2022/1/20 17:00,0,0,0,0,0,0,0,0,0,0,0,0,202
2022/1/21 7:00,134.1447,0.1881712,0,165.9376,165.9376,0.3293586,73.08014,72.90065,159.3914,43.3045,159.4666,110.1711,200.5
2022/1/21 17:00,136.3263,0.1873724,0,166.3238,166.3095,0,72.00218,72.0139,159.9176,43.66476,159.8925,110.1687,202
2022/1/22 7:00,0,0,0,0,0,0,0,0,0,0,0,0,202
2022/1/22 17:00,0,0,0,0,0,0,0,0,0,0,0,0,204
2022/1/23 7:00,135.5302,0.1866572,0,166.1879,166.3453,0.3464343,72.99472,72.79834,0,43.34395,160.0428,110.1687,202
2022/1/23 17:00,135.7671,0.1868658,0,166.6958,166.6886,0,73.0094,73.15571,160.4938,43.08828,160.3435,110.1663,202.5
2022/1/24 7:00,0,0,0,0,0,0,0,0,0,0,0,0,202.5
2022/1/24 17:00,0,0,0,0,0,0,0,0,0,0,0,0,201
2022/1/25 7:00,133.7174,0.187283,0,166.9032,166.9747,0.3464343,73.08134,72.97594,0,43.76126,0,110.1735,198
2022/1/25 13:00,134.4539,0.1870267,0,166.9819,166.9103,0.3293586,73.01375,72.95686,160.5439,44.08529,160.569,0,200
2022/1/25 17:00,134.8936,0.1874261,0,167.8116,167.8545,0.3293586,74.01717,73.9707,161.6965,43.85329,161.5963,0,200
2022/1/25 21:00,133.4155,0.1875512,0,166.9604,166.9604,0,73.11756,73.06998,160.7444,44.23041,160.6442,110.1687,203.5
2022/1/26 7:00,0,0,0,0,0,0,0,0,0,0,0,0,205
2022/1/26 17:00,0,0,0,0,0,0,0,0,0,0,0,0,200
2022/1/27 7:00,134.2751,0.1872532,0,165.9519,165.959,0,73.88916,74.00378,159.4415,43.82707,0,0,201
2022/1/27 17:00,134.026,0.186681,0,164.8432,164.8361,0,73.8488,73.91042,158.4142,43.72661,0,110.1592,200
2022/1/28 7:00,0,0,0,0,0,0,0,0,0,0,0,0,201.5
2022/1/28 17:00,0,0,0,0,0,0,0,0,0,0,0,0,203
2022/1/29 7:00,133.7614,0.1870029,0,163.3126,163.3483,0.3464343,73.15746,73.0947,156.936,43.43213,0,0,201
2022/1/29 17:00,134.1687,0.1875274,0,165.2867,165.2938,0.3293586,72.98185,72.78784,158.765,43.5031,0,0,200
2022/1/30 7:00,0,0,0,0,0,0,0,0,0,0,0,0,200.5
2022/1/30 17:00,0,0,0,0,0,0,0,0,0,0,0,0,201
2022/1/31 7:00,133.6383,0.1874499,0,166.5885,166.5885,0,73.91343,73.85847,160.0177,43.83981,159.8174,0,203
2022/1/31 17:00,132.3983,0.186532,0,166.5455,166.5598,0.3293586,74.14257,73.99821,0,43.55973,159.8424,0,200
2022/2/1 7:00,0,0,0,0,0,0,0,0,0,0,0,0,200
2022/2/1 17:00,0,0,0,0,0,0,0,0,0,0,0,0,200.5
2022/2/2 7:00,134.6611,0.1868062,0,165.959,165.9376,0.3293586,74.54221,74.41418,0,44.14752,0,110.1735,202.5
2022/2/2 17:00,133.775,0.1872354,0,166.0806,166.052,0.3464343,72.81899,72.99892,159.5167,43.46728,0,110.1711,200
2022/2/3 7:00,0,0,0,0,0,0,0,0,0,0,0,0,201
2022/2/3 17:00,0,0,0,0,0,0,0,0,0,0,0,0,201.5
2022/2/4 7:00,135.7992,0.1884155,0,168.0619,168.0977,0,72.89886,73.02606,0,44.6852,161.6213,110.1758,203.5
2022/2/4 17:00,137.2858,0.1877062,0,167.833,167.833,0.3464343,73.03709,73.14799,161.496,44.37202,161.3707,110.1687,203.5
2022/2/5 7:00,0,0,0,0,0,0,0,0,0,0,0,0,203
2022/2/5 17:00,0,0,0,0,0,0,0,0,0,0,0,0,205
2022/2/6 7:00,130.5291,0.1878135,0,165.9447,165.9662,0.3293586,71.89633,71.97663,159.5417,43.23269,159.3414,0,201.5
2022/2/6 17:00,132.201,0.187891,0,166.0806,166.2094,0.362707,72.18925,72.24496,159.7672,44.41908,159.6169,110.1735,202.5
2022/2/7 7:00,0,0,0,0,0,0,0,0,0,0,0,0,203
2022/2/7 17:00,0,0,0,0,0,0,0,0,0,0,0,0,200
2022/2/8 7:00,131.1544,0.1876466,0,165.3367,165.3582,0,72.19295,72.19739,158.8653,43.65439,158.6398,0,200.5
2022/2/8 17:00,131.1448,0.1880221,0,166.567,166.6099,0.3293586,71.81344,71.83566,160.143,43.30516,159.9927,0,201
2022/2/9 7:00,0,0,0,0,0,0,0,0,0,0,0,0,201
2022/2/9 17:00,0,0,0,0,0,0,0,0,0,0,0,0,200
2022/2/10 7:00,131.3993,0.1884334,0,167.6185,167.5827,0.3293586,72.31039,72.26062,161.1703,43.69322,160.9449,0,200.5
2022/2/10 17:00,131.1607,0.1878791,0,167.4825,167.4325,0.3293586,71.92975,71.79623,161.0701,43.4041,160.8697,0,201
2022/2/11 7:00,0,0,0,0,0,0,0,0,0,0,0,0,202
2022/2/11 17:00,0,0,0,0,0,0,0,0,0,0,0,0,202.5
2022/2/12 7:00,126.7561,0.1880817,0,166.5813,166.6028,0,72.63139,72.8757,160.8697,44.26003,160.8195,110.1687,207
2022/2/12 13:00,128.9218,0.187587,0,168.5769,168.5555,0,72.91936,72.95991,162.4481,43.23516,162.3228,0,203
2022/2/12 17:00,135.9193,0.1884573,0,167.3109,167.318,0.3464343,72.77441,72.82597,0,44.23743,161.02,0,200
2022/2/13 7:00,0,0,0,0,0,0,0,0,0,0,0,0,200.5
2022/2/13 17:00,0,0,0,0,0,0,0,0,0,0,0,0,201.5
2022/2/14 7:00,134.8975,0.1868241,0,167.2179,167.2036,0.3464343,73.09388,73.01249,160.9449,45.19848,160.7945,0,203
2022/2/14 17:00,136.7952,0.1869254,0,167.1535,167.0749,0.362707,73.21113,73.0946,160.8697,45.21089,160.9198,110.1615,202.5
2022/2/15 7:00,0,0,0,0,0,0,0,0,0,0,0,0,202.5
2022/2/15 17:00,0,0,0,0,0,0,0,0,0,0,0,0,201.5
2022/2/16 7:00,135.024,0.1866631,0,166.4526,166.4168,0.3293586,71.98711,72.04321,160.2684,45.684,0,0,202
2022/2/16 17:00,130.9417,0.1870863,0,166.9819,166.9103,0.362707,76.7716,76.72974,0,44.48926,160.5439,110.1687,200
2022/2/17 7:00,0,0,0,0,0,0,0,0,0,0,0,0,200
2022/2/17 17:00,0,0,0,0,0,0,0,0,0,0,0,0,202
2022/2/18 7:00,129.6389,0.1872651,0,166.9246,166.9532,0.3464343,75.88464,76.17851,160.6442,45.35252,0,0,202.5
2022/2/18 17:00,131.3808,0.1866274,0,167.5612,167.4539,0,76.07348,76.12157,161.0952,44.74359,160.9949,110.1711,201
2022/2/19 7:00,0,0,0,0,0,0,0,0,0,0,0,0,202
2022/2/19 17:00,0,0,0,0,0,0,0,0,0,0,0,0,201
2022/2/20 7:00,133.2975,0.1881354,0,165.1079,164.9434,0.3464343,73.91515,74.01476,0,43.15087,158.5395,110.1806,200
2022/2/20 17:00,135.8953,0.1885824,0,166.3882,166.2094,0.3293586,69.91936,69.96022,160.2182,48.3471,159.9927,110.1758,200
2022/2/21 7:00,0,0,0,0,0,0,0,0,0,0,0,0,203
2022/2/21 17:00,0,0,0,0,0,0,0,0,0,0,0,0,201.5
2022/2/22 7:00,127.787,0.1890891,0,165.7015,165.7087,0.3293586,73.77164,73.87585,0,57.09257,159.8424,0,200.5
2022/2/22 17:00,126.792,0.1888149,0,164.9434,164.929,0.3464343,81.77842,81.79965,159.4165,46.42475,159.191,0,208
2022/2/23 7:00,0,0,0,0,0,0,0,0,0,0,0,0,203.5
2022/2/23 17:00,0,0,0,0,0,0,0,0,0,0,0,0,201
2022/2/24 7:00,130.7766,0.1891845,0,165.2009,164.8718,0,75.11734,75.04236,0,48.84537,158.8402,0,202
2022/2/24 17:00,134.0141,0.1885049,0,166.5026,166.7315,0.362707,73.15858,73.08389,160.569,48.71362,160.4437,110.1711,200
2022/2/25 7:00,0,0,0,0,0,0,0,0,0,0,0,0,203
2022/2/25 17:00,0,0,0,0,0,0,0,0,0,0,0,0,200.5
2022/2/26 7:00,129.1437,0.1898461,0,165.0721,165.1007,0,73.20348,73.21002,158.8152,46.27395,158.8903,0,200
2022/2/26 17:00,129.4152,0.1851432,0,166.4883,166.4526,0.3464343,73.42558,73.49799,160.5189,46.59505,0,0,200
2022/2/27 7:00,0,0,0,0,0,0,0,0,0,0,0,0,200
2022/2/27 17:00,0,0,0,0,0,0,0,0,0,0,0,0,200
2022/2/28 7:00,130.028,0.1830391,0,165.2009,0,0.3464343,73.47289,73.44984,0,46.20679,159.0657,110.1687,202.5
2022/2/28 17:00,130.0173,0.1833968,0,165.4512,165.4369,0.3464343,74.71,74.85981,159.0657,42.6712,158.9154,0,200
2022/3/1 7:00,0,0,0,0,0,0,0,0,0,0,0,0,200
2022/3/1 17:00,0,0,0,0,0,0,0,0,0,0,0,0,201.5
2022/3/2 7:00,131.8778,0.1825086,0,163.9062,163.9062,0,72.79709,72.71698,157.9382,45.7095,157.7127,110.1735,200
2022/3/2 17:00,128.5155,0.1825027,0,164.8361,164.7932,0.8620656,71.69218,71.82495,159.1158,51.56981,158.8903,110.1568,200
2022/3/3 7:00,0,0,0,0,0,0,0,0,0,0,0,0,200.5
2022/3/3 17:00,0,0,0,0,0,0,0,0,0,0,0,0,203
2022/3/4 7:00,128.7688,0.1820616,0,163.6988,163.6845,0.3293586,72.03709,71.9996,157.4371,47.55762,157.5875,0,200
2022/3/4 17:00,130.7943,0.1819007,0,165.1865,165.208,1.021366,72.30641,71.93641,0,46.68506,0,0,201
2022/3/5 7:00,0,0,0,0,0,0,0,0,0,0,0,0,201
2022/3/5 17:00,0,0,0,0,0,0,0,0,0,0,0,0,202.5
2022/3/6 7:00,129.5194,0.1829378,0,164.2066,164.3783,0.3464343,72.08771,72.07836,158.5646,48.9532,158.3391,0,202
2022/3/6 17:00,129.0753,0.1823715,0,164.5428,164.5571,0,71.95215,71.8482,158.3141,44.92856,158.2389,110.1615,200
2022/3/7 7:00,0,0,0,0,0,0,0,0,0,0,0,0,201
2022/3/7 17:00,0,0,0,0,0,0,0,0,0,0,0,0,201.5
2022/3/8 7:00,128.4739,0.1804761,0,164.5499,164.5571,0.3293586,72.11185,72.11014,0,46.68372,158.3642,110.1758,200.5
2022/3/8 17:00,129.7055,0.1805595,0,165.3224,165.3367,0,71.84669,71.84206,159.0657,44.99421,159.0907,0,201
2022/3/9 7:00,0,0,0,0,0,0,0,0,0,0,0,0,202
2022/3/9 17:00,0,0,0,0,0,0,0,0,0,0,0,0,202.5
2022/3/10 7:00,130.037,0.1812807,0,164.7001,164.8361,0,72.00723,72.06405,158.8152,51.11944,0,0,201.5
2022/3/10 17:00,130.5842,0.1813821,0,164.6859,164.6572,0,72.22659,72.24669,0,44.68719,158.5646,110.1615,200
2022/3/11 7:00,0,0,0,0,0,0,0,0,0,0,0,0,201.5
2022/3/11 17:00,0,0,0,0,0,0,0,0,0,0,0,0,203.5
2022/3/12 7:00,130.2199,0.1809946,0,164.786,165.115,0,71.86649,72.01688,158.8903,47.64835,158.9404,110.1687,200
2022/3/12 17:00,130.3109,0.1822106,0,165.3224,165.3367,0.3293586,71.93693,72.19038,159.1158,44.17422,159.0907,110.1592,200
2022/3/13 7:00,0,0,0,0,0,0,0,0,0,0,0,0,200
2022/3/13 17:00,0,0,0,0,0,0,0,0,0,0,0,0,200.5
2022/3/14 7:00,129.0163,0.1832835,0,165.0721,165.1007,0.3293586,72.11263,72.18845,159.1659,47.20876,159.0907,110.1663,200
2022/3/14 17:00,132.1426,0.1826875,0,165.0435,165.3296,0.3464343,72.12756,72.12159,159.2661,47.47978,159.191,110.1615,198.5
2022/3/15 7:00,0,0,0,0,0,0,0,0,0,0,0,0,201
2022/3/15 17:00,0,0,0,0,0,0,0,0,0,0,0,0,200.5
2022/3/16 7:00,130.3092,0.1829378,0,164.9577,164.9362,0.3293586,71.91533,71.92555,158.9154,45.71968,0,0,201
2022/3/16 17:00,134.5252,0.1828663,0,164.5356,164.6,0,71.99107,72.07372,158.5145,50.64852,158.5646,0,200
2022/3/17 7:00,0,0,0,0,0,0,0,0,0,0,0,0,200
2022/3/17 17:00,0,0,0,0,0,0,0,0,0,0,0,0,201.5
2022/3/18 7:00,129.3255,0.1830749,0,166.1807,166.2022,0.3464343,71.77385,71.89531,0,45.7847,0,0,202.5
2022/3/18 17:00,131.2163,0.1827947,0,166.7101,166.6671,0.3464343,72.02185,71.97844,160.8446,50.80272,160.7945,110.1568,200
2022/3/19 7:00,0,0,0,0,0,0,0,0,0,0,0,0,201
2022/3/19 17:00,0,0,0,0,0,0,0,0,0,0,0,0,202
2022/3/20 7:00,131.1707,0.1833372,0,165.9447,165.959,0,72.14925,72.05685,159.5919,41.95199,159.5919,0,201.5
2022/3/20 17:00,130.5266,0.1829676,0,166.0663,166.0592,0,71.74397,71.69866,159.9176,44.13091,159.8424,0,201.5
2022/3/21 7:00,0,0,0,0,0,0,0,0,0,0,0,0,201
2022/3/21 17:00,0,0,0,0,0,0,0,0,0,0,0,0,201.5
2022/3/22 7:00,130.6516,0.1829199,0,166.474,166.4597,0,72.00376,72.04192,0,45.69551,160.3686,110.1663,201
2022/3/22 17:00,130.9195,0.1824788,0,166.3238,166.3453,0.3464343,71.9085,71.96275,160.3435,47.90869,160.2684,0,202.5
2022/3/23 7:00,0,0,0,0,0,0,0,0,0,0,0,0,202.5
2022/3/23 17:00,0,0,0,0,0,0,0,0,0,0,0,0,204.5
2022/3/24 7:00,129.0977,0.1837782,0,165.2009,165.1079,0.3464343,71.84701,71.68143,158.8152,46.85581,158.9154,110.1711,200.5
2022/3/24 17:00,129.7542,0.1830689,0,165.5442,165.7158,0,71.93008,71.9776,159.5919,46.96222,0,110.1711,200
2022/3/25 7:00,0,0,0,0,0,0,0,0,0,0,0,0,201.5
2022/3/25 17:00,0,0,0,0,0,0,0,0,0,0,0,0,200.5
2022/3/26 7:00,135.5343,0.1824133,0,0,163.1695,0.3464343,71.077,71.00031,0,52.17636,0,0,201
2022/3/26 17:00,128.8934,0.1825504,0,163.942,163.9563,0.3464343,70.84562,70.94761,0,47.51914,157.9884,0,201
2022/3/27 7:00,0,0,0,0,0,0,0,0,0,0,0,0,201
2022/3/27 17:00,0,0,0,0,0,0,0,0,0,0,0,0,201
2022/3/28 7:00,131.6963,0.1832298,0,164.8146,164.8218,0.3464343,70.79584,70.60986,158.6649,45.09061,158.5897,0,203
2022/3/28 17:00,130.722,0.1839809,0,165.3654,165.3654,0,70.99296,70.84034,159.1158,47.49162,159.1409,0,201.5
2022/3/29 7:00,0,0,0,0,0,0,0,0,0,0,0,0,202.5
2022/3/29 17:00,0,0,0,0,0,0,0,0,0,0,0,0,202
2022/3/30 7:00,130.8976,0.1828841,0,166.5742,166.4883,0.3464343,71.19299,71.15553,160.3686,42.79589,0,0,202.5
2022/3/30 17:00,130.0083,0.1826397,0,165.6872,165.6944,0,70.89499,71.05006,159.5919,44.99355,0,0,201
2022/3/31 7:00,0,0,0,0,0,0,0,0,0,0,0,0,201.5
2022/3/31 17:00,0,0,0,0,0,0,0,0,0,0,0,0,200
2022/4/1 7:00,129.6572,0.1837425,0,165.0936,165.0793,0.3464343,70.69926,70.66451,0,46.79065,159.0657,110.1735,201
2022/4/1 17:00,129.785,0.1825563,0,0,165.0721,0,70.84566,70.87283,0,46.09686,0,0,200.5
2022/4/2 7:00,0,0,0,0,0,0,0,0,0,0,0,0,200
2022/4/2 17:00,0,0,0,0,0,0,0,0,0,0,0,0,200.5
2022/4/3 7:00,134.5368,0.18019,0,163.8418,163.8132,0,70.79892,70.90697,157.8631,47.68143,157.7378,0,200
2022/4/3 17:00,130.0434,0.1796714,0,0,164.8146,0,70.76247,70.81118,158.8653,46.85821,158.6398,110.1615,203.5
2022/4/4 7:00,0,0,0,0,0,0,0,0,0,0,0,0,200
2022/4/4 17:00,0,0,0,0,0,0,0,0,0,0,0,0,200.5
2022/4/5 7:00,129.1477,0.1805118,0,164.7932,164.8289,0.3293586,70.60256,70.6321,158.9404,46.41079,158.8152,110.1687,200
2022/4/5 17:00,129.9297,0.1800946,0,164.8575,164.8289,0,70.74887,70.84734,0,48.94049,158.8653,110.1615,201.5
2022/4/6 7:00,0,0,0,0,0,0,0,0,0,0,0,0,201
2022/4/6 17:00,0,0,0,0,0,0,0,0,0,0,0,0,200
2022/4/7 7:00,130.6558,0.1806847,0,164.8146,164.8289,0.3464343,70.62946,70.72399,159.1409,43.28452,158.8402,0,202
2022/4/7 17:00,130.7918,0.1804701,0,164.4355,164.4355,0.3293586,70.92629,70.85341,158.5395,48.21966,0,0,202
2022/4/8 7:00,0,0,0,0,0,0,0,0,0,0,0,0,202
2022/4/8 17:00,0,0,0,0,0,0,0,0,0,0,0,0,200
2022/4/9 7:00,130.1674,0.1811914,0,164.4641,164.4856,0.362707,70.95284,71.08246,158.6398,48.43544,0,110.1711,200
2022/4/9 17:00,131.2494,0.1792184,0,164.972,164.9934,0,70.89941,70.72545,0,49.16034,158.8653,0,200
2022/4/10 7:00,0,0,0,0,0,0,0,0,0,0,0,0,200
2022/4/10 17:00,0,0,0,0,0,0,0,0,0,0,0,0,201
2022/4/11 7:00,129.9156,0.180178,0,165.8303,165.7945,0,70.89349,70.89443,160.1932,53.32235,0,110.1663,200
2022/4/11 17:00,130.4118,0.1804344,0,165.1508,165.208,0,70.91343,70.98381,159.0406,46.97707,0,110.1544,200
2022/4/12 7:00,0,0,0,0,0,0,0,0,0,0,0,0,202.5
2022/4/12 17:00,0,0,0,0,0,0,0,0,0,0,0,0,202.5
2022/4/13 7:00,129.0429,0.1799575,0,163.8204,163.9277,0.3464343,70.80215,70.8534,158.1137,48.97211,158.0886,110.1615,203.5
2022/4/13 17:00,134.2834,0.1797549,0,164.6787,164.5857,0.3464343,70.85112,70.83141,158.9654,43.96677,0,110.1544,202.5
2022/4/14 7:00,0,0,0,0,0,0,0,0,0,0,0,0,203.5
2022/4/14 17:00,0,0,0,0,0,0,0,0,0,0,0,0,202
2022/4/15 7:00,128.8634,0.1797549,0,163.5772,163.5629,0.3293586,70.6901,70.74302,0,51.83816,157.8631,0,202
2022/4/15 17:00,129.2663,0.180041,0,164.5643,164.693,0,70.9229,71.1584,158.6398,43.86605,158.4894,0,203
2022/4/16 7:00,0,0,0,0,0,0,0,0,0,0,0,0,204
2022/4/16 17:00,0,0,0,0,0,0,0,0,0,0,0,0,204.5
2022/4/17 7:00,132.3938,0.1802794,0,163.1909,163.1838,0.3464343,70.88076,71.10789,157.4371,47.39164,157.2617,110.1711,201
2022/4/17 17:00,132.3022,0.1798919,0,163.8991,163.9134,0,70.93487,71.07262,158.0635,46.60936,0,110.1663,201
2022/4/18 7:00,0,0,0,0,0,0,0,0,0,0,0,0,204
2022/4/18 17:00,0,0,0,0,0,0,0,0,0,0,0,0,201.5
2022/4/19 7:00,126.1274,0.1799814,0,164.5857,164.6715,0,70.69062,70.66228,158.74,49.03809,158.7901,0,200.5
2022/4/19 17:00,125.7834,0.1807145,0,164.9577,164.9791,0,70.74926,70.91451,0,45.68999,0,110.1711,201
2022/4/20 7:00,0,0,0,0,0,0,0,0,0,0,0,0,201.5
2022/4/20 17:00,0,0,0,0,0,0,0,0,0,0,0,0,204
2022/4/21 7:00,128.2746,0.1797608,0,165.8088,165.7015,0,70.89201,70.76403,159.8174,45.433,159.667,110.1711,203
2022/4/21 17:00,133.8529,0.1800767,0,166.4097,166.4526,0.3464343,70.75976,70.77749,160.2934,41.63588,160.143,0,203.5
2022/4/22 7:00,0,0,0,0,0,0,0,0,0,0,0,0,205
2022/4/22 17:00,0,0,0,0,0,0,0,0,0,0,0,0,200
2022/4/23 7:00,125.5166,0.1800052,0,164.1136,164.0779,0,70.94553,70.91634,158.6147,52.20758,158.5395,0,200
2022/4/23 17:00,126.2489,0.1797906,0,165.4655,165.444,0.3293586,70.78989,70.8992,159.642,42.18133,159.6169,0,205
2022/4/24 7:00,0,0,0,0,0,0,0,0,0,0,0,0,203.5
2022/4/24 17:00,0,0,0,0,0,0,0,0,0,0,0,0,205
2022/4/25 7:00,123.0184,0.1793078,0,163.9777,163.9563,0.3293586,71.91355,71.90346,158.8903,46.57096,158.8653,110.1663,205
2022/4/25 17:00,122.5384,0.1798025,0,165.6944,165.7015,0,69.92056,69.94558,0,42.35517,160.2182,0,204.5
2022/4/26 7:00,0,0,0,0,0,0,0,0,0,0,0,0,203
2022/4/26 17:00,0,0,0,0,0,0,0,0,0,0,0,0,205
2022/4/27 7:00,124.7867,0.1794747,0,165.0506,165.0006,0,69.90166,69.92055,159.8424,50.92095,159.7672,0,205
2022/4/27 17:00,124.8072,0.1775494,0,164.7001,164.7145,0,70.01714,70.04753,159.4666,49.36689,159.3914,110.1592,205
2022/4/28 7:00,0,0,0,0,0,0,0,0,0,0,0,0,202
2022/4/28 17:00,0,0,0,0,0,0,0,0,0,0,0,0,200
2022/4/29 7:00,124.2987,0.1791946,0,163.5772,163.6773,0,67.93208,67.7312,158.3141,49.07243,0,0,205
2022/4/29 17:00,123.286,0.1789859,0,164.8146,164.7932,0.3464343,67.91778,67.95571,0,43.38116,159.3163,110.1615,204.5
2022/4/30 7:00,0,0,0,0,0,0,0,0,0,0,0,0,200.5
2022/4/30 17:00,0,0,0,0,0,0,0,0,0,0,0,0,200
