tag,collect_time,value,org_code
FCC.1LUSHUI.PH,2020-04-30 17:00:00,9.5,440100010001001
FCC.1LUSHUI.PH,2020-05-01 07:00:00,9.2,440100010001001
FCC.1LUSHUI.PH,2020-05-01 17:00:00,9.6,440100010001001
FCC.1LUSHUI.PH,2020-05-02 07:00:00,9.8,440100010001001
FCC.1LUSHUI.PH,2020-05-02 17:00:00,9.4,440100010001001
FCC.1LUSHUI.PH,2020-05-03 07:00:00,9.6,440100010001001
FCC.1LUSHUI.PH,2020-05-03 17:00:00,9.7,440100010001001
FCC.1LUSHUI.PH,2020-05-04 07:00:00,9.6,440100010001001
FCC.1LUSHUI.PH,2020-05-04 17:00:00,9.8,440100010001001
FCC.1LUSHUI.PH,2020-05-05 07:00:00,9.9,440100010001001
FCC.1LUSHUI.PH,2020-05-05 17:00:00,9.6,440100010001001
FCC.1LUSHUI.PH,2020-05-06 07:00:00,9.8,440100010001001
FCC.1LUSHUI.PH,2020-05-06 17:00:00,9.7,440100010001001
FCC.1LUSHUI.PH,2020-05-07 07:00:00,9.9,440100010001001
FCC.1LUSHUI.PH,2020-05-07 17:00:00,9.6,440100010001001
FCC.1LUSHUI.PH,2020-05-08 07:00:00,9.8,440100010001001
FCC.1LUSHUI.PH,2020-05-08 17:00:00,9.6,440100010001001
FCC.1LUSHUI.PH,2020-05-09 07:00:00,10.1,440100010001001
FCC.1LUSHUI.PH,2020-05-09 17:00:00,9.8,440100010001001
FCC.1LUSHUI.PH,2020-05-10 07:00:00,9.7,440100010001001
FCC.1LUSHUI.PH,2020-05-10 17:00:00,10.1,440100010001001
FCC.1LUSHUI.PH,2020-05-11 07:00:00,9.8,440100010001001
FCC.1LUSHUI.PH,2020-05-11 17:00:00,9.7,440100010001001
FCC.1LUSHUI.PH,2020-05-12 07:00:00,9.7,440100010001001
FCC.1LUSHUI.PH,2020-05-12 17:00:00,9.7,440100010001001
FCC.1LUSHUI.PH,2020-05-13 07:00:00,9.9,440100010001001
FCC.1LUSHUI.PH,2020-05-13 17:00:00,9.7,440100010001001
FCC.1LUSHUI.PH,2020-05-14 07:00:00,10,440100010001001
FCC.1LUSHUI.PH,2020-05-14 17:00:00,9.9,440100010001001
FCC.1LUSHUI.PH,2020-05-15 07:00:00,10,440100010001001
FCC.1LUSHUI.PH,2020-05-15 17:00:00,9.5,440100010001001
FCC.1LUSHUI.PH,2020-05-16 07:00:00,9.8,440100010001001
FCC.1LUSHUI.PH,2020-05-16 17:00:00,9.6,440100010001001
FCC.1LUSHUI.PH,2020-05-17 07:00:00,9.8,440100010001001
FCC.1LUSHUI.PH,2020-05-17 17:00:00,9.7,440100010001001
FCC.1LUSHUI.PH,2020-05-18 07:00:00,9.9,440100010001001
FCC.1LUSHUI.PH,2020-05-18 17:00:00,9.8,440100010001001
FCC.1LUSHUI.PH,2020-05-19 07:00:00,10,440100010001001
FCC.1LUSHUI.PH,2020-05-19 17:00:00,9.5,440100010001001
FCC.1LUSHUI.PH,2020-05-20 07:00:00,9.8,440100010001001
FCC.1LUSHUI.PH,2020-05-20 17:00:00,9.5,440100010001001
FCC.1LUSHUI.PH,2020-05-21 07:00:00,9.7,440100010001001
FCC.1LUSHUI.PH,2020-05-21 17:00:00,9.5,440100010001001
FCC.1LUSHUI.PH,2020-05-22 07:00:00,9.7,440100010001001
FCC.1LUSHUI.PH,2020-05-22 07:00:00,9.7,440100010001001
FCC.1LUSHUI.PH,2020-05-23 17:00:00,9.3,440100010001001
FCC.1LUSHUI.PH,2020-05-24 07:00:00,9.5,440100010001001
FCC.1LUSHUI.PH,2020-05-24 17:00:00,9.8,440100010001001
FCC.1LUSHUI.PH,2020-05-25 07:00:00,9.7,440100010001001
FCC.1LUSHUI.PH,2020-05-25 17:00:00,9.7,440100010001001
FCC.1LUSHUI.PH,2020-05-26 07:00:00,9.9,440100010001001
FCC.1LUSHUI.PH,2020-05-26 17:00:00,9.5,440100010001001
FCC.1LUSHUI.PH,2020-05-27 07:00:00,9.8,440100010001001
FCC.1LUSHUI.PH,2020-05-27 17:00:00,9.3,440100010001001
FCC.1LUSHUI.PH,2020-05-28 07:00:00,9.9,440100010001001
FCC.1LUSHUI.PH,2020-05-28 17:00:00,9.7,440100010001001
FCC.1LUSHUI.PH,2020-05-29 07:00:00,9.7,440100010001001
FCC.1LUSHUI.PH,2020-05-29 17:00:00,9.5,440100010001001
FCC.1LUSHUI.PH,2020-05-30 07:00:00,9.2,440100010001001
FCC.1LUSHUI.PH,2020-05-30 17:00:00,9.6,440100010001001
FCC.1LUSHUI.PH,2020-05-31 07:00:00,9.3,440100010001001
FCC.1LUSHUI.PH,2020-05-31 17:00:00,9.3,440100010001001
FCC.1LUSHUI.PH,2020-06-01 07:00:00,9.7,440100010001001
FCC.1LUSHUI.PH,2020-06-01 17:00:00,9.9,440100010001001
FCC.1LUSHUI.PH,2020-06-02 07:00:00,9.4,440100010001001
FCC.1LUSHUI.PH,2020-06-02 17:00:00,9.6,440100010001001
FCC.1LUSHUI.PH,2020-06-03 07:00:00,9.9,440100010001001
FCC.1LUSHUI.PH,2020-06-03 17:00:00,9.8,440100010001001
FCC.1LUSHUI.PH,2020-06-04 07:00:00,9.8,440100010001001
FCC.1LUSHUI.PH,2020-06-04 17:00:00,9.8,440100010001001
FCC.1LUSHUI.PH,2020-06-05 07:00:00,9.9,440100010001001
FCC.1LUSHUI.PH,2020-06-05 17:00:00,9.8,440100010001001
FCC.1LUSHUI.PH,2020-06-06 07:00:00,9.9,440100010001001
FCC.1LUSHUI.PH,2020-06-06 17:00:00,9.8,440100010001001
FCC.1LUSHUI.PH,2020-06-07 07:00:00,9.9,440100010001001
FCC.1LUSHUI.PH,2020-06-07 17:00:00,9.8,440100010001001
FCC.1LUSHUI.PH,2020-06-08 07:00:00,10,440100010001001
FCC.1LUSHUI.PH,2020-06-08 17:00:00,9.9,440100010001001
FCC.1LUSHUI.PH,2020-06-09 07:00:00,10,440100010001001
FCC.1LUSHUI.PH,2020-06-09 17:00:00,9.7,440100010001001
FCC.1LUSHUI.PH,2020-06-10 07:00:00,9.8,440100010001001
FCC.1LUSHUI.PH,2020-06-10 17:00:00,9.8,440100010001001
FCC.1LUSHUI.PH,2020-06-11 07:00:00,9.9,440100010001001
FCC.1LUSHUI.PH,2020-06-11 17:00:00,9.9,440100010001001
FCC.1LUSHUI.PH,2020-06-12 07:00:00,9.7,440100010001001
FCC.1LUSHUI.PH,2020-06-12 17:00:00,9.6,440100010001001
FCC.1LUSHUI.PH,2020-06-13 07:00:00,10.1,440100010001001
FCC.1LUSHUI.PH,2020-06-13 17:00:00,9.7,440100010001001
FCC.1LUSHUI.PH,2020-06-14 07:00:00,9.8,440100010001001
FCC.1LUSHUI.PH,2020-06-14 17:00:00,9.9,440100010001001
FCC.1LUSHUI.PH,2020-06-15 07:00:00,9.8,440100010001001
FCC.1LUSHUI.PH,2020-06-15 17:00:00,9.6,440100010001001
FCC.1LUSHUI.PH,2020-06-16 07:00:00,9.8,440100010001001
FCC.1LUSHUI.PH,2020-06-16 17:00:00,10.1,440100010001001
FCC.1LUSHUI.PH,2020-06-17 07:00:00,10.1,440100010001001
FCC.1LUSHUI.PH,2020-06-17 17:00:00,9.8,440100010001001
FCC.1LUSHUI.PH,2020-06-18 07:00:00,9.8,440100010001001
FCC.1LUSHUI.PH,2020-06-18 17:00:00,9.8,440100010001001
FCC.1LUSHUI.PH,2020-06-19 07:00:00,9.8,440100010001001
FCC.1LUSHUI.PH,2020-06-19 17:00:00,9.6,440100010001001
FCC.1LUSHUI.PH,2020-06-20 07:00:00,9.6,440100010001001
FCC.1LUSHUI.PH,2020-06-20 17:00:00,9.2,440100010001001
FCC.1LUSHUI.PH,2020-06-21 07:00:00,9.5,440100010001001
FCC.1LUSHUI.PH,2020-06-21 17:00:00,9.5,440100010001001
FCC.1LUSHUI.PH,2020-06-22 07:00:00,9.5,440100010001001
FCC.1LUSHUI.PH,2020-06-22 17:00:00,9.6,440100010001001
FCC.1LUSHUI.PH,2020-06-23 07:00:00,9.8,440100010001001
FCC.1LUSHUI.PH,2020-06-23 17:00:00,9.7,440100010001001
FCC.1LUSHUI.PH,2020-06-24 07:00:00,9.7,440100010001001
FCC.1LUSHUI.PH,2020-06-24 17:00:00,9.5,440100010001001
FCC.1LUSHUI.PH,2020-06-25 07:00:00,9.4,440100010001001
FCC.1LUSHUI.PH,2020-06-25 17:00:00,9.4,440100010001001
FCC.1LUSHUI.PH,2020-06-26 07:00:00,9.8,440100010001001
FCC.1LUSHUI.PH,2020-06-26 17:00:00,9.6,440100010001001
FCC.1LUSHUI.PH,2020-06-27 07:00:00,9.9,440100010001001
FCC.1LUSHUI.PH,2020-06-27 17:00:00,9.6,440100010001001
FCC.1LUSHUI.PH,2020-06-28 07:00:00,9.6,440100010001001
FCC.1LUSHUI.PH,2020-06-28 17:00:00,9.4,440100010001001
FCC.1LUSHUI.PH,2020-06-29 07:00:00,9.3,440100010001001
FCC.1LUSHUI.PH,2020-06-29 21:00:00,8.5,440100010001001
FCC.1LUSHUI.PH,2020-06-30 07:00:00,9.9,440100010001001
FCC.1LUSHUI.PH,2020-06-30 17:00:00,9.8,440100010001001
FCC.1LUSHUI.PH,2020-07-01 07:00:00,9.5,440100010001001
FCC.1LUSHUI.PH,2020-07-01 17:00:00,9.6,440100010001001
FCC.1LUSHUI.PH,2020-07-02 07:00:00,9.7,440100010001001
FCC.1LUSHUI.PH,2020-07-02 17:00:00,9.7,440100010001001
FCC.1LUSHUI.PH,2020-07-03 07:00:00,9.9,440100010001001
FCC.1LUSHUI.PH,2020-07-03 17:00:00,9.8,440100010001001
FCC.1LUSHUI.PH,2020-07-04 07:00:00,9.7,440100010001001
FCC.1LUSHUI.PH,2020-07-04 17:00:00,9.8,440100010001001
FCC.1LUSHUI.PH,2020-07-05 07:00:00,10,440100010001001
FCC.1LUSHUI.PH,2020-07-05 17:00:00,9.9,440100010001001
FCC.1LUSHUI.PH,2020-07-06 07:00:00,9.8,440100010001001
FCC.1LUSHUI.PH,2020-07-06 17:00:00,9.9,440100010001001
FCC.1LUSHUI.PH,2020-07-07 07:00:00,10,440100010001001
FCC.1LUSHUI.PH,2020-07-07 17:00:00,9.7,440100010001001
FCC.1LUSHUI.PH,2020-07-08 07:00:00,9.7,440100010001001
FCC.1LUSHUI.PH,2020-07-08 17:00:00,9.6,440100010001001
FCC.1LUSHUI.PH,2020-07-09 07:00:00,9.9,440100010001001
FCC.1LUSHUI.PH,2020-07-09 17:00:00,9.7,440100010001001
FCC.1LUSHUI.PH,2020-07-10 07:00:00,9.9,440100010001001
FCC.1LUSHUI.PH,2020-07-10 17:00:00,9.6,440100010001001
FCC.1LUSHUI.PH,2020-07-11 07:00:00,9.7,440100010001001
FCC.1LUSHUI.PH,2020-07-11 17:00:00,9.6,440100010001001
FCC.1LUSHUI.PH,2020-07-12 07:00:00,9.5,440100010001001
FCC.1LUSHUI.PH,2020-07-12 17:00:00,9,440100010001001
FCC.1LUSHUI.PH,2020-07-13 07:00:00,8.4,440100010001001
FCC.1LUSHUI.PH,2020-07-13 17:00:00,10.6,440100010001001
FCC.1LUSHUI.PH,2020-07-14 07:00:00,10.9,440100010001001
FCC.1LUSHUI.PH,2020-07-14 17:00:00,10,440100010001001
FCC.1LUSHUI.PH,2020-07-15 07:00:00,10.3,440100010001001
FCC.1LUSHUI.PH,2020-07-15 17:00:00,10.2,440100010001001
FCC.1LUSHUI.PH,2020-07-16 07:00:00,9.6,440100010001001
FCC.1LUSHUI.PH,2020-07-16 17:00:00,9.6,440100010001001
FCC.1LUSHUI.PH,2020-07-17 07:00:00,10.2,440100010001001
FCC.1LUSHUI.PH,2020-07-17 17:00:00,9.8,440100010001001
FCC.1LUSHUI.PH,2020-07-18 07:00:00,10,440100010001001
FCC.1LUSHUI.PH,2020-07-18 17:00:00,9.7,440100010001001
FCC.1LUSHUI.PH,2020-07-19 07:00:00,10.2,440100010001001
FCC.1LUSHUI.PH,2020-07-19 17:00:00,9.6,440100010001001
FCC.1LUSHUI.PH,2020-07-20 07:00:00,9.7,440100010001001
FCC.1LUSHUI.PH,2020-07-20 17:00:00,9.8,440100010001001
FCC.1LUSHUI.PH,2020-07-21 07:00:00,10,440100010001001
FCC.1LUSHUI.PH,2020-07-21 17:00:00,9.7,440100010001001
FCC.1LUSHUI.PH,2020-07-22 07:00:00,10.5,440100010001001
FCC.1LUSHUI.PH,2020-07-22 17:00:00,10.3,440100010001001
FCC.1LUSHUI.PH,2020-07-23 07:00:00,10.1,440100010001001
FCC.1LUSHUI.PH,2020-07-23 17:00:00,9.9,440100010001001
FCC.1LUSHUI.PH,2020-07-24 07:00:00,9.8,440100010001001
FCC.1LUSHUI.PH,2020-07-24 17:00:00,9.8,440100010001001
FCC.1LUSHUI.PH,2020-07-25 07:00:00,9.8,440100010001001
FCC.1LUSHUI.PH,2020-07-25 17:00:00,9.9,440100010001001
FCC.1LUSHUI.PH,2020-07-26 07:00:00,10.7,440100010001001
FCC.1LUSHUI.PH,2020-07-26 17:00:00,10.4,440100010001001
FCC.1LUSHUI.PH,2020-07-27 07:00:00,10.5,440100010001001
FCC.1LUSHUI.PH,2020-07-27 17:00:00,10,440100010001001
FCC.1LUSHUI.PH,2020-07-28 07:00:00,10.7,440100010001001
FCC.1LUSHUI.PH,2020-07-28 17:00:00,9.7,440100010001001
FCC.1LUSHUI.PH,2020-07-29 07:00:00,9.8,440100010001001
FCC.1LUSHUI.PH,2020-07-29 17:00:00,9.8,440100010001001
FCC.1LUSHUI.PH,2020-07-30 07:00:00,11,440100010001001
FCC.1LUSHUI.PH,2020-07-30 17:00:00,11,440100010001001
FCC.1LUSHUI.PH,2020-07-31 07:00:00,10.8,440100010001001
FCC.1LUSHUI.PH,2020-07-31 17:00:00,10.8,440100010001001
FCC.1LUSHUI.PH,2020-08-01 07:00:00,9.7,440100010001001
FCC.1LUSHUI.PH,2020-08-01 17:00:00,9.7,440100010001001
FCC.1LUSHUI.PH,2020-08-02 07:00:00,10.2,440100010001001
FCC.1LUSHUI.PH,2020-08-02 17:00:00,9.7,440100010001001
FCC.1LUSHUI.PH,2020-08-03 07:00:00,10,440100010001001
FCC.1LUSHUI.PH,2020-08-03 17:00:00,9.8,440100010001001
FCC.1LUSHUI.PH,2020-08-04 07:00:00,10,440100010001001
FCC.1LUSHUI.PH,2020-08-04 17:00:00,9.8,440100010001001
FCC.1LUSHUI.PH,2020-08-05 07:00:00,10.8,440100010001001
FCC.1LUSHUI.PH,2020-08-05 17:00:00,9.4,440100010001001
FCC.1LUSHUI.PH,2020-08-06 07:00:00,10.4,440100010001001
FCC.1LUSHUI.PH,2020-08-06 17:00:00,9.8,440100010001001
FCC.1LUSHUI.PH,2020-08-07 07:00:00,9.8,440100010001001
FCC.1LUSHUI.PH,2020-08-07 17:00:00,10.2,440100010001001
FCC.1LUSHUI.PH,2020-08-08 07:00:00,10,440100010001001
FCC.1LUSHUI.PH,2020-08-08 17:00:00,9.7,440100010001001
FCC.1LUSHUI.PH,2020-08-09 07:00:00,10,440100010001001
FCC.1LUSHUI.PH,2020-08-09 17:00:00,9.7,440100010001001
FCC.1LUSHUI.PH,2020-08-10 07:00:00,10.5,440100010001001
FCC.1LUSHUI.PH,2020-08-10 17:00:00,9.9,440100010001001
FCC.1LUSHUI.PH,2020-08-11 07:00:00,9.9,440100010001001
FCC.1LUSHUI.PH,2020-08-11 17:00:00,9.7,440100010001001
FCC.1LUSHUI.PH,2020-08-12 07:00:00,9.7,440100010001001
FCC.1LUSHUI.PH,2020-08-12 17:00:00,10.9,440100010001001
FCC.1LUSHUI.PH,2020-08-13 07:00:00,10.8,440100010001001
FCC.1LUSHUI.PH,2020-08-13 17:00:00,10.2,440100010001001
FCC.1LUSHUI.PH,2020-08-14 07:00:00,10.4,440100010001001
FCC.1LUSHUI.PH,2020-08-14 17:00:00,9.8,440100010001001
FCC.1LUSHUI.PH,2020-08-15 07:00:00,10.1,440100010001001
FCC.1LUSHUI.PH,2020-08-15 17:00:00,10,440100010001001
FCC.1LUSHUI.PH,2020-08-16 07:00:00,10.2,440100010001001
FCC.1LUSHUI.PH,2020-08-16 17:00:00,10,440100010001001
FCC.1LUSHUI.PH,2020-08-17 07:00:00,10.4,440100010001001
FCC.1LUSHUI.PH,2020-08-17 17:00:00,9.9,440100010001001
FCC.1LUSHUI.PH,2020-08-18 07:00:00,9.8,440100010001001
FCC.1LUSHUI.PH,2020-08-18 17:00:00,9.9,440100010001001
FCC.1LUSHUI.PH,2020-08-19 07:00:00,10.3,440100010001001
FCC.1LUSHUI.PH,2020-08-19 17:00:00,10,440100010001001
FCC.1LUSHUI.PH,2020-08-20 07:00:00,10.1,440100010001001
FCC.1LUSHUI.PH,2020-08-20 17:00:00,10.1,440100010001001
FCC.1LUSHUI.PH,2020-08-21 07:00:00,10.3,440100010001001
FCC.1LUSHUI.PH,2020-08-21 17:00:00,9.6,440100010001001
FCC.1LUSHUI.PH,2020-08-22 07:00:00,10,440100010001001
FCC.1LUSHUI.PH,2020-08-22 17:00:00,10,440100010001001
FCC.1LUSHUI.PH,2020-08-23 07:00:00,9.7,440100010001001
FCC.1LUSHUI.PH,2020-08-23 17:00:00,9.8,440100010001001
FCC.1LUSHUI.PH,2020-08-24 07:00:00,9.8,440100010001001
FCC.1LUSHUI.PH,2020-08-24 17:00:00,9.8,440100010001001
FCC.1LUSHUI.PH,2020-08-25 07:00:00,10,440100010001001
FCC.1LUSHUI.PH,2020-08-25 17:00:00,9.6,440100010001001
FCC.1LUSHUI.PH,2020-08-26 07:00:00,10,440100010001001
FCC.1LUSHUI.PH,2020-08-26 17:00:00,9.7,440100010001001
FCC.1LUSHUI.PH,2020-08-27 07:00:00,9.9,440100010001001
FCC.1LUSHUI.PH,2020-08-27 17:00:00,9.8,440100010001001
FCC.1LUSHUI.PH,2020-08-28 07:00:00,9.7,440100010001001
FCC.1LUSHUI.PH,2020-08-28 17:00:00,9.7,440100010001001
FCC.1LUSHUI.PH,2020-08-29 07:00:00,9.7,440100010001001
FCC.1LUSHUI.PH,2020-08-29 17:00:00,10,440100010001001
FCC.1LUSHUI.PH,2020-08-30 07:00:00,10,440100010001001
FCC.1LUSHUI.PH,2020-08-30 17:00:00,9.8,440100010001001
FCC.1LUSHUI.PH,2020-08-31 07:00:00,10,440100010001001
FCC.1LUSHUI.PH,2020-08-31 17:00:00,9.8,440100010001001
FCC.1LUSHUI.PH,2020-09-01 07:00:00,9.9,440100010001001
FCC.1LUSHUI.PH,2020-09-01 17:00:00,9.8,440100010001001
FCC.1LUSHUI.PH,2020-09-02 07:00:00,9.5,440100010001001
FCC.1LUSHUI.PH,2020-09-02 17:00:00,9.7,440100010001001
FCC.1LUSHUI.PH,2020-09-03 07:00:00,9.8,440100010001001
FCC.1LUSHUI.PH,2020-09-03 17:00:00,9.6,440100010001001
FCC.1LUSHUI.PH,2020-09-04 07:00:00,9.9,440100010001001
FCC.1LUSHUI.PH,2020-09-04 17:00:00,9.7,440100010001001
FCC.1LUSHUI.PH,2020-09-05 07:00:00,10,440100010001001
FCC.1LUSHUI.PH,2020-09-05 17:00:00,9.8,440100010001001
FCC.1LUSHUI.PH,2020-09-06 07:00:00,9.8,440100010001001
FCC.1LUSHUI.PH,2020-09-06 17:00:00,10,440100010001001
FCC.1LUSHUI.PH,2020-09-07 07:00:00,9.8,440100010001001
FCC.1LUSHUI.PH,2020-09-07 17:00:00,10.1,440100010001001
FCC.1LUSHUI.PH,2020-09-08 07:00:00,9.9,440100010001001
FCC.1LUSHUI.PH,2020-09-08 17:00:00,10.1,440100010001001
FCC.1LUSHUI.PH,2020-09-09 07:00:00,10.2,440100010001001
FCC.1LUSHUI.PH,2020-09-09 17:00:00,9.9,440100010001001
FCC.1LUSHUI.PH,2020-09-10 07:00:00,11.5,440100010001001
FCC.1LUSHUI.PH,2020-09-10 17:00:00,10.8,440100010001001
FCC.1LUSHUI.PH,2020-09-11 07:00:00,11.5,440100010001001
FCC.1LUSHUI.PH,2020-09-11 17:00:00,10.6,440100010001001
FCC.1LUSHUI.PH,2020-09-12 07:00:00,10.2,440100010001001
FCC.1LUSHUI.PH,2020-09-12 17:00:00,10.4,440100010001001
FCC.1LUSHUI.PH,2020-09-13 07:00:00,10.5,440100010001001
FCC.1LUSHUI.PH,2020-09-13 17:00:00,10.2,440100010001001
FCC.1LUSHUI.PH,2020-09-14 07:00:00,10.1,440100010001001
FCC.1LUSHUI.PH,2020-09-14 17:00:00,10.4,440100010001001
FCC.1LUSHUI.PH,2020-09-15 07:00:00,10.2,440100010001001
FCC.1LUSHUI.PH,2020-09-15 17:00:00,10,440100010001001
FCC.1LUSHUI.PH,2020-09-16 07:00:00,10.4,440100010001001
FCC.1LUSHUI.PH,2020-09-16 17:00:00,9.2,440100010001001
FCC.1LUSHUI.PH,2020-09-17 07:00:00,9.8,440100010001001
FCC.1LUSHUI.PH,2020-09-17 17:00:00,9.8,440100010001001
FCC.1LUSHUI.PH,2020-09-18 07:00:00,10.3,440100010001001
FCC.1LUSHUI.PH,2020-09-18 17:00:00,10.1,440100010001001
FCC.1LUSHUI.PH,2020-09-19 07:00:00,10.9,440100010001001
FCC.1LUSHUI.PH,2020-09-19 17:00:00,11,440100010001001
FCC.1LUSHUI.PH,2020-09-20 07:00:00,11,440100010001001
FCC.1LUSHUI.PH,2020-09-20 17:00:00,10,440100010001001
FCC.1LUSHUI.PH,2020-09-21 07:00:00,10.6,440100010001001
FCC.1LUSHUI.PH,2020-09-21 17:00:00,10.1,440100010001001
FCC.1LUSHUI.PH,2020-09-22 07:00:00,10.1,440100010001001
FCC.1LUSHUI.PH,2020-09-22 17:00:00,9.9,440100010001001
FCC.1LUSHUI.PH,2020-09-23 07:00:00,11,440100010001001
FCC.1LUSHUI.PH,2020-09-23 17:00:00,11,440100010001001
FCC.1LUSHUI.PH,2020-09-24 07:00:00,11,440100010001001
FCC.1LUSHUI.PH,2020-09-24 17:00:00,10.7,440100010001001
FCC.1LUSHUI.PH,2020-09-25 07:00:00,9.3,440100010001001
FCC.1LUSHUI.PH,2020-09-25 17:00:00,10.1,440100010001001
FCC.1LUSHUI.PH,2020-09-26 07:00:00,10.3,440100010001001
FCC.1LUSHUI.PH,2020-09-26 17:00:00,10.1,440100010001001
FCC.1LUSHUI.PH,2020-09-27 07:00:00,11,440100010001001
FCC.1LUSHUI.PH,2020-09-27 17:00:00,10.8,440100010001001
FCC.1LUSHUI.PH,2020-09-28 07:00:00,10.6,440100010001001
FCC.1LUSHUI.PH,2020-09-28 17:00:00,10.4,440100010001001
FCC.1LUSHUI.PH,2020-09-29 07:00:00,9.9,440100010001001
FCC.1LUSHUI.PH,2020-09-29 17:00:00,10,440100010001001
FCC.1LUSHUI.PH,2020-09-30 07:00:00,10,440100010001001
FCC.1LUSHUI.PH,2020-09-30 17:00:00,10.2,440100010001001
FCC.1LUSHUI.PH,2020-10-01 07:00:00,11,440100010001001
FCC.1LUSHUI.PH,2020-10-01 17:00:00,10.8,440100010001001
FCC.1LUSHUI.PH,2020-10-02 07:00:00,10.6,440100010001001
FCC.1LUSHUI.PH,2020-10-05 07:00:00,9.9,440100010001001
FCC.1LUSHUI.PH,2020-10-02 07:00:00,10.6,440100010001001
FCC.1LUSHUI.PH,2020-10-05 07:00:00,9.9,440100010001001
FCC.1LUSHUI.PH,2020-10-05 07:00:00,9.9,440100010001001
FCC.1LUSHUI.PH,2020-10-07 07:00:00,10.8,440100010001001
FCC.1LUSHUI.PH,2020-10-07 07:00:00,10.8,440100010001001
FCC.1LUSHUI.PH,2020-10-09 07:00:00,10.1,440100010001001
FCC.1LUSHUI.PH,2020-10-09 07:00:00,10.1,440100010001001
FCC.1LUSHUI.PH,2020-10-12 07:00:00,9.7,440100010001001
FCC.1LUSHUI.PH,2020-10-09 07:00:00,10.1,440100010001001
FCC.1LUSHUI.PH,2020-10-12 07:00:00,9.7,440100010001001
FCC.1LUSHUI.PH,2020-10-14 07:00:00,9.7,440100010001001
FCC.1LUSHUI.PH,2020-10-12 07:00:00,9.7,440100010001001
FCC.1LUSHUI.PH,2020-10-14 07:00:00,9.7,440100010001001
FCC.1LUSHUI.PH,2020-10-16 07:00:00,10.1,440100010001001
FCC.1LUSHUI.PH,2020-10-14 07:00:00,9.7,440100010001001
FCC.1LUSHUI.PH,2020-10-16 07:00:00,10.1,440100010001001
FCC.1LUSHUI.PH,2020-10-19 07:00:00,10.8,440100010001001
FCC.1LUSHUI.PH,2020-10-16 07:00:00,10.1,440100010001001
FCC.1LUSHUI.PH,2020-10-19 07:00:00,10.8,440100010001001
FCC.1LUSHUI.PH,2020-10-19 07:00:00,10.8,440100010001001
FCC.1LUSHUI.PH,2020-10-21 07:00:00,10,440100010001001
FCC.1LUSHUI.PH,2020-10-21 07:00:00,10,440100010001001
FCC.1LUSHUI.PH,2020-10-23 07:00:00,10,440100010001001
FCC.1LUSHUI.PH,2020-10-23 07:00:00,10,440100010001001
FCC.1LUSHUI.PH,2020-10-26 07:00:00,10,440100010001001
FCC.1LUSHUI.PH,2020-10-23 07:00:00,10,440100010001001
FCC.1LUSHUI.PH,2020-10-26 07:00:00,10,440100010001001
FCC.1LUSHUI.PH,2020-10-28 07:00:00,9.6,440100010001001
FCC.1LUSHUI.PH,2020-10-26 07:00:00,10,440100010001001
FCC.1LUSHUI.PH,2020-10-28 07:00:00,9.6,440100010001001
FCC.1LUSHUI.PH,2020-10-30 07:00:00,10.4,440100010001001
FCC.1LUSHUI.PH,2020-10-28 07:00:00,9.6,440100010001001
FCC.1LUSHUI.PH,2020-10-30 07:00:00,10.4,440100010001001
FCC.1LUSHUI.PH,2020-11-02 07:00:00,9.8,440100010001001
FCC.1LUSHUI.PH,2020-10-30 07:00:00,10.4,440100010001001
FCC.1LUSHUI.PH,2020-11-02 07:00:00,9.8,440100010001001
FCC.1LUSHUI.PH,2020-11-02 07:00:00,9.8,440100010001001
FCC.1LUSHUI.PH,2020-11-04 07:00:00,10.3,440100010001001
FCC.1LUSHUI.PH,2020-11-04 07:00:00,10.3,440100010001001
FCC.1LUSHUI.PH,2020-11-06 07:00:00,10.3,440100010001001
FCC.1LUSHUI.PH,2020-11-06 07:00:00,10.3,440100010001001
FCC.1LUSHUI.PH,2020-11-09 07:00:00,9.9,440100010001001
FCC.1LUSHUI.PH,2020-11-06 07:00:00,10.3,440100010001001
FCC.1LUSHUI.PH,2020-11-09 07:00:00,9.9,440100010001001
FCC.1LUSHUI.PH,2020-11-11 07:00:00,10,440100010001001
FCC.1LUSHUI.PH,2020-11-09 07:00:00,9.9,440100010001001
FCC.1LUSHUI.PH,2020-11-11 07:00:00,10,440100010001001
FCC.1LUSHUI.PH,2020-11-13 07:00:00,10,440100010001001
FCC.1LUSHUI.PH,2020-11-11 07:00:00,10,440100010001001
FCC.1LUSHUI.PH,2020-11-13 07:00:00,10,440100010001001
FCC.1LUSHUI.PH,2020-11-16 07:00:00,10.1,440100010001001
FCC.1LUSHUI.PH,2020-11-13 07:00:00,10,440100010001001
FCC.1LUSHUI.PH,2020-11-16 07:00:00,10.1,440100010001001
FCC.1LUSHUI.PH,2020-11-16 07:00:00,10.1,440100010001001
FCC.1LUSHUI.PH,2020-11-18 07:00:00,10,440100010001001
FCC.1LUSHUI.PH,2020-11-18 07:00:00,10,440100010001001
FCC.1LUSHUI.PH,2020-11-20 07:00:00,10,440100010001001
FCC.1LUSHUI.PH,2020-11-20 07:00:00,10,440100010001001
FCC.1LUSHUI.PH,2020-11-23 07:00:00,9.9,440100010001001
FCC.1LUSHUI.PH,2020-11-20 07:00:00,10,440100010001001
FCC.1LUSHUI.PH,2020-11-23 07:00:00,9.9,440100010001001
FCC.1LUSHUI.PH,2020-11-25 07:00:00,9.7,440100010001001
FCC.1LUSHUI.PH,2020-11-23 07:00:00,9.9,440100010001001
FCC.1LUSHUI.PH,2020-11-25 07:00:00,9.7,440100010001001
FCC.1LUSHUI.PH,2020-11-27 07:00:00,9.9,440100010001001
FCC.1LUSHUI.PH,2020-11-25 07:00:00,9.7,440100010001001
FCC.1LUSHUI.PH,2020-11-27 07:00:00,9.9,440100010001001
FCC.1LUSHUI.PH,2020-11-30 07:00:00,10.1,440100010001001
FCC.1LUSHUI.PH,2020-11-27 07:00:00,9.9,440100010001001
FCC.1LUSHUI.PH,2020-11-30 07:00:00,10.1,440100010001001
FCC.1LUSHUI.PH,2020-11-30 07:00:00,10.1,440100010001001
FCC.1LUSHUI.PH,2020-12-02 07:00:00,9.9,440100010001001
FCC.1LUSHUI.PH,2020-12-02 07:00:00,9.9,440100010001001
FCC.1LUSHUI.PH,2020-12-04 07:00:00,10,440100010001001
FCC.1LUSHUI.PH,2020-12-04 07:00:00,10,440100010001001
FCC.1LUSHUI.PH,2020-12-07 07:00:00,10,440100010001001
FCC.1LUSHUI.PH,2020-12-04 07:00:00,10,440100010001001
FCC.1LUSHUI.PH,2020-12-07 07:00:00,10,440100010001001
FCC.1LUSHUI.PH,2020-12-09 07:00:00,9.8,440100010001001
FCC.1LUSHUI.PH,2020-12-07 07:00:00,10,440100010001001
FCC.1LUSHUI.PH,2020-12-09 07:00:00,9.8,440100010001001
FCC.1LUSHUI.PH,2020-12-11 07:00:00,9.8,440100010001001
FCC.1LUSHUI.PH,2020-12-09 07:00:00,9.8,440100010001001
FCC.1LUSHUI.PH,2020-12-11 07:00:00,9.8,440100010001001
FCC.1LUSHUI.PH,2020-12-14 07:00:00,10,440100010001001
FCC.1LUSHUI.PH,2020-12-11 07:00:00,9.8,440100010001001
FCC.1LUSHUI.PH,2020-12-14 07:00:00,10,440100010001001
FCC.1LUSHUI.PH,2020-12-14 07:00:00,10,440100010001001
FCC.1LUSHUI.PH,2020-12-16 07:00:00,10.2,440100010001001
FCC.1LUSHUI.PH,2020-12-16 07:00:00,10.2,440100010001001
FCC.1LUSHUI.PH,2020-12-18 07:00:00,10.2,440100010001001
FCC.1LUSHUI.PH,2020-12-18 07:00:00,10.2,440100010001001
FCC.1LUSHUI.PH,2020-12-21 07:00:00,10.2,440100010001001
FCC.1LUSHUI.PH,2020-12-18 07:00:00,10.2,440100010001001
FCC.1LUSHUI.PH,2020-12-21 07:00:00,10.2,440100010001001
FCC.1LUSHUI.PH,2020-12-23 07:00:00,10,440100010001001
FCC.1LUSHUI.PH,2020-12-21 07:00:00,10.2,440100010001001
FCC.1LUSHUI.PH,2020-12-23 07:00:00,10,440100010001001
FCC.1LUSHUI.PH,2020-12-25 07:00:00,10,440100010001001
FCC.1LUSHUI.PH,2020-12-23 07:00:00,10,440100010001001
FCC.1LUSHUI.PH,2020-12-25 07:00:00,10,440100010001001
FCC.1LUSHUI.PH,2020-12-28 07:00:00,10.1,440100010001001
FCC.1LUSHUI.PH,2020-12-25 07:00:00,10,440100010001001
FCC.1LUSHUI.PH,2020-12-28 07:00:00,10.1,440100010001001
FCC.1LUSHUI.PH,2020-12-28 07:00:00,10.1,440100010001001
FCC.1LUSHUI.PH,2020-12-30 07:00:00,9.8,440100010001001
FCC.1LUSHUI.PH,2020-12-30 07:00:00,9.8,440100010001001
FCC.1LUSHUI.PH,2021-01-01 07:00:00,10,440100010001001
FCC.1LUSHUI.PH,2021-01-01 07:00:00,10,440100010001001
FCC.1LUSHUI.PH,2021-01-04 07:00:00,9.8,440100010001001
FCC.1LUSHUI.PH,2021-01-01 07:00:00,10,440100010001001
FCC.1LUSHUI.PH,2021-01-04 07:00:00,9.8,440100010001001
FCC.1LUSHUI.PH,2021-01-06 07:00:00,9.8,440100010001001
FCC.1LUSHUI.PH,2021-01-04 07:00:00,9.8,440100010001001
FCC.1LUSHUI.PH,2021-01-06 07:00:00,9.8,440100010001001
FCC.1LUSHUI.PH,2021-01-08 07:00:00,10.1,440100010001001
FCC.1LUSHUI.PH,2021-01-06 07:00:00,9.8,440100010001001
FCC.1LUSHUI.PH,2021-01-08 07:00:00,10.1,440100010001001
FCC.1LUSHUI.PH,2021-01-11 07:00:00,10.2,440100010001001
FCC.1LUSHUI.PH,2021-01-08 07:00:00,10.1,440100010001001
FCC.1LUSHUI.PH,2021-01-11 07:00:00,10.2,440100010001001
FCC.1LUSHUI.PH,2021-01-11 07:00:00,10.2,440100010001001
FCC.1LUSHUI.PH,2021-01-13 07:00:00,10.2,440100010001001
FCC.1LUSHUI.PH,2021-01-13 07:00:00,10.2,440100010001001
FCC.1LUSHUI.PH,2021-01-15 07:00:00,10,440100010001001
FCC.1LUSHUI.PH,2021-01-15 07:00:00,10,440100010001001
FCC.1LUSHUI.PH,2021-01-18 07:00:00,9.8,440100010001001
FCC.1LUSHUI.PH,2021-01-15 07:00:00,10,440100010001001
FCC.1LUSHUI.PH,2021-01-18 07:00:00,9.8,440100010001001
FCC.1LUSHUI.PH,2021-01-20 07:00:00,9.5,440100010001001
FCC.1LUSHUI.PH,2021-01-18 07:00:00,9.8,440100010001001
FCC.1LUSHUI.PH,2021-01-20 07:00:00,9.5,440100010001001
FCC.1LUSHUI.PH,2021-01-22 07:00:00,9.6,440100010001001
FCC.1LUSHUI.PH,2021-01-20 07:00:00,9.5,440100010001001
FCC.1LUSHUI.PH,2021-01-22 07:00:00,9.6,440100010001001
FCC.1LUSHUI.PH,2021-01-25 07:00:00,9.6,440100010001001
FCC.1LUSHUI.PH,2021-01-22 07:00:00,9.6,440100010001001
FCC.1LUSHUI.PH,2021-01-25 07:00:00,9.6,440100010001001
FCC.1LUSHUI.PH,2021-01-25 07:00:00,9.6,440100010001001
FCC.1LUSHUI.PH,2021-01-27 07:00:00,9.7,440100010001001
FCC.1LUSHUI.PH,2021-01-27 07:00:00,9.7,440100010001001
FCC.1LUSHUI.PH,2021-01-29 07:00:00,9.7,440100010001001
FCC.1LUSHUI.PH,2021-01-29 07:00:00,9.7,440100010001001
FCC.1LUSHUI.PH,2021-02-01 07:00:00,9.5,440100010001001
FCC.1LUSHUI.PH,2021-01-29 07:00:00,9.7,440100010001001
FCC.1LUSHUI.PH,2021-02-01 07:00:00,9.5,440100010001001
FCC.1LUSHUI.PH,2021-02-03 07:00:00,9.7,440100010001001
FCC.1LUSHUI.PH,2021-02-01 07:00:00,9.5,440100010001001
FCC.1LUSHUI.PH,2021-02-03 07:00:00,9.7,440100010001001
FCC.1LUSHUI.PH,2021-02-05 07:00:00,9.8,440100010001001
FCC.1LUSHUI.PH,2021-02-03 07:00:00,9.7,440100010001001
FCC.1LUSHUI.PH,2021-02-05 07:00:00,9.8,440100010001001
FCC.1LUSHUI.PH,2021-02-08 07:00:00,9.7,440100010001001
FCC.1LUSHUI.PH,2021-02-05 07:00:00,9.8,440100010001001
FCC.1LUSHUI.PH,2021-02-08 07:00:00,9.7,440100010001001
FCC.1LUSHUI.PH,2021-02-08 07:00:00,9.7,440100010001001
FCC.1LUSHUI.PH,2021-02-10 07:00:00,9.5,440100010001001
FCC.1LUSHUI.PH,2021-02-10 07:00:00,9.5,440100010001001
FCC.1LUSHUI.PH,2021-02-12 07:00:00,9.9,440100010001001
FCC.1LUSHUI.PH,2021-02-12 07:00:00,9.9,440100010001001
FCC.1LUSHUI.PH,2021-02-15 07:00:00,9.9,440100010001001
FCC.1LUSHUI.PH,2021-02-12 07:00:00,9.9,440100010001001
FCC.1LUSHUI.PH,2021-02-15 07:00:00,9.9,440100010001001
FCC.1LUSHUI.PH,2021-02-17 07:00:00,10,440100010001001
FCC.1LUSHUI.PH,2021-02-15 07:00:00,9.9,440100010001001
FCC.1LUSHUI.PH,2021-02-17 07:00:00,10,440100010001001
FCC.1LUSHUI.PH,2021-02-19 07:00:00,10.1,440100010001001
FCC.1LUSHUI.PH,2021-02-17 07:00:00,10,440100010001001
FCC.1LUSHUI.PH,2021-02-19 07:00:00,10.1,440100010001001
FCC.1LUSHUI.PH,2021-02-22 07:00:00,9.9,440100010001001
FCC.1LUSHUI.PH,2021-02-19 07:00:00,10.1,440100010001001
FCC.1LUSHUI.PH,2021-02-22 07:00:00,9.9,440100010001001
FCC.1LUSHUI.PH,2021-02-22 07:00:00,9.9,440100010001001
FCC.1LUSHUI.PH,2021-02-24 07:00:00,10,440100010001001
FCC.1LUSHUI.PH,2021-02-24 07:00:00,10,440100010001001
FCC.1LUSHUI.PH,2021-02-26 07:00:00,9.9,440100010001001
FCC.1LUSHUI.PH,2021-02-26 07:00:00,9.9,440100010001001
FCC.1LUSHUI.PH,2021-03-01 07:00:00,9.9,440100010001001
FCC.1LUSHUI.PH,2021-02-26 07:00:00,9.9,440100010001001
FCC.1LUSHUI.PH,2021-03-01 07:00:00,9.9,440100010001001
FCC.1LUSHUI.PH,2021-03-03 07:00:00,10,440100010001001
FCC.1LUSHUI.PH,2021-03-01 07:00:00,9.9,440100010001001
FCC.1LUSHUI.PH,2021-03-03 07:00:00,10,440100010001001
FCC.1LUSHUI.PH,2021-03-05 07:00:00,10.2,440100010001001
FCC.1LUSHUI.PH,2021-03-03 07:00:00,10,440100010001001
FCC.1LUSHUI.PH,2021-03-05 07:00:00,10.2,440100010001001
FCC.1LUSHUI.PH,2021-03-08 07:00:00,9.8,440100010001001
FCC.1LUSHUI.PH,2021-03-05 07:00:00,10.2,440100010001001
FCC.1LUSHUI.PH,2021-03-08 07:00:00,9.8,440100010001001
FCC.1LUSHUI.PH,2021-03-08 07:00:00,9.8,440100010001001
FCC.1LUSHUI.PH,2021-03-10 07:00:00,9.6,440100010001001
FCC.1LUSHUI.PH,2021-03-10 07:00:00,9.6,440100010001001
FCC.1LUSHUI.PH,2021-03-12 07:00:00,9.7,440100010001001
FCC.1LUSHUI.PH,2021-03-12 07:00:00,9.7,440100010001001
FCC.1LUSHUI.PH,2021-03-15 07:00:00,9.6,440100010001001
FCC.1LUSHUI.PH,2021-03-12 07:00:00,9.7,440100010001001
FCC.1LUSHUI.PH,2021-03-15 07:00:00,9.6,440100010001001
FCC.1LUSHUI.PH,2021-03-17 07:00:00,9.8,440100010001001
FCC.1LUSHUI.PH,2021-03-15 07:00:00,9.6,440100010001001
FCC.1LUSHUI.PH,2021-03-17 07:00:00,9.8,440100010001001
FCC.1LUSHUI.PH,2021-03-19 07:00:00,9.6,440100010001001
FCC.1LUSHUI.PH,2021-03-17 07:00:00,9.8,440100010001001
FCC.1LUSHUI.PH,2021-03-19 07:00:00,9.6,440100010001001
FCC.1LUSHUI.PH,2021-03-22 07:00:00,10,440100010001001
FCC.1LUSHUI.PH,2021-03-19 07:00:00,9.6,440100010001001
FCC.1LUSHUI.PH,2021-03-22 07:00:00,10,440100010001001
FCC.1LUSHUI.PH,2021-03-22 07:00:00,10,440100010001001
FCC.1LUSHUI.PH,2021-03-24 07:00:00,9.7,440100010001001
FCC.1LUSHUI.PH,2021-03-24 07:00:00,9.7,440100010001001
FCC.1LUSHUI.PH,2021-03-26 07:00:00,9.9,440100010001001
FCC.1LUSHUI.PH,2021-03-26 07:00:00,9.9,440100010001001
FCC.1LUSHUI.PH,2021-03-29 07:00:00,9.6,440100010001001
FCC.1LUSHUI.PH,2021-03-26 07:00:00,9.9,440100010001001
FCC.1LUSHUI.PH,2021-03-29 07:00:00,9.6,440100010001001
FCC.1LUSHUI.PH,2021-03-31 07:00:00,9.6,440100010001001
FCC.1LUSHUI.PH,2021-03-29 07:00:00,9.6,440100010001001
FCC.1LUSHUI.PH,2021-03-31 07:00:00,9.6,440100010001001
FCC.1LUSHUI.PH,2021-04-02 07:00:00,9.9,440100010001001
FCC.1LUSHUI.PH,2021-03-31 07:00:00,9.6,440100010001001
FCC.1LUSHUI.PH,2021-04-02 07:00:00,9.9,440100010001001
FCC.1LUSHUI.PH,2021-04-04 07:00:00,9.8,440100010001001
FCC.1LUSHUI.PH,2021-04-02 07:00:00,9.9,440100010001001
FCC.1LUSHUI.PH,2021-04-04 07:00:00,9.8,440100010001001
FCC.1LUSHUI.PH,2021-04-07 07:00:00,9.7,440100010001001
FCC.1LUSHUI.PH,2021-04-04 07:00:00,9.8,440100010001001
FCC.1LUSHUI.PH,2021-04-07 07:00:00,9.7,440100010001001
FCC.1LUSHUI.PH,2021-04-07 07:00:00,9.7,440100010001001
FCC.1LUSHUI.PH,2021-04-09 07:00:00,9.8,440100010001001
FCC.1LUSHUI.PH,2021-04-09 07:00:00,9.8,440100010001001
FCC.1LUSHUI.PH,2021-04-12 07:00:00,9.9,440100010001001
FCC.1LUSHUI.PH,2021-04-09 07:00:00,9.8,440100010001001
FCC.1LUSHUI.PH,2021-04-12 07:00:00,9.9,440100010001001
FCC.1LUSHUI.PH,2021-04-14 07:00:00,10.2,440100010001001
FCC.1LUSHUI.PH,2021-04-12 07:00:00,9.9,440100010001001
FCC.1LUSHUI.PH,2021-04-14 07:00:00,10.2,440100010001001
FCC.1LUSHUI.PH,2021-04-16 07:00:00,10.2,440100010001001
FCC.1LUSHUI.PH,2021-04-14 07:00:00,10.2,440100010001001
FCC.1LUSHUI.PH,2021-04-16 07:00:00,10.2,440100010001001
FCC.1LUSHUI.PH,2021-04-19 07:00:00,9.9,440100010001001
FCC.1LUSHUI.PH,2021-04-16 07:00:00,10.2,440100010001001
FCC.1LUSHUI.PH,2021-04-19 07:00:00,9.9,440100010001001
FCC.1LUSHUI.PH,2021-04-19 07:00:00,9.9,440100010001001
FCC.1LUSHUI.PH,2021-04-21 07:00:00,10,440100010001001
FCC.1LUSHUI.PH,2021-04-21 07:00:00,10,440100010001001
FCC.1LUSHUI.PH,2021-04-23 07:00:00,10,440100010001001
FCC.1LUSHUI.PH,2021-04-23 07:00:00,10,440100010001001
FCC.1LUSHUI.PH,2021-04-26 07:00:00,10.1,440100010001001
FCC.1LUSHUI.PH,2021-04-23 07:00:00,10,440100010001001
FCC.1LUSHUI.PH,2021-04-26 07:00:00,10.1,440100010001001
FCC.1LUSHUI.PH,2021-04-28 07:00:00,9.8,440100010001001
FCC.1LUSHUI.PH,2021-04-26 07:00:00,10.1,440100010001001
FCC.1LUSHUI.PH,2021-04-28 07:00:00,9.8,440100010001001
FCC.1LUSHUI.PH,2021-04-30 07:00:00,9.9,440100010001001
FCC.1LUSHUI.PH,2021-04-28 07:00:00,9.8,440100010001001
FCC.1LUSHUI.PH,2021-04-30 07:00:00,9.9,440100010001001
FCC.1LUSHUI.PH,2021-05-03 07:00:00,9.9,440100010001001
FCC.1LUSHUI.PH,2021-04-30 07:00:00,9.9,440100010001001
FCC.1LUSHUI.PH,2021-05-03 07:00:00,9.9,440100010001001
FCC.1LUSHUI.PH,2021-05-03 07:00:00,9.9,440100010001001
FCC.1LUSHUI.PH,2021-05-05 07:00:00,9.3,440100010001001
FCC.1LUSHUI.PH,2021-05-05 07:00:00,9.3,440100010001001
FCC.1LUSHUI.PH,2021-05-07 07:00:00,9.9,440100010001001
FCC.1LUSHUI.PH,2021-05-07 07:00:00,9.9,440100010001001
FCC.1LUSHUI.PH,2021-05-10 07:00:00,9.7,440100010001001
FCC.1LUSHUI.PH,2021-05-07 07:00:00,9.9,440100010001001
FCC.1LUSHUI.PH,2021-05-10 07:00:00,9.7,440100010001001
FCC.1LUSHUI.PH,2021-05-12 07:00:00,9.9,440100010001001
FCC.1LUSHUI.PH,2021-05-10 07:00:00,9.7,440100010001001
FCC.1LUSHUI.PH,2021-05-12 07:00:00,9.9,440100010001001
FCC.1LUSHUI.PH,2021-05-14 07:00:00,9.3,440100010001001
FCC.1LUSHUI.PH,2021-05-12 07:00:00,9.9,440100010001001
FCC.1LUSHUI.PH,2021-05-14 07:00:00,9.3,440100010001001
FCC.1LUSHUI.PH,2021-05-17 07:00:00,9.4,440100010001001
FCC.1LUSHUI.PH,2021-05-14 07:00:00,9.3,440100010001001
FCC.1LUSHUI.PH,2021-05-17 07:00:00,9.4,440100010001001
FCC.1LUSHUI.PH,2021-05-17 07:00:00,9.4,440100010001001
FCC.1LUSHUI.PH,2021-05-19 07:00:00,9.7,440100010001001
FCC.1LUSHUI.PH,2021-05-19 07:00:00,9.7,440100010001001
FCC.1LUSHUI.PH,2021-05-21 07:00:00,9.2,440100010001001
FCC.1LUSHUI.PH,2021-05-21 07:00:00,9.2,440100010001001
FCC.1LUSHUI.PH,2021-05-24 07:00:00,9.7,440100010001001
FCC.1LUSHUI.PH,2021-05-21 07:00:00,9.2,440100010001001
FCC.1LUSHUI.PH,2021-05-24 07:00:00,9.7,440100010001001
FCC.1LUSHUI.PH,2021-05-26 07:00:00,9.2,440100010001001
FCC.1LUSHUI.PH,2021-05-24 07:00:00,9.7,440100010001001
FCC.1LUSHUI.PH,2021-05-26 07:00:00,9.2,440100010001001
FCC.1LUSHUI.PH,2021-05-28 07:00:00,9.9,440100010001001
FCC.1LUSHUI.PH,2021-05-26 07:00:00,9.2,440100010001001
FCC.1LUSHUI.PH,2021-05-28 07:00:00,9.9,440100010001001
FCC.1LUSHUI.PH,2021-05-31 07:00:00,9.6,440100010001001
FCC.1LUSHUI.PH,2021-05-28 07:00:00,9.9,440100010001001
FCC.1LUSHUI.PH,2021-05-31 07:00:00,9.6,440100010001001
FCC.1LUSHUI.PH,2021-05-31 07:00:00,9.6,440100010001001
FCC.1LUSHUI.PH,2021-06-02 07:00:00,9,440100010001001
FCC.1LUSHUI.PH,2021-06-02 07:00:00,9,440100010001001
FCC.1LUSHUI.PH,2021-06-04 07:00:00,9.3,440100010001001
FCC.1LUSHUI.PH,2021-06-04 07:00:00,9.3,440100010001001
FCC.1LUSHUI.PH,2021-06-07 07:00:00,9.7,440100010001001
FCC.1LUSHUI.PH,2021-06-04 07:00:00,9.3,440100010001001
FCC.1LUSHUI.PH,2021-06-07 07:00:00,9.7,440100010001001
FCC.1LUSHUI.PH,2021-06-09 07:00:00,9.6,440100010001001
FCC.1LUSHUI.PH,2021-06-07 07:00:00,9.7,440100010001001
FCC.1LUSHUI.PH,2021-06-09 07:00:00,9.6,440100010001001
FCC.1LUSHUI.PH,2021-06-11 07:00:00,9.4,440100010001001
FCC.1LUSHUI.PH,2021-06-09 07:00:00,9.6,440100010001001
FCC.1LUSHUI.PH,2021-06-11 07:00:00,9.4,440100010001001
FCC.1LUSHUI.PH,2021-06-14 07:00:00,9.4,440100010001001
FCC.1LUSHUI.PH,2021-06-11 07:00:00,9.4,440100010001001
FCC.1LUSHUI.PH,2021-06-14 07:00:00,9.4,440100010001001
FCC.1LUSHUI.PH,2021-06-14 07:00:00,9.4,440100010001001
FCC.1LUSHUI.PH,2021-06-16 07:00:00,9,440100010001001
FCC.1LUSHUI.PH,2021-06-16 07:00:00,9,440100010001001
FCC.1LUSHUI.PH,2021-06-18 07:00:00,10.2,440100010001001
FCC.1LUSHUI.PH,2021-06-18 07:00:00,10.2,440100010001001
FCC.1LUSHUI.PH,2021-06-21 07:00:00,9.3,440100010001001
FCC.1LUSHUI.PH,2021-06-18 07:00:00,10.2,440100010001001
FCC.1LUSHUI.PH,2021-06-21 07:00:00,9.3,440100010001001
FCC.1LUSHUI.PH,2021-06-23 07:00:00,9.1,440100010001001
FCC.1LUSHUI.PH,2021-06-21 07:00:00,9.3,440100010001001
FCC.1LUSHUI.PH,2021-06-23 07:00:00,9.1,440100010001001
FCC.1LUSHUI.PH,2021-06-25 07:00:00,9,440100010001001
FCC.1LUSHUI.PH,2021-06-23 07:00:00,9.1,440100010001001
FCC.1LUSHUI.PH,2021-06-25 07:00:00,9,440100010001001
FCC.1LUSHUI.PH,2021-06-28 07:00:00,9.7,440100010001001
FCC.1LUSHUI.PH,2021-06-25 07:00:00,9,440100010001001
FCC.1LUSHUI.PH,2021-06-28 07:00:00,9.7,440100010001001
FCC.1LUSHUI.PH,2021-06-28 07:00:00,9.7,440100010001001
FCC.1LUSHUI.PH,2021-06-30 07:00:00,9.4,440100010001001
FCC.1LUSHUI.PH,2021-06-30 07:00:00,9.4,440100010001001
FCC.1LUSHUI.PH,2021-07-02 07:00:00,9.5,440100010001001
FCC.1LUSHUI.PH,2021-07-02 07:00:00,9.5,440100010001001
FCC.1LUSHUI.PH,2021-07-05 07:00:00,9.4,440100010001001
FCC.1LUSHUI.PH,2021-07-02 07:00:00,9.5,440100010001001
FCC.1LUSHUI.PH,2021-07-05 07:00:00,9.4,440100010001001
FCC.1LUSHUI.PH,2021-07-07 07:00:00,9.3,440100010001001
FCC.1LUSHUI.PH,2021-07-05 07:00:00,9.4,440100010001001
FCC.1LUSHUI.PH,2021-07-07 07:00:00,9.3,440100010001001
FCC.1LUSHUI.PH,2021-07-09 07:00:00,9.5,440100010001001
FCC.1LUSHUI.PH,2021-07-07 07:00:00,9.3,440100010001001
FCC.1LUSHUI.PH,2021-07-09 07:00:00,9.5,440100010001001
FCC.1LUSHUI.PH,2021-07-12 07:00:00,9.8,440100010001001
FCC.1LUSHUI.PH,2021-07-09 07:00:00,9.5,440100010001001
FCC.1LUSHUI.PH,2021-07-12 07:00:00,9.8,440100010001001
FCC.1LUSHUI.PH,2021-07-12 07:00:00,9.8,440100010001001
FCC.1LUSHUI.PH,2021-07-14 07:00:00,10,440100010001001
FCC.1LUSHUI.PH,2021-07-14 07:00:00,10,440100010001001
FCC.1LUSHUI.PH,2021-07-16 07:00:00,9.4,440100010001001
FCC.1LUSHUI.PH,2021-07-16 07:00:00,9.4,440100010001001
FCC.1LUSHUI.PH,2021-07-19 07:00:00,9.4,440100010001001
FCC.1LUSHUI.PH,2021-07-16 07:00:00,9.4,440100010001001
FCC.1LUSHUI.PH,2021-07-19 07:00:00,9.4,440100010001001
FCC.1LUSHUI.PH,2021-07-21 07:00:00,9.3,440100010001001
FCC.1LUSHUI.PH,2021-07-19 07:00:00,9.4,440100010001001
FCC.1LUSHUI.PH,2021-07-21 07:00:00,9.3,440100010001001
FCC.1LUSHUI.PH,2021-07-23 07:00:00,9.6,440100010001001
FCC.1LUSHUI.PH,2021-07-21 07:00:00,9.3,440100010001001
FCC.1LUSHUI.PH,2021-07-23 07:00:00,9.6,440100010001001
FCC.1LUSHUI.PH,2021-07-26 07:00:00,9.3,440100010001001
FCC.1LUSHUI.PH,2021-07-23 07:00:00,9.6,440100010001001
FCC.1LUSHUI.PH,2021-07-26 07:00:00,9.3,440100010001001
FCC.1LUSHUI.PH,2021-07-26 07:00:00,9.3,440100010001001
FCC.1LUSHUI.PH,2021-07-28 07:00:00,9.4,440100010001001
FCC.1LUSHUI.PH,2021-07-28 07:00:00,9.4,440100010001001
FCC.1LUSHUI.PH,2021-07-30 07:00:00,9,440100010001001
FCC.1LUSHUI.PH,2021-07-30 07:00:00,9,440100010001001
FCC.1LUSHUI.PH,2021-08-02 07:00:00,9.2,440100010001001
FCC.1LUSHUI.PH,2021-07-30 07:00:00,9,440100010001001
FCC.1LUSHUI.PH,2021-08-02 07:00:00,9.2,440100010001001
FCC.1LUSHUI.PH,2021-08-04 07:00:00,9,440100010001001
FCC.1LUSHUI.PH,2021-08-02 07:00:00,9.2,440100010001001
FCC.1LUSHUI.PH,2021-08-04 07:00:00,9,440100010001001
FCC.1LUSHUI.PH,2021-08-06 07:00:00,10.2,440100010001001
FCC.1LUSHUI.PH,2021-08-04 07:00:00,9,440100010001001
FCC.1LUSHUI.PH,2021-08-06 07:00:00,10.2,440100010001001
FCC.1LUSHUI.PH,2021-08-09 07:00:00,9.7,440100010001001
FCC.1LUSHUI.PH,2021-08-06 07:00:00,10.2,440100010001001
FCC.1LUSHUI.PH,2021-08-09 07:00:00,9.7,440100010001001
FCC.1LUSHUI.PH,2021-08-09 07:00:00,9.7,440100010001001
FCC.1LUSHUI.PH,2021-08-11 07:00:00,9.4,440100010001001
FCC.1LUSHUI.PH,2021-08-11 07:00:00,9.4,440100010001001
FCC.1LUSHUI.PH,2021-08-13 07:00:00,9.9,440100010001001
FCC.1LUSHUI.PH,2021-08-13 07:00:00,9.9,440100010001001
FCC.1LUSHUI.PH,2021-08-16 07:00:00,9.9,440100010001001
FCC.1LUSHUI.PH,2021-08-13 07:00:00,9.9,440100010001001
FCC.1LUSHUI.PH,2021-08-16 07:00:00,9.9,440100010001001
FCC.1LUSHUI.PH,2021-08-18 07:00:00,9.9,440100010001001
FCC.1LUSHUI.PH,2021-08-16 07:00:00,9.9,440100010001001
FCC.1LUSHUI.PH,2021-08-18 07:00:00,9.9,440100010001001
FCC.1LUSHUI.PH,2021-08-20 07:00:00,9.6,440100010001001
FCC.1LUSHUI.PH,2021-08-18 07:00:00,9.9,440100010001001
FCC.1LUSHUI.PH,2021-08-20 07:00:00,9.6,440100010001001
FCC.1LUSHUI.PH,2021-08-23 07:00:00,9.9,440100010001001
FCC.1LUSHUI.PH,2021-08-20 07:00:00,9.6,440100010001001
FCC.1LUSHUI.PH,2021-08-23 07:00:00,9.9,440100010001001
FCC.1LUSHUI.PH,2021-08-23 07:00:00,9.9,440100010001001
FCC.1LUSHUI.PH,2021-08-25 07:00:00,9.2,440100010001001
FCC.1LUSHUI.PH,2021-08-25 07:00:00,9.2,440100010001001
FCC.1LUSHUI.PH,2021-08-27 07:00:00,9.2,440100010001001
FCC.1LUSHUI.PH,2021-08-27 07:00:00,9.2,440100010001001
FCC.1LUSHUI.PH,2021-08-30 07:00:00,9.2,440100010001001
FCC.1LUSHUI.PH,2021-08-27 07:00:00,9.2,440100010001001
FCC.1LUSHUI.PH,2021-08-30 07:00:00,9.2,440100010001001
FCC.1LUSHUI.PH,2021-09-01 07:00:00,9,440100010001001
FCC.1LUSHUI.PH,2021-08-30 07:00:00,9.2,440100010001001
FCC.1LUSHUI.PH,2021-09-01 07:00:00,9,440100010001001
FCC.1LUSHUI.PH,2021-09-03 07:00:00,9,440100010001001
FCC.1LUSHUI.PH,2021-09-01 07:00:00,9,440100010001001
FCC.1LUSHUI.PH,2021-09-03 07:00:00,9,440100010001001
FCC.1LUSHUI.PH,2021-09-06 07:00:00,9.4,440100010001001
FCC.1LUSHUI.PH,2021-09-03 07:00:00,9,440100010001001
FCC.1LUSHUI.PH,2021-09-06 07:00:00,9.4,440100010001001
FCC.1LUSHUI.PH,2021-09-06 07:00:00,9.4,440100010001001
FCC.1LUSHUI.PH,2021-09-08 07:00:00,9.4,440100010001001
FCC.1LUSHUI.PH,2021-09-08 07:00:00,9.4,440100010001001
FCC.1LUSHUI.PH,2021-09-10 07:00:00,9,440100010001001
FCC.1LUSHUI.PH,2021-09-10 07:00:00,9,440100010001001
FCC.1LUSHUI.PH,2021-09-13 07:00:00,9,440100010001001
FCC.1LUSHUI.PH,2021-09-10 07:00:00,9,440100010001001
FCC.1LUSHUI.PH,2021-09-13 07:00:00,9,440100010001001
FCC.1LUSHUI.PH,2021-09-15 07:00:00,9,440100010001001
FCC.1LUSHUI.PH,2021-09-13 07:00:00,9,440100010001001
FCC.1LUSHUI.PH,2021-09-15 07:00:00,9,440100010001001
FCC.1LUSHUI.PH,2021-09-17 07:00:00,9.7,440100010001001
FCC.1LUSHUI.PH,2021-09-15 07:00:00,9,440100010001001
FCC.1LUSHUI.PH,2021-09-17 07:00:00,9.7,440100010001001
FCC.1LUSHUI.PH,2021-09-20 07:00:00,9,440100010001001
FCC.1LUSHUI.PH,2021-09-17 07:00:00,9.7,440100010001001
FCC.1LUSHUI.PH,2021-09-20 07:00:00,9,440100010001001
FCC.1LUSHUI.PH,2021-09-20 07:00:00,9,440100010001001
FCC.1LUSHUI.PH,2021-09-22 07:00:00,10.1,440100010001001
FCC.1LUSHUI.PH,2021-09-22 07:00:00,10.1,440100010001001
FCC.1LUSHUI.PH,2021-09-24 07:00:00,9.2,440100010001001
FCC.1LUSHUI.PH,2021-09-24 07:00:00,9.2,440100010001001
FCC.1LUSHUI.PH,2021-09-27 07:00:00,10.6,440100010001001
FCC.1LUSHUI.PH,2021-09-24 07:00:00,9.2,440100010001001
FCC.1LUSHUI.PH,2021-09-27 07:00:00,10.6,440100010001001
FCC.1LUSHUI.PH,2021-09-29 07:00:00,9.3,440100010001001
FCC.1LUSHUI.PH,2021-09-27 07:00:00,10.6,440100010001001
FCC.1LUSHUI.PH,2021-09-29 07:00:00,9.3,440100010001001
FCC.1LUSHUI.PH,2021-10-01 07:00:00,9,440100010001001
FCC.1LUSHUI.PH,2021-09-29 07:00:00,9.3,440100010001001
FCC.1LUSHUI.PH,2021-10-01 07:00:00,9,440100010001001
FCC.1LUSHUI.PH,2021-10-02 07:00:00,9.5,440100010001001
FCC.1LUSHUI.PH,2021-10-02 07:00:00,9.5,440100010001001
FCC.1LUSHUI.PH,2021-10-06 07:00:00,9.5,440100010001001
FCC.1LUSHUI.PH,2021-10-02 07:00:00,9.5,440100010001001
FCC.1LUSHUI.PH,2021-10-06 07:00:00,9.5,440100010001001
FCC.1LUSHUI.PH,2021-10-06 07:00:00,9.5,440100010001001
FCC.1LUSHUI.PH,2021-10-08 07:00:00,10.1,440100010001001
FCC.1LUSHUI.PH,2021-10-08 07:00:00,10.1,440100010001001
FCC.1LUSHUI.PH,2021-10-11 07:00:00,10.4,440100010001001
FCC.1LUSHUI.PH,2021-10-08 07:00:00,10.1,440100010001001
FCC.1LUSHUI.PH,2021-10-11 07:00:00,10.4,440100010001001
FCC.1LUSHUI.PH,2021-10-13 07:00:00,10.2,440100010001001
FCC.1LUSHUI.PH,2021-10-11 07:00:00,10.4,440100010001001
FCC.1LUSHUI.PH,2021-10-13 07:00:00,10.2,440100010001001
FCC.1LUSHUI.PH,2021-10-15 07:00:00,11,440100010001001
FCC.1LUSHUI.PH,2021-10-13 07:00:00,10.2,440100010001001
FCC.1LUSHUI.PH,2021-10-15 07:00:00,11,440100010001001
FCC.1LUSHUI.PH,2021-10-18 07:00:00,9.9,440100010001001
FCC.1LUSHUI.PH,2021-10-15 07:00:00,11,440100010001001
FCC.1LUSHUI.PH,2021-10-18 07:00:00,9.9,440100010001001
FCC.1LUSHUI.PH,2021-10-18 07:00:00,9.9,440100010001001
FCC.1LUSHUI.PH,2021-10-20 07:00:00,9,440100010001001
FCC.1LUSHUI.PH,2021-10-20 07:00:00,9,440100010001001
FCC.1LUSHUI.PH,2021-10-22 07:00:00,10.4,440100010001001
FCC.1LUSHUI.PH,2021-10-22 07:00:00,10.4,440100010001001
FCC.1LUSHUI.PH,2021-10-25 07:00:00,10.4,440100010001001
FCC.1LUSHUI.PH,2021-10-22 07:00:00,10.4,440100010001001
FCC.1LUSHUI.PH,2021-10-25 07:00:00,10.4,440100010001001
FCC.1LUSHUI.PH,2021-10-27 07:00:00,11,440100010001001
FCC.1LUSHUI.PH,2021-10-25 07:00:00,10.4,440100010001001
FCC.1LUSHUI.PH,2021-10-27 07:00:00,11,440100010001001
FCC.1LUSHUI.PH,2021-10-29 07:00:00,9.9,440100010001001
FCC.1LUSHUI.PH,2021-10-27 07:00:00,11,440100010001001
FCC.1LUSHUI.PH,2021-10-29 07:00:00,9.9,440100010001001
FCC.1LUSHUI.PH,2021-11-01 07:00:00,10.4,440100010001001
FCC.1LUSHUI.PH,2021-10-29 07:00:00,9.9,440100010001001
FCC.1LUSHUI.PH,2021-11-01 07:00:00,10.4,440100010001001
FCC.1LUSHUI.PH,2021-11-01 07:00:00,10.4,440100010001001
FCC.1LUSHUI.PH,2021-11-03 07:00:00,10.5,440100010001001
FCC.1LUSHUI.PH,2021-11-03 07:00:00,10.5,440100010001001
FCC.1LUSHUI.PH,2021-11-05 07:00:00,9,440100010001001
FCC.1LUSHUI.PH,2021-11-05 07:00:00,9,440100010001001
FCC.1LUSHUI.PH,2021-11-08 07:00:00,10.4,440100010001001
FCC.1LUSHUI.PH,2021-11-05 07:00:00,9,440100010001001
FCC.1LUSHUI.PH,2021-11-08 07:00:00,10.4,440100010001001
FCC.1LUSHUI.PH,2021-11-10 07:00:00,9.8,440100010001001
FCC.1LUSHUI.PH,2021-11-08 07:00:00,10.4,440100010001001
FCC.1LUSHUI.PH,2021-11-10 07:00:00,9.8,440100010001001
FCC.1LUSHUI.PH,2021-11-12 07:00:00,11,440100010001001
FCC.1LUSHUI.PH,2021-11-10 07:00:00,9.8,440100010001001
FCC.1LUSHUI.PH,2021-11-12 07:00:00,11,440100010001001
FCC.1LUSHUI.PH,2021-11-15 07:00:00,9.1,440100010001001
FCC.1LUSHUI.PH,2021-11-12 07:00:00,11,440100010001001
FCC.1LUSHUI.PH,2021-11-15 07:00:00,9.1,440100010001001
FCC.1LUSHUI.PH,2021-11-15 07:00:00,9.1,440100010001001
FCC.1LUSHUI.PH,2021-11-17 07:00:00,10.4,440100010001001
FCC.1LUSHUI.PH,2021-11-17 07:00:00,10.4,440100010001001
FCC.1LUSHUI.PH,2021-11-19 07:00:00,10.4,440100010001001
FCC.1LUSHUI.PH,2021-11-19 07:00:00,10.4,440100010001001
FCC.1LUSHUI.PH,2021-11-22 07:00:00,11,440100010001001
FCC.1LUSHUI.PH,2021-11-19 07:00:00,10.4,440100010001001
FCC.1LUSHUI.PH,2021-11-22 07:00:00,11,440100010001001
FCC.1LUSHUI.PH,2021-11-24 07:00:00,10.9,440100010001001
FCC.1LUSHUI.PH,2021-11-22 07:00:00,11,440100010001001
FCC.1LUSHUI.PH,2021-11-24 07:00:00,10.9,440100010001001
FCC.1LUSHUI.PH,2021-11-26 07:00:00,10.1,440100010001001
FCC.1LUSHUI.PH,2021-11-24 07:00:00,10.9,440100010001001
FCC.1LUSHUI.PH,2021-11-26 07:00:00,10.1,440100010001001
FCC.1LUSHUI.PH,2021-11-29 07:00:00,10.3,440100010001001
FCC.1LUSHUI.PH,2021-11-26 07:00:00,10.1,440100010001001
FCC.1LUSHUI.PH,2021-11-29 07:00:00,10.3,440100010001001
FCC.1LUSHUI.PH,2021-11-29 07:00:00,10.3,440100010001001
FCC.1LUSHUI.PH,2021-12-01 07:00:00,10.6,440100010001001
FCC.1LUSHUI.PH,2021-12-01 07:00:00,10.6,440100010001001
FCC.1LUSHUI.PH,2021-12-03 07:00:00,10.5,440100010001001
FCC.1LUSHUI.PH,2021-12-03 07:00:00,10.5,440100010001001
FCC.1LUSHUI.PH,2021-12-06 07:00:00,10,440100010001001
FCC.1LUSHUI.PH,2021-12-03 07:00:00,10.5,440100010001001
FCC.1LUSHUI.PH,2021-12-06 07:00:00,10,440100010001001
FCC.1LUSHUI.PH,2021-12-08 07:00:00,9.6,440100010001001
FCC.1LUSHUI.PH,2021-12-06 07:00:00,10,440100010001001
FCC.1LUSHUI.PH,2021-12-08 07:00:00,9.6,440100010001001
FCC.1LUSHUI.PH,2021-12-10 07:00:00,9.9,440100010001001
FCC.1LUSHUI.PH,2021-12-08 07:00:00,9.6,440100010001001
FCC.1LUSHUI.PH,2021-12-10 07:00:00,9.9,440100010001001
FCC.1LUSHUI.PH,2021-12-13 07:00:00,10.4,440100010001001
FCC.1LUSHUI.PH,2021-12-10 07:00:00,9.9,440100010001001
FCC.1LUSHUI.PH,2021-12-13 07:00:00,10.4,440100010001001
FCC.1LUSHUI.PH,2021-12-13 07:00:00,10.4,440100010001001
FCC.1LUSHUI.PH,2021-12-15 07:00:00,11,440100010001001
FCC.1LUSHUI.PH,2021-12-15 07:00:00,11,440100010001001
FCC.1LUSHUI.PH,2021-12-17 07:00:00,10.8,440100010001001
FCC.1LUSHUI.PH,2021-12-17 07:00:00,10.8,440100010001001
FCC.1LUSHUI.PH,2021-12-20 07:00:00,10.8,440100010001001
FCC.1LUSHUI.PH,2021-12-17 07:00:00,10.8,440100010001001
FCC.1LUSHUI.PH,2021-12-20 07:00:00,10.8,440100010001001
FCC.1LUSHUI.PH,2021-12-22 07:00:00,10.6,440100010001001
FCC.1LUSHUI.PH,2021-12-20 07:00:00,10.8,440100010001001
FCC.1LUSHUI.PH,2021-12-22 07:00:00,10.6,440100010001001
FCC.1LUSHUI.PH,2021-12-24 07:00:00,10.6,440100010001001
FCC.1LUSHUI.PH,2021-12-22 07:00:00,10.6,440100010001001
FCC.1LUSHUI.PH,2021-12-24 07:00:00,10.6,440100010001001
FCC.1LUSHUI.PH,2021-12-27 07:00:00,10.6,440100010001001
FCC.1LUSHUI.PH,2021-12-24 07:00:00,10.6,440100010001001
FCC.1LUSHUI.PH,2021-12-27 07:00:00,10.6,440100010001001
FCC.1LUSHUI.PH,2021-12-27 07:00:00,10.6,440100010001001
FCC.1LUSHUI.PH,2021-12-29 07:00:00,10.5,440100010001001
FCC.1LUSHUI.PH,2021-12-29 07:00:00,10.5,440100010001001
FCC.1LUSHUI.PH,2021-12-31 07:00:00,9,440100010001001
FCC.1LUSHUI.PH,2021-12-31 07:00:00,9,440100010001001
FCC.1LUSHUI.PH,2022-01-03 07:00:00,9.8,440100010001001
FCC.1LUSHUI.PH,2021-12-31 07:00:00,9,440100010001001
FCC.1LUSHUI.PH,2022-01-03 07:00:00,9.8,440100010001001
FCC.1LUSHUI.PH,2022-01-05 07:00:00,10,440100010001001
FCC.1LUSHUI.PH,2022-01-03 07:00:00,9.8,440100010001001
FCC.1LUSHUI.PH,2022-01-05 07:00:00,10,440100010001001
FCC.1LUSHUI.PH,2022-01-07 07:00:00,9.8,440100010001001
FCC.1LUSHUI.PH,2022-01-05 07:00:00,10,440100010001001
FCC.1LUSHUI.PH,2022-01-07 07:00:00,9.8,440100010001001
FCC.1LUSHUI.PH,2022-01-10 07:00:00,10.3,440100010001001
FCC.1LUSHUI.PH,2022-01-07 07:00:00,9.8,440100010001001
FCC.1LUSHUI.PH,2022-01-10 07:00:00,10.3,440100010001001
FCC.1LUSHUI.PH,2022-01-10 07:00:00,10.3,440100010001001
FCC.1LUSHUI.PH,2022-01-12 07:00:00,10.7,440100010001001
FCC.1LUSHUI.PH,2022-01-12 07:00:00,10.7,440100010001001
FCC.1LUSHUI.PH,2022-01-14 07:00:00,10.4,440100010001001
FCC.1LUSHUI.PH,2022-01-14 07:00:00,10.4,440100010001001
FCC.1LUSHUI.PH,2022-01-17 07:00:00,10,440100010001001
FCC.1LUSHUI.PH,2022-01-14 07:00:00,10.4,440100010001001
FCC.1LUSHUI.PH,2022-01-17 07:00:00,10,440100010001001
FCC.1LUSHUI.PH,2022-01-19 07:00:00,9.4,440100010001001
FCC.1LUSHUI.PH,2022-01-17 07:00:00,10,440100010001001
FCC.1LUSHUI.PH,2022-01-19 07:00:00,9.4,440100010001001
FCC.1LUSHUI.PH,2022-01-21 07:00:00,9.7,440100010001001
FCC.1LUSHUI.PH,2022-01-19 07:00:00,9.4,440100010001001
FCC.1LUSHUI.PH,2022-01-21 07:00:00,9.7,440100010001001
FCC.1LUSHUI.PH,2022-01-24 07:00:00,9.3,440100010001001
FCC.1LUSHUI.PH,2022-01-21 07:00:00,9.7,440100010001001
FCC.1LUSHUI.PH,2022-01-24 07:00:00,9.3,440100010001001
FCC.1LUSHUI.PH,2022-01-24 07:00:00,9.3,440100010001001
FCC.1LUSHUI.PH,2022-01-26 07:00:00,10.7,440100010001001
FCC.1LUSHUI.PH,2022-01-26 07:00:00,10.7,440100010001001
FCC.1LUSHUI.PH,2022-01-28 07:00:00,11,440100010001001
FCC.1LUSHUI.PH,2022-01-28 07:00:00,11,440100010001001
FCC.1LUSHUI.PH,2022-01-31 07:00:00,10.8,440100010001001
FCC.1LUSHUI.PH,2022-01-28 07:00:00,11,440100010001001
FCC.1LUSHUI.PH,2022-01-31 07:00:00,10.8,440100010001001
FCC.1LUSHUI.PH,2022-02-02 07:00:00,10.7,440100010001001
FCC.1LUSHUI.PH,2022-01-31 07:00:00,10.8,440100010001001
FCC.1LUSHUI.PH,2022-02-02 07:00:00,10.7,440100010001001
FCC.1LUSHUI.PH,2022-02-04 07:00:00,9.7,440100010001001
FCC.1LUSHUI.PH,2022-02-02 07:00:00,10.7,440100010001001
FCC.1LUSHUI.PH,2022-02-04 07:00:00,9.7,440100010001001
FCC.1LUSHUI.PH,2022-02-07 07:00:00,10.2,440100010001001
FCC.1LUSHUI.PH,2022-02-04 07:00:00,9.7,440100010001001
FCC.1LUSHUI.PH,2022-02-07 07:00:00,10.2,440100010001001
FCC.1LUSHUI.PH,2022-02-07 07:00:00,10.2,440100010001001
FCC.1LUSHUI.PH,2022-02-09 07:00:00,10.2,440100010001001
FCC.1LUSHUI.PH,2022-02-09 07:00:00,10.2,440100010001001
FCC.1LUSHUI.PH,2022-02-11 07:00:00,9.8,440100010001001
FCC.1LUSHUI.PH,2022-02-11 07:00:00,9.8,440100010001001
FCC.1LUSHUI.PH,2022-02-14 07:00:00,10.4,440100010001001
FCC.1LUSHUI.PH,2022-02-11 07:00:00,9.8,440100010001001
FCC.1LUSHUI.PH,2022-02-14 07:00:00,10.4,440100010001001
FCC.1LUSHUI.PH,2022-02-16 07:00:00,10.4,440100010001001
FCC.1LUSHUI.PH,2022-02-14 07:00:00,10.4,440100010001001
FCC.1LUSHUI.PH,2022-02-16 07:00:00,10.4,440100010001001
FCC.1LUSHUI.PH,2022-02-18 07:00:00,9.4,440100010001001
FCC.1LUSHUI.PH,2022-02-16 07:00:00,10.4,440100010001001
FCC.1LUSHUI.PH,2022-02-18 07:00:00,9.4,440100010001001
FCC.1LUSHUI.PH,2022-02-21 07:00:00,10,440100010001001
FCC.1LUSHUI.PH,2022-02-18 07:00:00,9.4,440100010001001
FCC.1LUSHUI.PH,2022-02-21 07:00:00,10,440100010001001
FCC.1LUSHUI.PH,2022-02-21 07:00:00,10,440100010001001
FCC.1LUSHUI.PH,2022-02-23 07:00:00,9.4,440100010001001
FCC.1LUSHUI.PH,2022-02-23 07:00:00,9.4,440100010001001
FCC.1LUSHUI.PH,2022-02-25 07:00:00,9.4,440100010001001
FCC.1LUSHUI.PH,2022-02-25 07:00:00,9.4,440100010001001
FCC.1LUSHUI.PH,2022-02-28 07:00:00,9,440100010001001
FCC.1LUSHUI.PH,2022-02-25 07:00:00,9.4,440100010001001
FCC.1LUSHUI.PH,2022-02-28 07:00:00,9,440100010001001
FCC.1LUSHUI.PH,2022-03-02 07:00:00,10.9,440100010001001
FCC.1LUSHUI.PH,2022-02-28 07:00:00,9,440100010001001
FCC.1LUSHUI.PH,2022-03-02 07:00:00,10.9,440100010001001
FCC.1LUSHUI.PH,2022-03-04 07:00:00,10.4,440100010001001
FCC.1LUSHUI.PH,2022-03-02 07:00:00,10.9,440100010001001
FCC.1LUSHUI.PH,2022-03-04 07:00:00,10.4,440100010001001
FCC.1LUSHUI.PH,2022-03-07 07:00:00,9,440100010001001
FCC.1LUSHUI.PH,2022-03-04 07:00:00,10.4,440100010001001
FCC.1LUSHUI.PH,2022-03-07 07:00:00,9,440100010001001
FCC.1LUSHUI.PH,2022-03-07 07:00:00,9,440100010001001
FCC.1LUSHUI.PH,2022-03-09 07:00:00,11,440100010001001
FCC.1LUSHUI.PH,2022-03-09 07:00:00,11,440100010001001
FCC.1LUSHUI.PH,2022-03-11 07:00:00,9.8,440100010001001
FCC.1LUSHUI.PH,2022-03-11 07:00:00,9.8,440100010001001
FCC.1LUSHUI.PH,2022-03-14 07:00:00,10.2,440100010001001
FCC.1LUSHUI.PH,2022-03-11 07:00:00,9.8,440100010001001
FCC.1LUSHUI.PH,2022-03-14 07:00:00,10.2,440100010001001
FCC.1LUSHUI.PH,2022-03-16 07:00:00,10.7,440100010001001
FCC.1LUSHUI.PH,2022-03-14 07:00:00,10.2,440100010001001
FCC.1LUSHUI.PH,2022-03-16 07:00:00,10.7,440100010001001
FCC.1LUSHUI.PH,2022-03-18 07:00:00,10.1,440100010001001
FCC.1LUSHUI.PH,2022-03-16 07:00:00,10.7,440100010001001
FCC.1LUSHUI.PH,2022-03-18 07:00:00,10.1,440100010001001
FCC.1LUSHUI.PH,2022-03-21 07:00:00,9.2,440100010001001
FCC.1LUSHUI.PH,2022-03-18 07:00:00,10.1,440100010001001
FCC.1LUSHUI.PH,2022-03-21 07:00:00,9.2,440100010001001
FCC.1LUSHUI.PH,2022-03-21 07:00:00,9.2,440100010001001
FCC.1LUSHUI.PH,2022-03-23 07:00:00,9.8,440100010001001
FCC.1LUSHUI.PH,2022-03-23 07:00:00,9.8,440100010001001
FCC.1LUSHUI.PH,2022-03-25 07:00:00,10.4,440100010001001
FCC.1LUSHUI.PH,2022-03-25 07:00:00,10.4,440100010001001
FCC.1LUSHUI.PH,2022-03-28 07:00:00,9.7,440100010001001
FCC.1LUSHUI.PH,2022-03-25 07:00:00,10.4,440100010001001
FCC.1LUSHUI.PH,2022-03-28 07:00:00,9.7,440100010001001
FCC.1LUSHUI.PH,2022-03-30 07:00:00,9,440100010001001
FCC.1LUSHUI.PH,2022-03-28 07:00:00,9.7,440100010001001
FCC.1LUSHUI.PH,2022-03-30 07:00:00,9,440100010001001
FCC.1LUSHUI.PH,2022-04-01 07:00:00,11,440100010001001
FCC.1LUSHUI.PH,2022-03-30 07:00:00,9,440100010001001
FCC.1LUSHUI.PH,2022-04-01 07:00:00,11,440100010001001
FCC.1LUSHUI.PH,2022-04-04 07:00:00,11,440100010001001
FCC.1LUSHUI.PH,2022-04-01 07:00:00,11,440100010001001
FCC.1LUSHUI.PH,2022-04-04 07:00:00,11,440100010001001
FCC.1LUSHUI.PH,2022-04-04 07:00:00,11,440100010001001
FCC.1LUSHUI.PH,2022-04-06 07:00:00,11,440100010001001
FCC.1LUSHUI.PH,2022-04-06 07:00:00,11,440100010001001
FCC.1LUSHUI.PH,2022-04-08 07:00:00,10.7,440100010001001
FCC.1LUSHUI.PH,2022-04-08 07:00:00,10.7,440100010001001
FCC.1LUSHUI.PH,2022-04-11 07:00:00,11,440100010001001
FCC.1LUSHUI.PH,2022-04-08 07:00:00,10.7,440100010001001
FCC.1LUSHUI.PH,2022-04-11 07:00:00,11,440100010001001
FCC.1LUSHUI.PH,2022-04-13 07:00:00,11,440100010001001
FCC.1LUSHUI.PH,2022-04-11 07:00:00,11,440100010001001
FCC.1LUSHUI.PH,2022-04-13 07:00:00,11,440100010001001
FCC.1LUSHUI.PH,2022-04-15 07:00:00,11,440100010001001
FCC.1LUSHUI.PH,2022-04-13 07:00:00,11,440100010001001
FCC.1LUSHUI.PH,2022-04-15 07:00:00,11,440100010001001
FCC.1LUSHUI.PH,2022-04-18 07:00:00,10.8,440100010001001
FCC.1LUSHUI.PH,2022-04-15 07:00:00,11,440100010001001
FCC.1LUSHUI.PH,2022-04-18 07:00:00,10.8,440100010001001
FCC.1LUSHUI.PH,2022-04-18 07:00:00,10.8,440100010001001
FCC.1LUSHUI.PH,2022-04-20 07:00:00,11,440100010001001
FCC.1LUSHUI.PH,2022-04-20 07:00:00,11,440100010001001
FCC.1LUSHUI.PH,2022-04-22 07:00:00,10.8,440100010001001
FCC.1LUSHUI.PH,2022-04-22 07:00:00,10.8,440100010001001
FCC.1LUSHUI.PH,2022-04-25 07:00:00,9.8,440100010001001
FCC.1LUSHUI.PH,2022-04-22 07:00:00,10.8,440100010001001
FCC.1LUSHUI.PH,2022-04-25 07:00:00,9.8,440100010001001
FCC.1LUSHUI.PH,2022-04-27 07:00:00,10.5,440100010001001
FCC.1LUSHUI.PH,2022-04-25 07:00:00,9.8,440100010001001
FCC.1LUSHUI.PH,2022-04-27 07:00:00,10.5,440100010001001
FCC.1LUSHUI.PH,2022-04-29 07:00:00,10,440100010001001
FCC.1LUSHUI.PH,2022-04-27 07:00:00,10.5,440100010001001
FCC.1LUSHUI.PH,2022-04-29 07:00:00,10,440100010001001
FCC.1LUSHUI.PH,2022-05-02 07:00:00,10.2,440100010001001
FCC.1LUSHUI.PH,2022-04-29 07:00:00,10,440100010001001
FCC.1LUSHUI.PH,2022-05-02 07:00:00,10.2,440100010001001
FCC.1LUSHUI.PH,2022-05-02 07:00:00,10.2,440100010001001
FCC.1LUSHUI.PH,2022-05-04 07:00:00,9.9,440100010001001
FCC.1LUSHUI.PH,2022-05-04 07:00:00,9.9,440100010001001
FCC.1LUSHUI.PH,2022-05-06 07:00:00,9,440100010001001
FCC.1LUSHUI.PH,2022-05-06 07:00:00,9,440100010001001
FCC.1LUSHUI.PH,2022-05-09 07:00:00,10.2,440100010001001
FCC.1LUSHUI.PH,2022-05-06 07:00:00,9,440100010001001
FCC.1LUSHUI.PH,2022-05-09 07:00:00,10.2,440100010001001
FCC.1LUSHUI.PH,2022-05-11 07:00:00,10,440100010001001
FCC.1LUSHUI.PH,2022-05-09 07:00:00,10.2,440100010001001
FCC.1LUSHUI.PH,2022-05-11 07:00:00,10,440100010001001
FCC.1LUSHUI.PH,2022-05-13 07:00:00,10.9,440100010001001
FCC.1LUSHUI.PH,2022-05-11 07:00:00,10,440100010001001
FCC.1LUSHUI.PH,2022-05-13 07:00:00,10.9,440100010001001
FCC.1LUSHUI.PH,2022-05-16 07:00:00,10.4,440100010001001
FCC.1LUSHUI.PH,2022-05-13 07:00:00,10.9,440100010001001
FCC.1LUSHUI.PH,2022-05-16 07:00:00,10.4,440100010001001
FCC.1LUSHUI.PH,2022-05-16 07:00:00,10.4,440100010001001
FCC.1LUSHUI.PH,2022-05-18 07:00:00,10.2,440100010001001
FCC.1LUSHUI.PH,2022-05-18 07:00:00,10.2,440100010001001
FCC.1LUSHUI.PH,2022-05-20 07:00:00,9.9,440100010001001
